Date,Activity,Activity type,Unit,Amount executed
2025-01-07,Walling,Building,m2,4003.4114925685776
2025-04-02,Terrain leveling,Building,m3,1183.2323929173954
2025-06-18,Coat preparation,Road,L,3211.852943919705
2025-09-07,Ballast,Railway,m3,1461.1174777547449
2025-11-24,Coat preparation,Road,L,782.8397264401705
2025-04-04,Anchorage,Railway,m2,4348.392705533949
2025-08-14,Pavement,Road,m2,2092.6911228535323
2025-07-17,Anchorage,Railway,m2,2967.786392304509
2025-12-17,Rolling/Tractor,Road,m2,122.63890530203658
2025-05-07,Foundation pouring,Building,m3,3313.527811037265
2025-08-04,Ballast,Railway,m3,2625.731834275521
2025-03-23,Ballast,Railway,m3,3076.1901483642746
2025-08-22,Pavement,Road,m2,2849.9096780292743
2025-07-02,Laying steel rail,Railway,m,957.804128852619
2025-12-23,Terrain leveling,Building,m3,707.513126698146
2025-04-06,Subbase application,Road,m2,4776.132821333043
2025-10-26,Pavement,Road,m2,583.6559704415961
2025-02-19,Cement making,Building,m3,18.454667287996497
2025-08-24,Walling,Building,m2,4109.768116271368
2025-03-13,Removing trees,Building,m2,919.570853156288
2025-02-28,Laying steel rail,Railway,m,867.0825918180508
2025-06-29,Laying steel rail,Railway,m,896.0834173811184
2025-12-06,Walling,Building,m2,1097.6046235005215
2025-01-20,Anchorage,Railway,m2,481.1871145420254
2025-05-04,Ballast,Railway,m3,1603.7719878663227
2025-07-21,Ballast,Railway,m3,2155.0777349245877
2025-10-08,Pavement,Road,m2,426.07311800668845
2025-09-26,Rolling/Tractor,Road,m2,3461.2612992293425
2025-08-04,Rolling/Tractor,Road,m2,1960.6740750044517
2025-03-09,Coat preparation,Road,L,2016.0931736643772
2025-05-17,Subbase application,Road,m2,573.8569363039237
2025-12-14,Laying steel rail,Railway,m,2857.197922256793
2025-12-15,Walling,Building,m2,1690.881775035793
2025-07-29,Foundation pouring,Building,m3,607.3075723499849
2025-11-25,Foundation pouring,Building,m3,784.7333379792437
2025-01-07,Rolling/Tractor,Road,m2,4146.675983186189
2025-05-07,Removing trees,Building,m2,1712.9535418794462
2025-07-01,Removing trees,Building,m2,1554.6100594317302
2025-03-20,Pavement,Road,m2,4793.117548602914
2025-11-24,Iron mining,Railway,m3,4585.731898571112
2025-07-27,Removing trees,Building,m2,761.0832054873379
2025-07-23,Walling,Building,m2,2648.124184946489
2025-07-05,Walling,Building,m2,9.416291307649537
2025-02-23,Terrain leveling,Building,m3,1329.1939107335738
2025-01-14,Walling,Building,m2,991.7067779297389
2025-10-17,Walling,Building,m2,3823.4366914872485
2025-05-03,Iron mining,Railway,m3,434.0807196222857
2025-07-27,Pavement,Road,m2,3928.734184250734
2025-10-18,Removing trees,Building,m2,4597.175919898163
2025-10-10,Terrain leveling,Building,m3,1540.6311099088382
2025-01-02,Terrain leveling,Building,m3,656.1635905199387
2025-06-12,Terrain leveling,Building,m3,3155.407245972353
2025-03-09,Walling,Building,m2,3735.9135606692607
2025-02-18,Removing trees,Building,m2,1832.7029716583415
2025-02-08,Foundation pouring,Building,m3,972.8490530161638
2025-08-22,Coat preparation,Road,L,4328.896211069585
2025-02-04,Rolling/Tractor,Road,m2,2441.0109198477085
2025-09-05,Pavement,Road,m2,4827.158658653927
2025-05-16,Walling,Building,m2,4940.837809203379
2025-05-09,Cement making,Building,m3,4414.787417748863
2025-07-25,Coat preparation,Road,L,1615.5100566480307
2025-06-10,Laying steel rail,Railway,m,1420.576339748888
2025-07-30,Laying steel rail,Railway,m,538.6337686886305
2025-04-03,Terrain leveling,Building,m3,3074.04890557114
2025-01-18,Coat preparation,Road,L,1762.6577928098448
2025-08-05,Terrain leveling,Building,m3,3005.6358895724634
2025-10-24,Laying steel rail,Railway,m,4580.693644244948
2025-07-14,Cement making,Building,m3,3615.4855782804084
2025-03-05,Removing trees,Building,m2,2733.204540620539
2025-12-24,Removing trees,Building,m2,2713.5992649767077
2025-10-16,Subbase application,Road,m2,2080.0633832146214
2025-12-13,Pavement,Road,m2,412.30043195528475
2025-08-29,Anchorage,Railway,m2,499.36088038507074
2025-11-10,Terrain leveling,Building,m3,1542.4491143749458
2025-05-14,Subbase application,Road,m2,2905.5410052918583
2025-01-04,Rolling/Tractor,Road,m2,4797.987606149692
2025-04-13,Coat preparation,Road,L,2786.314926976433
2025-09-30,Iron mining,Railway,m3,4991.8734275887255
2025-10-24,Pavement,Road,m2,2322.5685113095424
2025-07-11,Cement making,Building,m3,1754.638451981258
2025-07-18,Anchorage,Railway,m2,3307.2505050029745
2025-08-31,Iron mining,Railway,m3,421.0052069456488
2025-10-28,Cement making,Building,m3,4843.969094298339
2025-05-06,Laying steel rail,Railway,m,4848.3421507558705
2025-01-31,Anchorage,Railway,m2,3356.5970691976077
2025-08-08,Cement making,Building,m3,2283.308049316867
2025-06-09,Laying steel rail,Railway,m,2247.31230756184
2025-05-21,Iron mining,Railway,m3,1851.712875090224
2025-03-31,Pavement,Road,m2,4618.7803808406115
2025-01-22,Pavement,Road,m2,1675.2204609363464
2025-07-09,Foundation pouring,Building,m3,1640.100258628046
2025-03-30,Walling,Building,m2,3322.6792653609623
2025-10-24,Walling,Building,m2,3246.032503708989
2025-05-08,Coat preparation,Road,L,3261.1526066790075
2025-09-03,Walling,Building,m2,3072.1354902227754
2025-06-22,Ballast,Railway,m3,1081.5207530187072
2025-02-27,Laying steel rail,Railway,m,2548.8581064980085
2025-11-27,Rolling/Tractor,Road,m2,1607.151737644435
2025-08-20,Removing trees,Building,m2,3406.3428668428223
2025-01-18,Walling,Building,m2,3044.740174728939
2025-05-31,Anchorage,Railway,m2,26.544407622591248
2025-01-27,Coat preparation,Road,L,269.0319445815559
2025-06-24,Walling,Building,m2,3964.98341735797
2025-11-08,Removing trees,Building,m2,234.71007441738746
2025-10-11,Pavement,Road,m2,3942.6388593480833
2025-10-11,Foundation pouring,Building,m3,637.9895700730004
2025-03-18,Foundation pouring,Building,m3,3867.610761301394
2025-01-05,Rolling/Tractor,Road,m2,988.1353892201012
2025-01-28,Subbase application,Road,m2,221.61085652408207
2025-05-14,Coat preparation,Road,L,3547.701826306713
2025-04-16,Foundation pouring,Building,m3,3970.2856845239908
2025-06-01,Pavement,Road,m2,1434.2225118716779
2025-03-22,Rolling/Tractor,Road,m2,2107.9497478957182
2025-12-24,Terrain leveling,Building,m3,4991.632162638765
2025-12-27,Terrain leveling,Building,m3,2902.4790954922523
2025-05-20,Pavement,Road,m2,205.05130155615726
2025-04-16,Cement making,Building,m3,2787.742922455627
2025-05-05,Iron mining,Railway,m3,2987.745358779691
2025-05-11,Pavement,Road,m2,1878.7553789984267
2025-05-20,Anchorage,Railway,m2,4075.9927336553433
2025-03-20,Cement making,Building,m3,25.31497931619553
2025-04-25,Coat preparation,Road,L,660.0576799983716
2025-10-04,Ballast,Railway,m3,3736.7451905585062
2025-07-27,Laying steel rail,Railway,m,4813.122291854064
2025-03-10,Anchorage,Railway,m2,1813.798672648112
2025-07-03,Foundation pouring,Building,m3,982.4276213937688
2025-12-27,Pavement,Road,m2,4021.078124450587
2025-07-27,Pavement,Road,m2,927.4239973374465
2025-02-04,Rolling/Tractor,Road,m2,3078.5492612548187
2025-03-05,Pavement,Road,m2,1349.7165584266768
2025-11-02,Pavement,Road,m2,2894.862170029286
2025-01-07,Subbase application,Road,m2,1302.189259455031
2025-04-27,Subbase application,Road,m2,606.0985602468477
2025-11-25,Removing trees,Building,m2,1204.9280059658956
2025-02-05,Iron mining,Railway,m3,1215.9585353690134
2025-07-22,Coat preparation,Road,L,770.3583453790558
2025-06-05,Terrain leveling,Building,m3,1598.8893342876104
2025-02-21,Cement making,Building,m3,3358.1582157323614
2025-10-30,Rolling/Tractor,Road,m2,2264.7161306309526
2025-07-15,Foundation pouring,Building,m3,672.6611228589962
2025-02-24,Cement making,Building,m3,577.3147204470713
2025-02-28,Iron mining,Railway,m3,4384.168229400073
2025-09-11,Terrain leveling,Building,m3,2352.9939543626206
2025-03-17,Rolling/Tractor,Road,m2,225.25951796515676
2025-04-17,Cement making,Building,m3,4765.631538412651
2025-03-07,Ballast,Railway,m3,1580.1152715019368
2025-11-23,Walling,Building,m2,3881.2127828004495
2025-03-17,Anchorage,Railway,m2,2167.19957299163
2025-12-03,Walling,Building,m2,4607.099551524642
2025-03-28,Iron mining,Railway,m3,3403.455861907349
2025-04-26,Ballast,Railway,m3,3340.8426818697253
2025-03-30,Foundation pouring,Building,m3,3643.329473658512
2025-06-07,Cement making,Building,m3,3656.244304143569
2025-01-02,Laying steel rail,Railway,m,2092.2611810264875
2025-01-17,Foundation pouring,Building,m3,4284.145399108234
2025-02-03,Iron mining,Railway,m3,607.4455210122243
2025-09-09,Subbase application,Road,m2,792.424119774392
2025-02-02,Terrain leveling,Building,m3,1296.1613696125623
2025-05-25,Pavement,Road,m2,1401.157353702735
2025-10-12,Rolling/Tractor,Road,m2,1203.2739881648047
2025-09-07,Foundation pouring,Building,m3,2488.9252224611773
2025-05-09,Pavement,Road,m2,3015.8610791938518
2025-03-30,Coat preparation,Road,L,1555.809966960227
2025-05-22,Foundation pouring,Building,m3,597.5051044508367
2025-08-10,Coat preparation,Road,L,3755.595604890519
2025-07-23,Removing trees,Building,m2,1962.6474340624816
2025-02-13,Ballast,Railway,m3,938.7504151924326
2025-01-13,Anchorage,Railway,m2,1599.4393766357966
2025-06-22,Iron mining,Railway,m3,3350.5693862735106
2025-02-27,Iron mining,Railway,m3,1606.5345316683165
2025-05-25,Rolling/Tractor,Road,m2,4393.83867598106
2025-10-11,Coat preparation,Road,L,2105.9156672868935
2025-11-04,Anchorage,Railway,m2,1927.920115223471
2025-02-16,Iron mining,Railway,m3,4682.669627799664
2025-04-27,Pavement,Road,m2,3468.4617885660973
2025-07-30,Cement making,Building,m3,1958.0362940875789
2025-04-17,Iron mining,Railway,m3,953.121079078934
2025-11-04,Pavement,Road,m2,1770.348462271497
2025-06-02,Foundation pouring,Building,m3,3824.7189402996573
2025-01-28,Cement making,Building,m3,3187.8084229176357
2025-09-09,Coat preparation,Road,L,476.98303242702525
2025-05-27,Coat preparation,Road,L,4747.466798734745
2025-05-17,Rolling/Tractor,Road,m2,329.1968371633802
2025-12-05,Foundation pouring,Building,m3,3868.172249578706
2025-05-22,Laying steel rail,Railway,m,211.2730820438813
2025-04-21,Subbase application,Road,m2,2455.460183232274
2025-12-15,Pavement,Road,m2,4413.467260747196
2025-06-01,Laying steel rail,Railway,m,1858.9886254105493
2025-09-15,Subbase application,Road,m2,795.5125071248569
2025-06-18,Laying steel rail,Railway,m,3785.760801275026
2025-03-21,Iron mining,Railway,m3,3165.6033447667633
2025-04-22,Laying steel rail,Railway,m,664.4082299317616
2025-02-25,Ballast,Railway,m3,684.4873515705541
2025-03-13,Coat preparation,Road,L,3618.5279404027037
2025-07-26,Foundation pouring,Building,m3,3074.9263565342694
2025-08-26,Anchorage,Railway,m2,383.6499207352467
2025-12-29,Anchorage,Railway,m2,3719.796663235489
2025-06-12,Removing trees,Building,m2,4607.882697596285
2025-11-23,Walling,Building,m2,3407.8561724440683
2025-10-07,Pavement,Road,m2,2347.561478425061
2025-11-06,Ballast,Railway,m3,3176.301003289983
2025-09-11,Iron mining,Railway,m3,2715.107894279379
2025-04-21,Rolling/Tractor,Road,m2,4842.155355705044
2025-08-19,Rolling/Tractor,Road,m2,1487.4443366683076
2025-12-08,Ballast,Railway,m3,4895.622852046809
2025-12-13,Foundation pouring,Building,m3,1642.2459238324266
2025-04-25,Iron mining,Railway,m3,3230.0194660198435
2025-03-22,Foundation pouring,Building,m3,780.4703830315967
2025-10-10,Anchorage,Railway,m2,33.89072125644432
2025-10-29,Pavement,Road,m2,913.2581154239127
2025-01-29,Pavement,Road,m2,1197.3803190952408
2025-07-15,Ballast,Railway,m3,2257.6227576742926
2025-01-02,Rolling/Tractor,Road,m2,1959.7073157577943
2025-03-15,Cement making,Building,m3,4288.383879846042
2025-01-15,Walling,Building,m2,1717.4533256866403
2025-11-15,Iron mining,Railway,m3,4045.4426628151637
2025-12-02,Subbase application,Road,m2,1940.8603850954053
2025-12-04,Coat preparation,Road,L,4479.564529061413
2025-03-30,Removing trees,Building,m2,2820.974551815598
2025-07-05,Coat preparation,Road,L,2741.9690198370604
2025-06-08,Iron mining,Railway,m3,4454.584830924408
2025-01-01,Subbase application,Road,m2,1760.7719530667437
2025-05-22,Walling,Building,m2,1223.735071643337
2025-03-17,Iron mining,Railway,m3,100.10366387752434
2025-09-13,Removing trees,Building,m2,246.2241025584133
2025-12-27,Subbase application,Road,m2,3036.812851970586
2025-04-01,Terrain leveling,Building,m3,4863.937951391511
2025-03-04,Terrain leveling,Building,m3,2508.2431054439817
2025-12-11,Anchorage,Railway,m2,3644.925983722168
2025-12-12,Removing trees,Building,m2,4247.650950772606
2025-02-18,Terrain leveling,Building,m3,147.56324661732268
2025-06-23,Laying steel rail,Railway,m,1118.3640535685174
2025-06-12,Walling,Building,m2,122.55044606547693
2025-11-13,Laying steel rail,Railway,m,2642.51955654629
2025-04-26,Anchorage,Railway,m2,4099.343319211487
2025-10-28,Rolling/Tractor,Road,m2,4675.853629317817
2025-09-23,Iron mining,Railway,m3,653.2517592210573
2025-06-21,Subbase application,Road,m2,1459.072361083527
2025-07-01,Walling,Building,m2,4610.113632340923
2025-05-14,Ballast,Railway,m3,1153.2272633787416
2025-08-01,Anchorage,Railway,m2,1096.2398199180423
2025-08-07,Anchorage,Railway,m2,2887.545420860435
2025-06-27,Foundation pouring,Building,m3,3558.218549138976
2025-05-28,Subbase application,Road,m2,3181.478039478191
2025-05-19,Removing trees,Building,m2,2583.0138788962226
2025-07-10,Ballast,Railway,m3,888.3837208934231
2025-05-17,Rolling/Tractor,Road,m2,2763.315160068567
2025-04-27,Rolling/Tractor,Road,m2,1008.1522811893257
2025-10-07,Rolling/Tractor,Road,m2,2742.899527417314
2025-04-27,Ballast,Railway,m3,3464.0071955465564
2025-07-15,Rolling/Tractor,Road,m2,1505.3338492860114
2025-06-13,Removing trees,Building,m2,290.349420375855
2025-08-05,Anchorage,Railway,m2,2547.009711753384
2025-03-04,Removing trees,Building,m2,4361.372238583006
2025-11-09,Ballast,Railway,m3,1709.5154764928056
2025-07-31,Walling,Building,m2,453.69352165582967
2025-05-30,Anchorage,Railway,m2,4590.790289963258
2025-07-17,Ballast,Railway,m3,1901.7080778604234
2025-07-04,Laying steel rail,Railway,m,2860.362724538718
2025-09-25,Laying steel rail,Railway,m,2614.9282095229155
2025-09-10,Cement making,Building,m3,769.099559993044
2025-05-04,Rolling/Tractor,Road,m2,2697.28595556843
2025-07-29,Foundation pouring,Building,m3,3263.003933386985
2025-01-26,Terrain leveling,Building,m3,4176.134977275611
2025-04-18,Ballast,Railway,m3,525.3080795638975
2025-10-20,Laying steel rail,Railway,m,422.3044236400608
2025-12-08,Removing trees,Building,m2,2419.8844974757094
2025-04-17,Coat preparation,Road,L,152.67887060224473
2025-05-09,Cement making,Building,m3,177.19741701949565
2025-05-16,Ballast,Railway,m3,4555.951302332709
2025-05-15,Walling,Building,m2,1033.8618740913857
2025-07-29,Foundation pouring,Building,m3,4094.8376594537867
2025-04-17,Laying steel rail,Railway,m,4237.47386199023
2025-11-12,Pavement,Road,m2,1110.4287542181996
2025-01-19,Removing trees,Building,m2,485.6986971442434
2025-11-27,Rolling/Tractor,Road,m2,4104.667933981202
2025-02-02,Ballast,Railway,m3,1155.5010988206689
2025-04-17,Subbase application,Road,m2,1795.2054761784382
2025-04-29,Foundation pouring,Building,m3,2564.6075008828902
2025-11-26,Pavement,Road,m2,1935.0193575093715
2025-05-13,Ballast,Railway,m3,3509.397831468302
2025-01-24,Laying steel rail,Railway,m,4850.9858557111775
2025-05-14,Foundation pouring,Building,m3,2754.9187580590524
2025-06-07,Iron mining,Railway,m3,486.70437903542364
2025-05-21,Removing trees,Building,m2,1373.932362237078
2025-11-16,Cement making,Building,m3,4912.862235578383
2025-04-03,Subbase application,Road,m2,1500.1056061269285
2025-12-17,Iron mining,Railway,m3,2192.685091637373
2025-04-23,Iron mining,Railway,m3,2379.68741863541
2025-06-06,Terrain leveling,Building,m3,731.8435551063379
2025-08-23,Ballast,Railway,m3,2577.3141295429105
2025-05-23,Anchorage,Railway,m2,2794.7405200942903
2025-07-04,Rolling/Tractor,Road,m2,2862.7556306078295
2025-11-23,Rolling/Tractor,Road,m2,3397.4307677082697
2025-01-07,Pavement,Road,m2,1021.2100845511169
2025-11-21,Pavement,Road,m2,1878.4273995271283
2025-12-25,Foundation pouring,Building,m3,1481.7679250790334
2025-09-17,Foundation pouring,Building,m3,3861.1338157319415
2025-01-16,Laying steel rail,Railway,m,4935.370361189316
2025-10-21,Terrain leveling,Building,m3,3236.251129411247
2025-05-14,Laying steel rail,Railway,m,4750.342624803577
2025-03-02,Pavement,Road,m2,2061.804994692565
2025-05-23,Walling,Building,m2,1022.6076096412784
2025-10-12,Foundation pouring,Building,m3,4676.814497376539
2025-12-21,Rolling/Tractor,Road,m2,3098.084954426765
2025-06-11,Iron mining,Railway,m3,798.3854757613301
2025-11-12,Terrain leveling,Building,m3,2752.534290162511
2025-03-08,Removing trees,Building,m2,3289.310933374434
2025-01-11,Foundation pouring,Building,m3,1332.054239596312
2025-04-05,Cement making,Building,m3,684.1436829526981
2025-04-27,Coat preparation,Road,L,2765.3325149147345
2025-07-20,Subbase application,Road,m2,3408.086460830873
2025-11-16,Iron mining,Railway,m3,3723.156189454242
2025-07-29,Pavement,Road,m2,3048.705725198571
2025-05-28,Pavement,Road,m2,2385.114678426157
2025-01-15,Terrain leveling,Building,m3,601.0882526137418
2025-09-06,Rolling/Tractor,Road,m2,1388.2053615010454
2025-01-16,Rolling/Tractor,Road,m2,530.1583859124165
2025-10-04,Walling,Building,m2,984.4198102083445
2025-01-03,Cement making,Building,m3,928.8766097690166
2025-10-01,Walling,Building,m2,3178.4427655135355
2025-06-23,Iron mining,Railway,m3,319.22967059345444
2025-08-14,Laying steel rail,Railway,m,1403.3065059500966
2025-07-08,Ballast,Railway,m3,487.4738418855279
2025-03-15,Pavement,Road,m2,919.0838562805542
2025-05-02,Laying steel rail,Railway,m,2581.029174667784
2025-06-27,Terrain leveling,Building,m3,4682.167752093588
2025-03-14,Coat preparation,Road,L,858.6773111432705
2025-05-08,Laying steel rail,Railway,m,572.0076034844645
2025-03-14,Coat preparation,Road,L,1487.0571318427478
2025-09-22,Subbase application,Road,m2,3016.8065485245897
2025-11-14,Foundation pouring,Building,m3,1545.5644512775568
2025-07-30,Cement making,Building,m3,2714.99147115792
2025-05-22,Removing trees,Building,m2,3541.1669377629496
2025-07-12,Anchorage,Railway,m2,4087.474700634891
2025-07-27,Terrain leveling,Building,m3,768.7702522691076
2025-03-04,Ballast,Railway,m3,3645.9306917809968
2025-05-11,Removing trees,Building,m2,2477.8944929565528
2025-12-11,Subbase application,Road,m2,2750.491389210791
2025-12-02,Pavement,Road,m2,1140.7181157057532
2025-11-12,Removing trees,Building,m2,2429.2748624428855
2025-01-02,Cement making,Building,m3,1950.0400812637374
2025-02-10,Iron mining,Railway,m3,2511.7238050189594
2025-07-09,Foundation pouring,Building,m3,1720.3373812858413
2025-07-09,Coat preparation,Road,L,4304.4487178680965
2025-01-14,Terrain leveling,Building,m3,1504.6211609286015
2025-12-19,Cement making,Building,m3,4225.623890182032
2025-09-22,Pavement,Road,m2,2779.901551062079
2025-06-28,Subbase application,Road,m2,2072.3169150554577
2025-06-07,Iron mining,Railway,m3,2972.284894557906
2025-04-22,Foundation pouring,Building,m3,3081.680213018425
2025-05-15,Coat preparation,Road,L,4288.474020047836
2025-01-09,Ballast,Railway,m3,4365.789448603105
2025-07-06,Ballast,Railway,m3,3364.9992369002966
2025-11-07,Ballast,Railway,m3,2152.059236731765
2025-02-16,Anchorage,Railway,m2,3633.0478933309296
2025-11-26,Ballast,Railway,m3,3094.45526080117
2025-06-05,Walling,Building,m2,1690.31894044317
2025-09-24,Terrain leveling,Building,m3,1579.871925378864
2025-11-12,Cement making,Building,m3,2458.8207559491498
2025-05-12,Laying steel rail,Railway,m,1830.667924580897
2025-10-21,Iron mining,Railway,m3,747.7444263883199
2025-06-16,Walling,Building,m2,1886.9178095485495
2025-11-07,Removing trees,Building,m2,1714.1429611120873
2025-02-11,Anchorage,Railway,m2,2475.79931672143
2025-01-26,Foundation pouring,Building,m3,973.6750585511905
2025-01-08,Terrain leveling,Building,m3,2872.922007577643
2025-09-23,Walling,Building,m2,3033.534090572206
2025-02-16,Ballast,Railway,m3,4210.414458014971
2025-03-27,Pavement,Road,m2,1746.1780966172037
2025-08-22,Coat preparation,Road,L,1165.1938736184431
2025-05-10,Ballast,Railway,m3,3483.7597307308415
2025-06-14,Subbase application,Road,m2,1490.9109249811208
2025-03-23,Rolling/Tractor,Road,m2,1249.2757504505487
2025-11-14,Walling,Building,m2,4658.3015291572065
2025-10-20,Foundation pouring,Building,m3,4433.314426067253
2025-01-29,Iron mining,Railway,m3,1707.7025796678913
2025-07-19,Terrain leveling,Building,m3,4028.6783959679947
2025-10-07,Coat preparation,Road,L,857.7695377764616
2025-08-09,Removing trees,Building,m2,3884.759018108793
2025-08-22,Terrain leveling,Building,m3,3066.321741009122
2025-10-03,Foundation pouring,Building,m3,746.8657962472458
2025-12-13,Rolling/Tractor,Road,m2,3509.9711293457785
2025-11-25,Cement making,Building,m3,32.208945714518045
2025-03-13,Anchorage,Railway,m2,4292.845918534853
2025-05-10,Anchorage,Railway,m2,2365.1497102850467
2025-04-16,Coat preparation,Road,L,2862.3017439216865
2025-06-15,Pavement,Road,m2,2072.8755722882224
2025-01-29,Subbase application,Road,m2,4898.851967066185
2025-12-01,Walling,Building,m2,1043.8227592670346
2025-12-07,Terrain leveling,Building,m3,4453.381361479057
2025-05-23,Subbase application,Road,m2,2411.9106145319024
2025-04-26,Removing trees,Building,m2,2968.6323460583335
2025-10-25,Ballast,Railway,m3,2458.7283337991694
2025-06-08,Subbase application,Road,m2,4482.452224205408
2025-05-05,Anchorage,Railway,m2,2353.9082825886935
2025-10-01,Cement making,Building,m3,1752.70242311584
2025-06-07,Subbase application,Road,m2,3983.562893361981
2025-05-31,Pavement,Road,m2,1550.2983365784546
2025-01-10,Foundation pouring,Building,m3,1172.2693290111313
2025-04-09,Iron mining,Railway,m3,1766.6648528653106
2025-11-21,Rolling/Tractor,Road,m2,281.9444117201353
2025-04-26,Coat preparation,Road,L,4900.927849930755
2025-06-03,Iron mining,Railway,m3,1089.2328474719964
2025-06-01,Cement making,Building,m3,1603.286005035966
2025-03-30,Laying steel rail,Railway,m,2291.76371130041
2025-07-13,Terrain leveling,Building,m3,3223.9266439917237
2025-09-13,Removing trees,Building,m2,3184.735585028422
2025-09-18,Coat preparation,Road,L,3268.1777505753385
2025-08-04,Foundation pouring,Building,m3,2366.557324451604
2025-11-23,Terrain leveling,Building,m3,601.8009006912789
2025-06-02,Subbase application,Road,m2,1581.3558678644308
2025-10-04,Foundation pouring,Building,m3,1545.7702612764112
2025-01-02,Anchorage,Railway,m2,2464.617860309094
2025-07-20,Walling,Building,m2,2304.7943930708757
2025-01-22,Walling,Building,m2,425.4554124745008
2025-03-28,Rolling/Tractor,Road,m2,1692.2958412787248
2025-01-20,Foundation pouring,Building,m3,3746.285576309872
2025-09-14,Cement making,Building,m3,2847.5779068327247
2025-10-04,Iron mining,Railway,m3,201.22994235833247
2025-10-04,Walling,Building,m2,636.2966537125347
2025-09-01,Anchorage,Railway,m2,4753.3413886190865
2025-09-03,Ballast,Railway,m3,2027.8729125867806
2025-02-02,Subbase application,Road,m2,1774.7343006939236
2025-04-08,Coat preparation,Road,L,3844.70689811953
2025-04-28,Coat preparation,Road,L,1501.646756824646
2025-03-22,Anchorage,Railway,m2,1566.486332995148
2025-10-21,Foundation pouring,Building,m3,3269.046678132174
2025-07-04,Pavement,Road,m2,3083.847675006508
2025-11-10,Foundation pouring,Building,m3,1319.1526509588846
2025-11-01,Ballast,Railway,m3,461.39688317792417
2025-03-30,Subbase application,Road,m2,1419.5898691069115
2025-12-11,Laying steel rail,Railway,m,4469.71536035296
2025-03-24,Ballast,Railway,m3,3106.129419814237
2025-04-21,Laying steel rail,Railway,m,1255.446302956399
2025-03-24,Anchorage,Railway,m2,450.22842435693764
2025-02-05,Cement making,Building,m3,1460.7293626301266
2025-10-20,Rolling/Tractor,Road,m2,4882.940354739263
2025-05-17,Removing trees,Building,m2,2097.855688646284
2025-09-02,Foundation pouring,Building,m3,2746.111789414619
2025-01-12,Cement making,Building,m3,3798.6463569660723
2025-09-08,Iron mining,Railway,m3,22.913677659159305
2025-02-05,Pavement,Road,m2,754.1977883741058
2025-10-27,Walling,Building,m2,1678.3359026984285
2025-06-12,Walling,Building,m2,849.6384074570946
2025-01-01,Pavement,Road,m2,1443.8414279689093
2025-08-26,Rolling/Tractor,Road,m2,1587.6232887668123
2025-07-13,Subbase application,Road,m2,2858.347037380408
2025-05-18,Pavement,Road,m2,1337.5674779436242
2025-05-14,Removing trees,Building,m2,3251.3598600220294
2025-04-12,Pavement,Road,m2,4996.051020440737
2025-05-31,Cement making,Building,m3,866.6114613490239
2025-02-11,Iron mining,Railway,m3,1095.2824029069197
2025-01-17,Pavement,Road,m2,1890.9456087703802
2025-02-22,Subbase application,Road,m2,845.6966171125213
2025-08-01,Iron mining,Railway,m3,4110.430507957075
2025-09-02,Subbase application,Road,m2,1187.2999032124915
2025-07-03,Walling,Building,m2,3772.4840833474277
2025-08-08,Anchorage,Railway,m2,3090.7295412204962
2025-06-21,Anchorage,Railway,m2,919.8759095094911
2025-06-10,Coat preparation,Road,L,578.5223207896695
2025-02-10,Removing trees,Building,m2,3582.346804236163
2025-07-19,Pavement,Road,m2,2012.0100673319935
2025-06-26,Removing trees,Building,m2,288.6783639474405
2025-05-31,Iron mining,Railway,m3,438.68418493100745
2025-04-24,Ballast,Railway,m3,2092.6394470902446
2025-01-28,Anchorage,Railway,m2,3344.773914452943
2025-09-21,Removing trees,Building,m2,808.4984724898675
2025-08-28,Coat preparation,Road,L,1181.0052755459944
2025-01-24,Subbase application,Road,m2,4215.758528276278
2025-11-15,Foundation pouring,Building,m3,4995.795736105172
2025-06-10,Iron mining,Railway,m3,1330.3639657037347
2025-04-30,Rolling/Tractor,Road,m2,3436.0725539269774
2025-04-29,Walling,Building,m2,2334.6217402591
2025-03-29,Laying steel rail,Railway,m,2074.97547533919
2025-11-20,Foundation pouring,Building,m3,1716.1581596261449
2025-09-30,Pavement,Road,m2,358.2569238019773
2025-04-15,Laying steel rail,Railway,m,1564.9140249907766
2025-08-26,Anchorage,Railway,m2,4584.457992042642
2025-03-16,Ballast,Railway,m3,1715.8943853525461
2025-09-12,Terrain leveling,Building,m3,952.0136792500666
2025-07-12,Ballast,Railway,m3,2575.4173683949643
2025-05-24,Subbase application,Road,m2,4320.308325360093
2025-03-13,Cement making,Building,m3,523.1155263882165
2025-02-28,Pavement,Road,m2,2489.202343244192
2025-07-28,Removing trees,Building,m2,3905.9681264482165
2025-08-18,Iron mining,Railway,m3,3347.4302133620085
2025-07-19,Laying steel rail,Railway,m,3921.1066452456016
2025-04-28,Rolling/Tractor,Road,m2,4566.1014908719935
2025-03-17,Iron mining,Railway,m3,4379.814358975425
2025-09-23,Cement making,Building,m3,807.8288398835648
2025-06-09,Anchorage,Railway,m2,136.71286210551193
2025-09-30,Terrain leveling,Building,m3,2920.083582894526
2025-10-02,Foundation pouring,Building,m3,2208.1205200809227
2025-09-10,Removing trees,Building,m2,2815.4840889988304
2025-09-11,Iron mining,Railway,m3,4566.40261544572
2025-01-22,Laying steel rail,Railway,m,2790.953733729917
2025-10-12,Laying steel rail,Railway,m,729.0930005247487
2025-09-10,Walling,Building,m2,1778.011676921402
2025-09-03,Subbase application,Road,m2,2430.8230140315645
2025-06-29,Pavement,Road,m2,4370.743213077894
2025-11-21,Terrain leveling,Building,m3,1412.679076452945
2025-10-21,Laying steel rail,Railway,m,1665.9587671921665
2025-05-10,Terrain leveling,Building,m3,2149.4403315908057
2025-03-09,Ballast,Railway,m3,1738.2924219399754
2025-02-24,Subbase application,Road,m2,2794.0156695685605
2025-02-04,Subbase application,Road,m2,4524.9890588482485
2025-11-07,Terrain leveling,Building,m3,805.9639478513719
2025-11-04,Iron mining,Railway,m3,1621.241731886277
2025-03-01,Rolling/Tractor,Road,m2,4374.781832277299
2025-03-17,Rolling/Tractor,Road,m2,894.3795383970477
2025-04-15,Ballast,Railway,m3,1498.1019717968175
2025-01-07,Terrain leveling,Building,m3,4368.091526100255
2025-03-23,Iron mining,Railway,m3,2251.3360142448955
2025-09-16,Cement making,Building,m3,2757.1656309514465
2025-11-19,Laying steel rail,Railway,m,631.7988455708595
2025-10-24,Terrain leveling,Building,m3,1646.77938577799
2025-10-31,Iron mining,Railway,m3,3291.995944162316
2025-03-22,Laying steel rail,Railway,m,2202.9335973342368
2025-08-23,Walling,Building,m2,1330.4560676780764
2025-07-11,Terrain leveling,Building,m3,3613.763354704983
2025-09-22,Iron mining,Railway,m3,2093.043137155628
2025-06-25,Foundation pouring,Building,m3,2133.673843232174
2025-01-28,Foundation pouring,Building,m3,2083.7404427671295
2025-02-04,Anchorage,Railway,m2,2618.8882122059786
2025-11-29,Subbase application,Road,m2,4694.013884344302
2025-05-08,Pavement,Road,m2,2086.273874881202
2025-06-17,Walling,Building,m2,2558.433182317452
2025-11-20,Foundation pouring,Building,m3,926.3504154524383
2025-06-06,Pavement,Road,m2,127.56292067387376
2025-06-29,Pavement,Road,m2,2582.141526027242
2025-10-30,Removing trees,Building,m2,1135.3778042639901
2025-11-06,Coat preparation,Road,L,1440.8669108236966
2025-05-16,Ballast,Railway,m3,317.66329398827787
2025-07-24,Anchorage,Railway,m2,345.11665922242696
2025-12-18,Subbase application,Road,m2,1221.9334870815758
2025-03-27,Pavement,Road,m2,3030.693360651609
2025-05-19,Removing trees,Building,m2,622.1326215791368
2025-04-22,Rolling/Tractor,Road,m2,4253.238505770013
2025-02-15,Laying steel rail,Railway,m,718.4445009817514
2025-01-07,Coat preparation,Road,L,735.4231963223584
2025-01-20,Foundation pouring,Building,m3,2441.4516966365877
2025-11-19,Iron mining,Railway,m3,3008.105151802961
2025-09-27,Coat preparation,Road,L,1190.085656378122
2025-12-19,Coat preparation,Road,L,936.5418397629882
2025-10-29,Pavement,Road,m2,785.5692763609518
2025-06-18,Cement making,Building,m3,217.4723295849984
2025-01-28,Removing trees,Building,m2,312.04754186579197
2025-02-20,Walling,Building,m2,2452.4957551604098
2025-08-13,Foundation pouring,Building,m3,3503.8626736516503
2025-10-07,Subbase application,Road,m2,892.4040442039893
2025-10-13,Terrain leveling,Building,m3,3016.3750279625783
2025-07-05,Terrain leveling,Building,m3,1497.5785280024184
2025-11-17,Removing trees,Building,m2,40.64927340859226
2025-02-05,Cement making,Building,m3,259.7008763571473
2025-08-24,Laying steel rail,Railway,m,3472.8749433086837
2025-03-01,Terrain leveling,Building,m3,1515.2224336428487
2025-03-16,Foundation pouring,Building,m3,1079.6239219216798
2025-10-20,Rolling/Tractor,Road,m2,1283.4972242314313
2025-01-12,Ballast,Railway,m3,1584.3604851444397
2025-04-10,Anchorage,Railway,m2,3061.324383389166
2025-02-03,Foundation pouring,Building,m3,1285.318925622445
2025-01-02,Subbase application,Road,m2,1376.8312151652444
2025-05-20,Rolling/Tractor,Road,m2,4068.1009546942555
2025-09-24,Terrain leveling,Building,m3,4172.024581689962
2025-08-04,Cement making,Building,m3,538.1650995272646
2025-10-06,Ballast,Railway,m3,1464.6554482227725
2025-11-25,Iron mining,Railway,m3,1430.6976732241221
2025-03-22,Ballast,Railway,m3,3002.8937992923143
2025-07-01,Subbase application,Road,m2,4591.954256481383
2025-09-01,Pavement,Road,m2,1834.1729730081718
2025-07-18,Rolling/Tractor,Road,m2,3222.707902812576
2025-10-30,Anchorage,Railway,m2,1972.7756326163426
2025-01-25,Laying steel rail,Railway,m,3958.483905233765
2025-01-29,Ballast,Railway,m3,4076.542474331552
2025-12-08,Iron mining,Railway,m3,4882.189682891176
2025-05-22,Ballast,Railway,m3,1185.568859696643
2025-11-27,Cement making,Building,m3,43.88867826175036
2025-01-14,Walling,Building,m2,1885.9156844721392
2025-03-24,Rolling/Tractor,Road,m2,242.9438600387418
2025-11-10,Cement making,Building,m3,3537.0229119371575
2025-04-23,Foundation pouring,Building,m3,124.6404209228813
2025-02-15,Iron mining,Railway,m3,537.4303308437334
2025-08-01,Iron mining,Railway,m3,4393.5800934531535
2025-02-08,Cement making,Building,m3,4641.161028965962
2025-04-21,Walling,Building,m2,2658.4277812706687
2025-01-14,Anchorage,Railway,m2,515.1981244973385
2025-03-18,Walling,Building,m2,2027.6331246205975
2025-07-09,Terrain leveling,Building,m3,2532.2313888219
2025-12-11,Coat preparation,Road,L,1676.0969334825716
2025-01-29,Anchorage,Railway,m2,4.4905379047260885
2025-08-15,Laying steel rail,Railway,m,1722.811781052823
2025-11-25,Walling,Building,m2,13.129222554740805
2025-09-27,Pavement,Road,m2,3595.569652018959
2025-02-27,Foundation pouring,Building,m3,3799.2387616159967
2025-08-25,Removing trees,Building,m2,1729.060468854714
2025-01-14,Iron mining,Railway,m3,1530.0184004654916
2025-08-25,Cement making,Building,m3,1737.12292999253
2025-02-08,Anchorage,Railway,m2,2606.6303548364676
2025-12-12,Ballast,Railway,m3,2830.4661239727384
2025-04-17,Rolling/Tractor,Road,m2,1555.4231492395531
2025-03-06,Ballast,Railway,m3,3101.6490078738157
2025-08-07,Coat preparation,Road,L,1754.9955935905875
2025-11-24,Ballast,Railway,m3,3675.1464787718837
2025-08-08,Laying steel rail,Railway,m,2658.347578709224
2025-11-07,Rolling/Tractor,Road,m2,3599.4839355876297
2025-02-19,Walling,Building,m2,1929.344410449119
2025-07-31,Terrain leveling,Building,m3,3640.103812263587
2025-11-24,Cement making,Building,m3,3730.0202380218207
2025-12-13,Ballast,Railway,m3,1887.125242497154
2025-10-05,Foundation pouring,Building,m3,1770.825657664191
2025-01-03,Iron mining,Railway,m3,2814.6333392366146
2025-02-20,Laying steel rail,Railway,m,2217.6511209401224
2025-07-17,Pavement,Road,m2,3282.6325094791227
2025-08-03,Terrain leveling,Building,m3,2982.047845547441
2025-02-04,Foundation pouring,Building,m3,3046.2251347978945
2025-08-29,Ballast,Railway,m3,3696.1253010436935
2025-12-26,Terrain leveling,Building,m3,3887.731440263979
2025-02-11,Subbase application,Road,m2,2979.61020492467
2025-09-17,Anchorage,Railway,m2,3196.9993939102815
2025-08-31,Walling,Building,m2,2678.849044383154
2025-08-21,Cement making,Building,m3,1045.6207763211623
2025-09-18,Laying steel rail,Railway,m,3128.3620328415636
2025-12-15,Anchorage,Railway,m2,806.5689020758349
2025-01-20,Cement making,Building,m3,234.00135742727701
2025-11-19,Walling,Building,m2,4608.2046402312035
2025-09-16,Removing trees,Building,m2,2178.817358363662
2025-01-14,Subbase application,Road,m2,1248.8213496946687
2025-12-06,Iron mining,Railway,m3,1731.234007021311
2025-12-09,Laying steel rail,Railway,m,4174.952622137934
2025-06-05,Rolling/Tractor,Road,m2,4709.820456325437
2025-06-03,Coat preparation,Road,L,4205.467840631819
2025-07-17,Anchorage,Railway,m2,1896.4011791609541
2025-06-12,Coat preparation,Road,L,497.8148176332009
2025-11-26,Coat preparation,Road,L,3152.9687284198176
2025-08-31,Laying steel rail,Railway,m,858.3036099455516
2025-02-06,Foundation pouring,Building,m3,4298.19089305154
2025-09-06,Rolling/Tractor,Road,m2,4622.594745734422
2025-10-17,Iron mining,Railway,m3,4343.463989940422
2025-11-05,Terrain leveling,Building,m3,3624.980772208613
2025-10-13,Rolling/Tractor,Road,m2,3430.5665310798104
2025-05-16,Removing trees,Building,m2,1056.9126772100062
2025-12-29,Rolling/Tractor,Road,m2,2503.979756677605
2025-11-03,Ballast,Railway,m3,3529.6922277156477
2025-07-28,Anchorage,Railway,m2,4688.719112812209
2025-02-07,Rolling/Tractor,Road,m2,1318.3648810706395
2025-08-22,Iron mining,Railway,m3,123.79289681699102
2025-10-09,Removing trees,Building,m2,3410.5187057425014
2025-03-22,Pavement,Road,m2,763.7664169503489
2025-02-12,Subbase application,Road,m2,1623.7133910683206
2025-11-15,Subbase application,Road,m2,1344.8427574556133
2025-05-30,Cement making,Building,m3,3119.2930750752885
2025-05-14,Ballast,Railway,m3,2302.7278209184315
2025-08-24,Removing trees,Building,m2,3230.9165677868486
2025-10-23,Pavement,Road,m2,4209.547731891341
2025-01-17,Cement making,Building,m3,667.6845965326861
2025-01-16,Terrain leveling,Building,m3,1095.3403723839194
2025-02-25,Rolling/Tractor,Road,m2,1040.5367106573576
2025-12-09,Foundation pouring,Building,m3,3462.1199320111796
2025-03-17,Subbase application,Road,m2,914.8127255985266
2025-07-10,Pavement,Road,m2,558.0706241835709
2025-09-02,Anchorage,Railway,m2,501.5388226124962
2025-01-30,Walling,Building,m2,4525.783377198921
2025-09-26,Walling,Building,m2,877.0450554784499
2025-10-22,Foundation pouring,Building,m3,888.2177813129339
2025-02-20,Subbase application,Road,m2,4648.720548306794
2025-10-09,Removing trees,Building,m2,1802.7175230165394
2025-01-12,Pavement,Road,m2,3069.741236281099
2025-06-27,Laying steel rail,Railway,m,4957.290690868372
2025-10-06,Removing trees,Building,m2,2224.9890830180348
2025-10-29,Rolling/Tractor,Road,m2,561.7085789062181
2025-10-29,Laying steel rail,Railway,m,463.55320396371803
2025-02-04,Removing trees,Building,m2,802.880784123311
2025-09-25,Foundation pouring,Building,m3,4311.428718679176
2025-06-01,Laying steel rail,Railway,m,1390.4076017223765
2025-10-05,Removing trees,Building,m2,3654.4943201495726
2025-06-24,Rolling/Tractor,Road,m2,2462.0437641586186
2025-01-24,Iron mining,Railway,m3,701.5790051881271
2025-11-25,Rolling/Tractor,Road,m2,4494.757934844703
2025-09-23,Removing trees,Building,m2,2707.3412180428704
2025-12-04,Rolling/Tractor,Road,m2,2866.739183726907
2025-02-02,Pavement,Road,m2,3413.56922777888
2025-03-22,Coat preparation,Road,L,3027.5671280949327
2025-06-24,Anchorage,Railway,m2,2836.0354741855053
2025-03-28,Subbase application,Road,m2,593.1681660205396
2025-03-08,Walling,Building,m2,3234.731599434123
2025-04-16,Rolling/Tractor,Road,m2,121.36560961733156
2025-03-18,Terrain leveling,Building,m3,4632.600602667447
2025-12-24,Pavement,Road,m2,1421.8877861409196
2025-03-04,Walling,Building,m2,1038.0442096519316
2025-07-28,Rolling/Tractor,Road,m2,3387.6038683335146
2025-07-22,Cement making,Building,m3,947.6951440420239
2025-09-16,Iron mining,Railway,m3,924.3703001632159
2025-08-19,Coat preparation,Road,L,3798.22760874368
2025-07-06,Pavement,Road,m2,3324.909700445372
2025-04-19,Foundation pouring,Building,m3,3761.270415988233
2025-09-21,Cement making,Building,m3,644.212905477381
2025-07-20,Ballast,Railway,m3,767.5487552355331
2025-01-11,Rolling/Tractor,Road,m2,3353.535792569412
2025-02-16,Terrain leveling,Building,m3,460.90685687729615
2025-07-15,Cement making,Building,m3,2887.4952990507736
2025-11-07,Subbase application,Road,m2,3147.3614389776503
2025-12-10,Laying steel rail,Railway,m,4061.295226974345
2025-03-04,Subbase application,Road,m2,4868.250925678815
2025-12-28,Iron mining,Railway,m3,2676.818358151013
2025-04-06,Walling,Building,m2,811.1376100761397
2025-08-05,Anchorage,Railway,m2,2708.195437051115
2025-06-11,Iron mining,Railway,m3,4120.578484116479
2025-05-23,Pavement,Road,m2,57.34987083039156
2025-03-10,Coat preparation,Road,L,2198.2237641011484
2025-05-09,Cement making,Building,m3,1092.6455250236168
2025-03-05,Anchorage,Railway,m2,3124.8617624751137
2025-09-20,Laying steel rail,Railway,m,1670.7383840137247
2025-10-31,Iron mining,Railway,m3,3404.7788107671777
2025-04-07,Terrain leveling,Building,m3,531.5254438349115
2025-11-25,Ballast,Railway,m3,3755.817187109213
2025-07-25,Rolling/Tractor,Road,m2,2334.0482949705197
2025-06-30,Terrain leveling,Building,m3,4749.330854188602
2025-06-04,Coat preparation,Road,L,1949.5700547513195
2025-05-26,Walling,Building,m2,1267.264176292448
2025-10-02,Removing trees,Building,m2,275.90763295951007
2025-09-08,Ballast,Railway,m3,2685.113125066545
2025-12-21,Pavement,Road,m2,1910.4356074457646
2025-11-15,Foundation pouring,Building,m3,527.7275113458691
2025-05-09,Iron mining,Railway,m3,3690.8479146701707
2025-03-25,Foundation pouring,Building,m3,1869.8186064064714
2025-02-08,Laying steel rail,Railway,m,1852.4779189314322
2025-07-23,Laying steel rail,Railway,m,4676.564113181744
2025-01-03,Rolling/Tractor,Road,m2,1375.3559154783434
2025-05-23,Removing trees,Building,m2,1485.6376577398166
2025-08-12,Laying steel rail,Railway,m,2816.6897649430207
2025-07-26,Pavement,Road,m2,3626.0009959350627
2025-01-26,Rolling/Tractor,Road,m2,1405.4453356040042
2025-01-28,Ballast,Railway,m3,1528.4204698966619
2025-12-08,Walling,Building,m2,1572.404766538541
2025-01-02,Iron mining,Railway,m3,4507.317916407729
2025-05-21,Pavement,Road,m2,4105.596551851227
2025-07-25,Laying steel rail,Railway,m,3754.5325243422108
2025-10-19,Cement making,Building,m3,1258.2911079693947
2025-07-13,Removing trees,Building,m2,676.0158326830979
2025-10-29,Laying steel rail,Railway,m,3942.6997163169804
2025-07-30,Rolling/Tractor,Road,m2,3287.4474310288365
2025-10-17,Walling,Building,m2,461.8237556945287
2025-02-26,Pavement,Road,m2,251.15599155330793
2025-03-28,Removing trees,Building,m2,4456.177843857229
2025-05-19,Rolling/Tractor,Road,m2,543.3490667439389
2025-06-24,Subbase application,Road,m2,4059.8345139881276
2025-08-07,Iron mining,Railway,m3,4368.165276753987
2025-05-21,Walling,Building,m2,906.7538755455462
2025-05-10,Walling,Building,m2,4135.989510714979
2025-08-22,Subbase application,Road,m2,2135.9071708385422
2025-09-18,Ballast,Railway,m3,4372.245605633613
2025-03-30,Iron mining,Railway,m3,1991.3654978563038
2025-12-04,Rolling/Tractor,Road,m2,3765.778996899741
2025-08-01,Cement making,Building,m3,4877.295555620928
2025-04-27,Cement making,Building,m3,1071.134647102282
2025-08-22,Iron mining,Railway,m3,4730.5206821133315
2025-09-26,Cement making,Building,m3,2786.557126518919
2025-04-09,Pavement,Road,m2,1534.7091074041452
2025-05-29,Removing trees,Building,m2,2901.311326620675
2025-01-02,Laying steel rail,Railway,m,486.92526234839386
2025-12-10,Rolling/Tractor,Road,m2,3175.7232034375443
2025-05-14,Cement making,Building,m3,302.72348143999983
2025-03-08,Terrain leveling,Building,m3,3440.844091288369
2025-08-31,Rolling/Tractor,Road,m2,20.503925309288682
2025-01-04,Anchorage,Railway,m2,1009.3811379548234
2025-02-13,Iron mining,Railway,m3,3346.7368246933966
2025-02-04,Laying steel rail,Railway,m,2124.930212795785
2025-10-02,Removing trees,Building,m2,1524.9744656893693
2025-08-21,Walling,Building,m2,3263.877335139966
2025-01-27,Terrain leveling,Building,m3,2164.3086094377286
2025-03-26,Rolling/Tractor,Road,m2,286.7765430865193
2025-04-29,Laying steel rail,Railway,m,2724.922956788497
2025-07-31,Removing trees,Building,m2,1828.5903374892976
2025-08-03,Anchorage,Railway,m2,3024.380397920797
2025-07-15,Terrain leveling,Building,m3,2756.8225307575754
2025-12-25,Foundation pouring,Building,m3,1339.8708602475651
2025-08-18,Coat preparation,Road,L,3022.0556898613254
2025-01-20,Rolling/Tractor,Road,m2,377.29138927442006
2025-10-24,Removing trees,Building,m2,3207.4103944282406
2025-10-24,Walling,Building,m2,2543.1079549706888
2025-09-28,Coat preparation,Road,L,654.4852428940095
2025-07-14,Subbase application,Road,m2,2871.6688289103918
2025-03-13,Iron mining,Railway,m3,4227.855372273219
2025-10-25,Laying steel rail,Railway,m,2458.108688027238
2025-03-21,Coat preparation,Road,L,2774.469740642921
2025-08-09,Ballast,Railway,m3,1951.1824196876814
2025-08-01,Removing trees,Building,m2,756.4743356873499
2025-10-02,Walling,Building,m2,3244.137971450237
2025-11-03,Cement making,Building,m3,1676.1263201641214
2025-10-17,Coat preparation,Road,L,1934.8215386138124
2025-09-29,Coat preparation,Road,L,2981.4787194549526
2025-06-28,Cement making,Building,m3,2925.188623156278
2025-07-03,Walling,Building,m2,3525.181449211828
2025-12-28,Subbase application,Road,m2,3008.762875085103
2025-01-12,Anchorage,Railway,m2,2151.743625079007
2025-08-15,Laying steel rail,Railway,m,1812.6863379655822
2025-01-11,Laying steel rail,Railway,m,3088.456721995239
2025-12-05,Pavement,Road,m2,4676.064332255116
2025-04-06,Iron mining,Railway,m3,4911.312036254508
2025-04-17,Laying steel rail,Railway,m,2162.4322885754636
2025-02-08,Laying steel rail,Railway,m,520.9490769833775
2025-07-04,Laying steel rail,Railway,m,1922.3328768173992
2025-02-07,Coat preparation,Road,L,3788.0974391004033
2025-09-03,Cement making,Building,m3,3590.045928717969
2025-11-28,Iron mining,Railway,m3,978.1768142174091
2025-08-06,Laying steel rail,Railway,m,4661.177903453445
2025-03-24,Coat preparation,Road,L,3327.6007494931264
2025-10-08,Pavement,Road,m2,3746.709231672383
2025-06-08,Subbase application,Road,m2,3978.685681005488
2025-07-13,Subbase application,Road,m2,2922.677449418182
2025-09-27,Terrain leveling,Building,m3,3066.5539943350295
2025-08-15,Pavement,Road,m2,1828.3001604390709
2025-10-25,Iron mining,Railway,m3,2942.5901653969254
2025-02-23,Anchorage,Railway,m2,741.2476328532358
2025-11-08,Iron mining,Railway,m3,89.26125621328663
2025-01-28,Cement making,Building,m3,1656.0456778399014
2025-11-04,Foundation pouring,Building,m3,1176.747222654031
2025-12-10,Terrain leveling,Building,m3,786.2183796184752
2025-05-15,Iron mining,Railway,m3,301.004172882412
2025-09-25,Terrain leveling,Building,m3,1325.6107721341564
2025-05-29,Terrain leveling,Building,m3,3765.6395758560857
2025-06-06,Iron mining,Railway,m3,4459.085467074911
2025-05-08,Anchorage,Railway,m2,3788.232367706609
2025-09-20,Rolling/Tractor,Road,m2,2774.0820898855413
2025-01-21,Cement making,Building,m3,359.270662781932
2025-05-04,Walling,Building,m2,3455.8209851228135
2025-08-30,Anchorage,Railway,m2,714.361943610069
2025-02-21,Terrain leveling,Building,m3,2060.589198222955
2025-11-16,Walling,Building,m2,1725.3511449410298
2025-11-23,Ballast,Railway,m3,3660.78857294937
2025-01-16,Iron mining,Railway,m3,122.85380140791725
2025-03-29,Pavement,Road,m2,4696.351497227752
2025-09-11,Subbase application,Road,m2,3152.7802004769787
2025-11-08,Pavement,Road,m2,700.7242227137273
2025-02-22,Walling,Building,m2,4785.849294004431
2025-06-14,Removing trees,Building,m2,4993.721869199714
2025-01-29,Removing trees,Building,m2,356.9070762032589
2025-06-02,Subbase application,Road,m2,3542.9078252762815
2025-08-22,Cement making,Building,m3,846.9878056176916
2025-05-14,Ballast,Railway,m3,4131.343350378358
2025-11-22,Subbase application,Road,m2,3444.2792351633143
2025-09-02,Laying steel rail,Railway,m,3171.0633289359707
2025-05-28,Laying steel rail,Railway,m,1461.1354921864988
2025-01-22,Cement making,Building,m3,3453.8168868339562
2025-02-15,Pavement,Road,m2,1745.5630959095142
2025-07-01,Pavement,Road,m2,2615.691977909496
2025-12-25,Cement making,Building,m3,3931.6054595654427
2025-10-19,Removing trees,Building,m2,2439.3254979465178
2025-03-06,Laying steel rail,Railway,m,1920.049599215759
2025-05-20,Anchorage,Railway,m2,2452.4533111686005
2025-01-19,Removing trees,Building,m2,4987.049399697374
2025-08-20,Walling,Building,m2,4777.441774734084
2025-06-26,Terrain leveling,Building,m3,3673.632264879785
2025-09-26,Laying steel rail,Railway,m,2312.877633430244
2025-12-17,Rolling/Tractor,Road,m2,3825.5548141104446
2025-09-19,Rolling/Tractor,Road,m2,1101.890121997664
2025-03-13,Foundation pouring,Building,m3,1714.3737409238906
2025-11-09,Coat preparation,Road,L,3976.1022960717337
2025-08-14,Pavement,Road,m2,2382.5824566981414
2025-10-12,Iron mining,Railway,m3,3119.3208316295163
2025-07-11,Cement making,Building,m3,4195.751319838447
2025-09-27,Foundation pouring,Building,m3,228.4932826501207
2025-08-08,Anchorage,Railway,m2,1952.2290255781888
2025-07-03,Ballast,Railway,m3,1165.1941055872921
2025-01-04,Rolling/Tractor,Road,m2,1867.4003246408383
2025-04-22,Coat preparation,Road,L,889.9233139864187
2025-02-08,Rolling/Tractor,Road,m2,4807.903258110532
2025-10-12,Terrain leveling,Building,m3,601.6601863186883
2025-01-03,Ballast,Railway,m3,3466.650020426714
2025-11-07,Removing trees,Building,m2,3211.1457783181045
2025-06-11,Rolling/Tractor,Road,m2,3828.8554105721823
2025-06-07,Anchorage,Railway,m2,1949.8615682011089
2025-11-25,Cement making,Building,m3,1541.372094450465
2025-07-31,Cement making,Building,m3,3246.1136380331577
2025-10-20,Foundation pouring,Building,m3,2343.0995914563973
2025-12-03,Laying steel rail,Railway,m,220.37045999600048
2025-01-23,Subbase application,Road,m2,3895.6419104884667
2025-05-18,Subbase application,Road,m2,2796.259935712283
2025-08-31,Walling,Building,m2,445.12212139624586
2025-03-29,Coat preparation,Road,L,570.5181115988511
2025-01-11,Coat preparation,Road,L,4194.433897737601
2025-01-12,Coat preparation,Road,L,3110.6697721997684
2025-08-21,Walling,Building,m2,2938.369413715965
2025-11-27,Foundation pouring,Building,m3,176.15465061730785
2025-08-10,Foundation pouring,Building,m3,952.0546973505567
2025-03-07,Foundation pouring,Building,m3,1706.736159970562
2025-08-27,Rolling/Tractor,Road,m2,2787.861693546305
2025-10-26,Ballast,Railway,m3,57.92507058681395
2025-04-28,Terrain leveling,Building,m3,2161.2398267537096
2025-05-26,Terrain leveling,Building,m3,2450.3075424402605
2025-03-12,Walling,Building,m2,2547.3777928029062
2025-03-09,Removing trees,Building,m2,548.430362706086
2025-03-24,Coat preparation,Road,L,3195.8188439741884
2025-10-22,Removing trees,Building,m2,1402.499661314574
2025-11-25,Coat preparation,Road,L,4648.511554920987
2025-07-07,Pavement,Road,m2,126.68267791705712
2025-06-24,Foundation pouring,Building,m3,3339.578976437464
2025-07-23,Terrain leveling,Building,m3,1902.2556458457318
2025-01-22,Subbase application,Road,m2,4705.499018549098
2025-05-09,Ballast,Railway,m3,4480.05634419274
2025-12-14,Iron mining,Railway,m3,1357.4347756197324
2025-08-10,Removing trees,Building,m2,1909.4061207681418
2025-07-04,Iron mining,Railway,m3,100.06787973650289
2025-09-06,Pavement,Road,m2,881.4701770680073
2025-12-16,Ballast,Railway,m3,2932.2377707542473
2025-02-01,Removing trees,Building,m2,4782.391404103798
2025-04-12,Terrain leveling,Building,m3,4064.663330235813
2025-12-03,Removing trees,Building,m2,2290.8295107098543
2025-07-31,Iron mining,Railway,m3,2541.5353960035227
2025-05-12,Anchorage,Railway,m2,1407.9745735567956
2025-08-02,Ballast,Railway,m3,3280.2539571293028
2025-07-15,Cement making,Building,m3,1004.7936174966676
2025-04-11,Terrain leveling,Building,m3,4443.317573503096
2025-01-03,Laying steel rail,Railway,m,1937.1874115836945
2025-12-22,Anchorage,Railway,m2,4646.525565666155
2025-01-15,Foundation pouring,Building,m3,3187.7237972932803
2025-04-18,Terrain leveling,Building,m3,1878.2632342548134
2025-06-17,Anchorage,Railway,m2,4312.414943240009
2025-05-31,Coat preparation,Road,L,4367.619643696503
2025-06-23,Laying steel rail,Railway,m,3219.207168195883
2025-01-20,Ballast,Railway,m3,378.22706322410806
2025-03-07,Ballast,Railway,m3,4294.938457562911
2025-06-08,Subbase application,Road,m2,4825.676035632246
2025-12-28,Coat preparation,Road,L,489.83787472860587
2025-11-11,Coat preparation,Road,L,196.68282920625447
2025-09-24,Iron mining,Railway,m3,2820.421329038773
2025-02-10,Terrain leveling,Building,m3,1887.2925111640316
2025-05-03,Pavement,Road,m2,1066.9798389868506
2025-08-22,Rolling/Tractor,Road,m2,4346.567529361295
2025-02-17,Rolling/Tractor,Road,m2,1221.736481609924
2025-03-22,Rolling/Tractor,Road,m2,2304.611189542311
2025-09-04,Subbase application,Road,m2,2536.0213941122734
2025-08-27,Removing trees,Building,m2,2544.4436862654456
2025-04-16,Walling,Building,m2,3164.1963559947108
2025-02-24,Removing trees,Building,m2,2733.098413272476
2025-04-25,Coat preparation,Road,L,2300.1731846100247
2025-03-25,Cement making,Building,m3,2517.129488979722
2025-05-09,Terrain leveling,Building,m3,4037.663053397596
2025-02-25,Removing trees,Building,m2,3592.1830722095615
2025-03-19,Cement making,Building,m3,2693.148026212708
2025-02-25,Walling,Building,m2,3627.915642746723
2025-02-04,Cement making,Building,m3,4043.178472734308
2025-01-21,Ballast,Railway,m3,2542.7700341609207
2025-07-04,Removing trees,Building,m2,424.10199280329573
2025-09-21,Cement making,Building,m3,3624.221202630602
2025-05-15,Anchorage,Railway,m2,298.66806728438445
2025-03-04,Ballast,Railway,m3,3747.247931535728
2025-06-12,Removing trees,Building,m2,3133.0044749129584
2025-10-31,Rolling/Tractor,Road,m2,2497.0137277971803
2025-02-16,Anchorage,Railway,m2,968.938884831872
2025-01-01,Terrain leveling,Building,m3,312.96304223680403
2025-04-18,Terrain leveling,Building,m3,2187.1437176951135
2025-11-27,Terrain leveling,Building,m3,2974.544620189653
2025-01-12,Laying steel rail,Railway,m,699.6022430398713
2025-05-28,Ballast,Railway,m3,3399.2289910305494
2025-02-01,Subbase application,Road,m2,3295.763768573133
2025-07-20,Subbase application,Road,m2,48.931707839968695
2025-04-24,Rolling/Tractor,Road,m2,1502.718555681587
2025-04-02,Pavement,Road,m2,2390.798002030166
2025-01-06,Laying steel rail,Railway,m,59.867728378866225
2025-08-07,Walling,Building,m2,2153.8410861488337
2025-11-30,Rolling/Tractor,Road,m2,1703.875140536905
2025-01-06,Coat preparation,Road,L,1307.316913396811
2025-08-10,Rolling/Tractor,Road,m2,208.0116733179921
2025-09-15,Iron mining,Railway,m3,4175.0036015901505
2025-08-03,Subbase application,Road,m2,2616.0719256193656
2025-08-09,Ballast,Railway,m3,2228.6467366977204
2025-09-01,Removing trees,Building,m2,4996.451363341973
2025-10-27,Ballast,Railway,m3,2382.522819474505
2025-10-08,Walling,Building,m2,3255.2031132901034
2025-08-09,Cement making,Building,m3,1970.022335822884
2025-03-27,Cement making,Building,m3,4073.295165387345
2025-12-20,Removing trees,Building,m2,3624.9103066564876
2025-10-28,Subbase application,Road,m2,2655.088265492602
2025-04-22,Ballast,Railway,m3,3538.882448515123
2025-08-04,Pavement,Road,m2,1021.3529292934359
2025-03-24,Terrain leveling,Building,m3,719.5104486024595
2025-04-24,Coat preparation,Road,L,2176.9199144913973
2025-04-19,Ballast,Railway,m3,4046.8024758433485
2025-08-10,Iron mining,Railway,m3,3803.1618438075093
2025-04-21,Cement making,Building,m3,2912.452298165074
2025-05-26,Laying steel rail,Railway,m,1638.657948717893
2025-01-22,Laying steel rail,Railway,m,735.3114332061167
2025-05-02,Walling,Building,m2,4434.2093428684575
2025-04-01,Ballast,Railway,m3,4563.494814604152
2025-12-02,Ballast,Railway,m3,3114.3166528494457
2025-09-09,Terrain leveling,Building,m3,1603.4784608367197
2025-01-01,Pavement,Road,m2,3406.6587362337314
2025-06-09,Foundation pouring,Building,m3,1837.1053551536775
2025-09-06,Laying steel rail,Railway,m,4871.253105161598
2025-02-22,Pavement,Road,m2,1798.0057326997971
2025-03-15,Walling,Building,m2,1675.9285165009774
2025-10-16,Laying steel rail,Railway,m,1150.841348690716
2025-01-08,Laying steel rail,Railway,m,125.48012384619778
2025-05-26,Coat preparation,Road,L,1443.1631820995956
2025-02-08,Subbase application,Road,m2,1406.2588204283006
2025-03-24,Cement making,Building,m3,4445.578673297877
2025-10-12,Walling,Building,m2,1100.691170229105
2025-10-01,Cement making,Building,m3,4948.256536568563
2025-03-01,Terrain leveling,Building,m3,1148.942734079507
2025-05-20,Anchorage,Railway,m2,4999.357285998751
2025-01-25,Terrain leveling,Building,m3,3276.0984116387185
2025-10-25,Pavement,Road,m2,1034.4183009700985
2025-10-20,Cement making,Building,m3,1698.185316099073
2025-06-06,Terrain leveling,Building,m3,3507.5948156623517
2025-03-12,Walling,Building,m2,2701.349637657699
2025-01-09,Coat preparation,Road,L,1770.3641377122103
2025-02-09,Removing trees,Building,m2,534.5952410925942
2025-01-16,Coat preparation,Road,L,2497.1382709380337
2025-08-04,Coat preparation,Road,L,843.702824472456
2025-05-02,Rolling/Tractor,Road,m2,2798.3587550767124
2025-06-21,Coat preparation,Road,L,525.1011382405607
2025-10-31,Pavement,Road,m2,2830.1090346461665
2025-04-12,Ballast,Railway,m3,1613.3022057795122
2025-06-11,Iron mining,Railway,m3,666.9864504619883
2025-08-28,Foundation pouring,Building,m3,2400.625214545106
2025-06-07,Anchorage,Railway,m2,4085.715174838692
2025-09-09,Coat preparation,Road,L,3986.8142020172863
2025-02-28,Foundation pouring,Building,m3,1766.4238019673262
2025-08-27,Subbase application,Road,m2,479.1331569203744
2025-10-25,Terrain leveling,Building,m3,984.1873050567074
2025-09-25,Subbase application,Road,m2,1017.8430983804366
2025-07-18,Anchorage,Railway,m2,784.7626044752592
2025-01-02,Anchorage,Railway,m2,2141.7229275697237
2025-12-16,Terrain leveling,Building,m3,736.718314477326
2025-10-13,Removing trees,Building,m2,1984.4635143092976
2025-06-06,Rolling/Tractor,Road,m2,4870.533506988118
2025-04-01,Rolling/Tractor,Road,m2,3703.1991389409163
2025-09-29,Laying steel rail,Railway,m,1268.7621288501189
2025-06-05,Iron mining,Railway,m3,3979.8695636569732
2025-01-31,Laying steel rail,Railway,m,2796.9318717081283
2025-06-15,Subbase application,Road,m2,3546.121801383876
2025-11-07,Foundation pouring,Building,m3,2671.279109908663
2025-09-06,Ballast,Railway,m3,2401.553412352235
2025-05-04,Walling,Building,m2,1377.3492283793637
2025-06-06,Pavement,Road,m2,2708.6075006068404
2025-10-21,Removing trees,Building,m2,3985.4841476213055
2025-03-28,Laying steel rail,Railway,m,1537.5916793297745
2025-02-22,Pavement,Road,m2,4179.665296653448
2025-09-22,Walling,Building,m2,3531.197036101021
2025-06-17,Terrain leveling,Building,m3,4521.387152493199
2025-03-25,Iron mining,Railway,m3,1785.5322519363858
2025-05-15,Laying steel rail,Railway,m,228.35629865264772
2025-01-25,Iron mining,Railway,m3,3476.8971137288363
2025-02-23,Subbase application,Road,m2,3348.888884151672
2025-11-14,Foundation pouring,Building,m3,3970.0365244365244
2025-11-04,Walling,Building,m2,2868.829355809002
2025-02-15,Coat preparation,Road,L,3841.038965909718
2025-04-09,Laying steel rail,Railway,m,2382.4208961551544
2025-01-16,Walling,Building,m2,3749.847287981746
2025-12-13,Pavement,Road,m2,1297.4891315971815
2025-04-19,Ballast,Railway,m3,1763.88688431232
2025-06-16,Removing trees,Building,m2,2606.0974314086056
2025-09-28,Rolling/Tractor,Road,m2,222.8172242203208
2025-07-29,Rolling/Tractor,Road,m2,4433.901810530988
2025-02-01,Removing trees,Building,m2,3748.9709418881193
2025-05-29,Anchorage,Railway,m2,4456.072289694094
2025-02-15,Pavement,Road,m2,2549.6456924897047
2025-02-01,Laying steel rail,Railway,m,3828.015724633923
2025-07-02,Pavement,Road,m2,4773.903202878345
2025-05-14,Subbase application,Road,m2,2190.2691064533024
2025-05-03,Terrain leveling,Building,m3,1722.6349344645869
2025-12-09,Removing trees,Building,m2,4155.755316694401
2025-11-08,Walling,Building,m2,4057.9794036795797
2025-07-26,Pavement,Road,m2,3232.8830788967953
2025-05-26,Coat preparation,Road,L,1505.1945265055488
2025-09-22,Walling,Building,m2,1560.4018976239042
2025-11-22,Anchorage,Railway,m2,1622.1549486124281
2025-03-30,Subbase application,Road,m2,1982.0255209502702
2025-09-10,Removing trees,Building,m2,3060.9818502519825
2025-11-19,Anchorage,Railway,m2,1645.03092971931
2025-03-19,Laying steel rail,Railway,m,3942.024937468626
2025-08-29,Laying steel rail,Railway,m,3413.6111963746685
2025-06-04,Terrain leveling,Building,m3,1878.4849291618516
2025-01-15,Iron mining,Railway,m3,312.87264763139365
2025-06-01,Anchorage,Railway,m2,2253.2238110124754
2025-04-24,Cement making,Building,m3,3.0646445286491852
2025-01-02,Coat preparation,Road,L,3277.5151308905843
2025-08-17,Removing trees,Building,m2,1887.8179252013754
2025-06-06,Terrain leveling,Building,m3,3421.2044029216913
2025-09-04,Laying steel rail,Railway,m,1018.6469422771615
2025-10-18,Iron mining,Railway,m3,4058.492436516011
2025-10-06,Rolling/Tractor,Road,m2,26.39047646056547
2025-09-11,Coat preparation,Road,L,733.639126943747
2025-03-05,Walling,Building,m2,1116.183381366136
2025-04-16,Cement making,Building,m3,2723.570310272549
2025-05-17,Coat preparation,Road,L,2855.3596522669204
2025-01-18,Coat preparation,Road,L,513.7308776221822
2025-06-22,Iron mining,Railway,m3,384.6967405071128
2025-01-30,Terrain leveling,Building,m3,4160.5602206210215
2025-05-01,Terrain leveling,Building,m3,4535.768554754036
2025-03-26,Laying steel rail,Railway,m,86.50592809464396
2025-02-21,Cement making,Building,m3,555.928093062395
2025-10-16,Subbase application,Road,m2,1736.2817374756428
2025-12-25,Anchorage,Railway,m2,1064.5041868237986
2025-01-11,Terrain leveling,Building,m3,3357.701985952022
2025-07-09,Foundation pouring,Building,m3,1997.954732382024
2025-03-21,Pavement,Road,m2,395.3748146098596
2025-06-06,Rolling/Tractor,Road,m2,3578.6383932074255
2025-01-29,Rolling/Tractor,Road,m2,2086.1550614651164
2025-12-11,Rolling/Tractor,Road,m2,3364.090358826952
2025-07-13,Pavement,Road,m2,3603.7802187476714
2025-01-14,Pavement,Road,m2,2725.61842149416
2025-05-21,Walling,Building,m2,3845.623919742794
2025-11-03,Anchorage,Railway,m2,362.97846499818877
2025-10-05,Walling,Building,m2,4813.002343578368
2025-03-20,Iron mining,Railway,m3,2803.989921941217
2025-09-02,Terrain leveling,Building,m3,1680.784264145987
2025-10-12,Removing trees,Building,m2,2054.268709900063
2025-01-15,Walling,Building,m2,551.936187995159
2025-12-03,Terrain leveling,Building,m3,4364.683800606837
2025-05-29,Terrain leveling,Building,m3,564.6610843492666
2025-08-17,Rolling/Tractor,Road,m2,2356.49001657585
2025-05-29,Ballast,Railway,m3,2277.455460346355
2025-05-01,Subbase application,Road,m2,3792.0029407788984
2025-08-09,Ballast,Railway,m3,1961.0578256752037
2025-09-05,Subbase application,Road,m2,1079.7132939554233
2025-05-28,Cement making,Building,m3,2733.11682602988
2025-01-05,Foundation pouring,Building,m3,3056.293417369638
2025-01-04,Iron mining,Railway,m3,85.57938527358311
2025-04-17,Walling,Building,m2,2765.3199708823017
2025-08-20,Coat preparation,Road,L,4777.258372582465
2025-06-08,Cement making,Building,m3,2346.889294335889
2025-06-19,Coat preparation,Road,L,1842.6358426447753
2025-09-23,Walling,Building,m2,2928.673498598048
2025-01-12,Rolling/Tractor,Road,m2,1447.4256419590913
2025-12-02,Cement making,Building,m3,2654.268718852143
2025-11-13,Laying steel rail,Railway,m,1893.3521576703206
2025-12-11,Coat preparation,Road,L,4957.712714537579
2025-06-20,Coat preparation,Road,L,427.47870750931
2025-11-30,Subbase application,Road,m2,4574.463654334046
2025-01-12,Cement making,Building,m3,4880.598873452161
2025-08-27,Ballast,Railway,m3,1921.4664955345772
2025-09-14,Pavement,Road,m2,4076.8949113769377
2025-06-29,Foundation pouring,Building,m3,3656.614157541917
2025-05-21,Subbase application,Road,m2,3502.3971636426463
2025-07-26,Subbase application,Road,m2,887.2130397499673
2025-08-20,Pavement,Road,m2,2768.6963946421274
2025-12-16,Pavement,Road,m2,1506.1621512875329
2025-06-29,Walling,Building,m2,3883.7400036982476
2025-08-28,Cement making,Building,m3,3033.485505183543
2025-12-28,Anchorage,Railway,m2,4463.097137809991
2025-01-02,Anchorage,Railway,m2,591.5295624737465
2025-07-31,Laying steel rail,Railway,m,3549.4140694416965
2025-04-25,Coat preparation,Road,L,878.3512224343621
2025-09-08,Removing trees,Building,m2,2218.375816832982
2025-03-14,Foundation pouring,Building,m3,4281.227818309062
2025-06-19,Anchorage,Railway,m2,2246.6896458379497
2025-08-29,Cement making,Building,m3,4318.3676432008815
2025-12-28,Iron mining,Railway,m3,3708.6466398795415
2025-08-27,Ballast,Railway,m3,2061.1980099012476
2025-06-27,Iron mining,Railway,m3,1906.7909392381093
2025-10-07,Cement making,Building,m3,4893.347340571672
2025-10-09,Anchorage,Railway,m2,2780.113682500845
2025-07-21,Removing trees,Building,m2,3148.7806363190352
2025-11-27,Coat preparation,Road,L,4167.845046332656
2025-04-24,Terrain leveling,Building,m3,2755.5378762611676
2025-12-05,Pavement,Road,m2,2633.058883496829
2025-06-22,Subbase application,Road,m2,4830.068258705326
2025-09-17,Anchorage,Railway,m2,2109.547332185616
2025-02-09,Removing trees,Building,m2,3229.0508479223136
2025-03-12,Removing trees,Building,m2,3366.227118433115
2025-01-23,Foundation pouring,Building,m3,4801.492223740809
2025-04-24,Terrain leveling,Building,m3,2171.070904244754
2025-05-05,Removing trees,Building,m2,4596.35025242146
2025-03-21,Cement making,Building,m3,3363.436016597719
2025-01-19,Ballast,Railway,m3,4594.350759854615
2025-02-20,Anchorage,Railway,m2,2638.785258907511
2025-05-26,Laying steel rail,Railway,m,843.3371737803535
2025-12-10,Iron mining,Railway,m3,4339.153653727977
2025-09-20,Iron mining,Railway,m3,3802.5827737000977
2025-09-13,Removing trees,Building,m2,1599.1410256137829
2025-03-21,Iron mining,Railway,m3,2533.0437902249796
2025-11-14,Iron mining,Railway,m3,3790.448200136865
2025-11-08,Coat preparation,Road,L,2319.446118847866
2025-12-09,Subbase application,Road,m2,4854.61360972206
2025-07-31,Iron mining,Railway,m3,760.1777736633009
2025-10-25,Terrain leveling,Building,m3,1127.131431312156
2025-09-19,Rolling/Tractor,Road,m2,117.8600955471959
2025-05-07,Laying steel rail,Railway,m,2996.889242946698
2025-02-14,Laying steel rail,Railway,m,3264.731844938647
2025-06-20,Coat preparation,Road,L,4870.079155594962
2025-12-27,Iron mining,Railway,m3,1282.023344072783
2025-06-30,Anchorage,Railway,m2,1621.5174970021906
2025-11-01,Removing trees,Building,m2,3252.603576231849
2025-10-13,Coat preparation,Road,L,3019.627033519617
2025-07-12,Foundation pouring,Building,m3,1014.5184009729719
2025-03-22,Anchorage,Railway,m2,4552.038890862447
2025-09-12,Coat preparation,Road,L,284.64386345071426
2025-01-05,Rolling/Tractor,Road,m2,2001.6042188675265
2025-08-11,Ballast,Railway,m3,1203.4692559557675
2025-09-25,Cement making,Building,m3,1919.1404709183907
2025-05-10,Subbase application,Road,m2,3752.7803002442206
2025-10-09,Coat preparation,Road,L,1497.981083558021
2025-10-04,Subbase application,Road,m2,1838.4159837321336
2025-07-23,Removing trees,Building,m2,3011.67873194721
2025-03-05,Cement making,Building,m3,2962.838979521859
2025-05-19,Ballast,Railway,m3,2962.270773652027
2025-06-10,Terrain leveling,Building,m3,2111.4247879622503
2025-01-30,Ballast,Railway,m3,2981.4466923705313
2025-10-01,Rolling/Tractor,Road,m2,3688.4136869413896
2025-01-08,Cement making,Building,m3,3706.7403132000904
2025-10-05,Rolling/Tractor,Road,m2,1431.551407648583
2025-02-28,Terrain leveling,Building,m3,2742.355406171464
2025-09-03,Iron mining,Railway,m3,4248.608386512136
2025-04-03,Walling,Building,m2,1129.148348373421
2025-01-20,Walling,Building,m2,1816.1295170691626
2025-01-07,Subbase application,Road,m2,2757.234635889114
2025-08-11,Subbase application,Road,m2,4694.705319589091
2025-08-04,Laying steel rail,Railway,m,2921.143315547359
2025-04-26,Removing trees,Building,m2,4201.455228500897
2025-02-28,Foundation pouring,Building,m3,3851.74959012008
2025-12-11,Cement making,Building,m3,566.7879881868021
2025-09-02,Coat preparation,Road,L,3968.617914488785
2025-11-13,Rolling/Tractor,Road,m2,2138.291458620829
2025-11-25,Cement making,Building,m3,1734.9686240007072
2025-12-05,Anchorage,Railway,m2,2901.0751756748414
2025-11-03,Ballast,Railway,m3,4116.230722113119
2025-12-21,Anchorage,Railway,m2,2104.217870291118
2025-07-02,Ballast,Railway,m3,1539.905380593058
2025-10-08,Walling,Building,m2,3732.196811860199
2025-08-17,Laying steel rail,Railway,m,3023.96994263819
2025-01-13,Ballast,Railway,m3,275.20201032662396
2025-08-18,Anchorage,Railway,m2,4424.898834515488
2025-06-07,Foundation pouring,Building,m3,1241.8718442562122
2025-10-20,Iron mining,Railway,m3,3993.0476563713946
2025-11-02,Removing trees,Building,m2,1052.870942265226
2025-04-27,Pavement,Road,m2,97.98280829002192
2025-09-23,Coat preparation,Road,L,956.4226472278103
2025-05-07,Rolling/Tractor,Road,m2,2881.5781840321965
2025-08-13,Pavement,Road,m2,2941.8131175645735
2025-03-02,Rolling/Tractor,Road,m2,2041.4368645426189
2025-01-09,Terrain leveling,Building,m3,3990.288006821785
2025-10-25,Ballast,Railway,m3,1067.4064835568447
2025-11-14,Laying steel rail,Railway,m,2512.841089819449
2025-11-28,Ballast,Railway,m3,1222.4989355696703
2025-03-22,Anchorage,Railway,m2,271.17281658437076
2025-02-20,Iron mining,Railway,m3,2846.1190688192446
2025-11-03,Subbase application,Road,m2,2173.498519153102
2025-02-24,Laying steel rail,Railway,m,4178.756933897846
2025-11-05,Foundation pouring,Building,m3,3964.7002142629813
2025-12-04,Anchorage,Railway,m2,2676.680279312716
2025-12-29,Coat preparation,Road,L,2296.1964596284997
2025-02-07,Terrain leveling,Building,m3,2563.030908517263
2025-10-08,Anchorage,Railway,m2,4942.407330200097
2025-01-08,Coat preparation,Road,L,1305.3057377329835
2025-03-25,Cement making,Building,m3,2927.213947833826
2025-01-18,Walling,Building,m2,3522.5905940199746
2025-09-26,Pavement,Road,m2,4106.651936675607
2025-10-18,Iron mining,Railway,m3,2010.094031143369
2025-08-03,Foundation pouring,Building,m3,4816.401854644768
2025-02-02,Walling,Building,m2,3671.345485988783
2025-02-03,Laying steel rail,Railway,m,1699.4762441077437
2025-06-14,Iron mining,Railway,m3,4014.6045498531475
2025-11-15,Subbase application,Road,m2,3867.7779583630927
2025-07-11,Removing trees,Building,m2,3891.184242749694
2025-01-10,Iron mining,Railway,m3,1379.698061772544
2025-03-16,Terrain leveling,Building,m3,4517.983734498196
2025-03-04,Foundation pouring,Building,m3,2315.304484696789
2025-02-13,Terrain leveling,Building,m3,2769.925770908728
2025-06-16,Ballast,Railway,m3,3853.4767976919147
2025-11-23,Iron mining,Railway,m3,3782.4031945387387
2025-04-18,Ballast,Railway,m3,3975.9910514228714
2025-01-29,Subbase application,Road,m2,3148.3879443867204
2025-12-10,Removing trees,Building,m2,2188.330302914146
2025-05-11,Anchorage,Railway,m2,4305.491254260203
2025-04-21,Terrain leveling,Building,m3,4824.065978554092
2025-07-31,Removing trees,Building,m2,4007.8645466204694
2025-04-13,Terrain leveling,Building,m3,1629.0510679991448
2025-01-17,Terrain leveling,Building,m3,286.0994797129102
2025-07-02,Anchorage,Railway,m2,3865.311748763564
2025-01-19,Rolling/Tractor,Road,m2,3781.8443710909955
2025-03-04,Ballast,Railway,m3,4766.201878802306
2025-08-07,Removing trees,Building,m2,2366.1636606028605
2025-02-02,Coat preparation,Road,L,2869.762153404816
2025-05-14,Subbase application,Road,m2,1122.0911065171274
2025-01-13,Coat preparation,Road,L,3283.842363116298
2025-11-27,Removing trees,Building,m2,4999.579067741552
2025-04-06,Removing trees,Building,m2,1943.8086661467607
2025-08-01,Laying steel rail,Railway,m,189.24625328523237
2025-03-14,Coat preparation,Road,L,232.86992001637253
2025-04-02,Coat preparation,Road,L,4760.9270334039775
2025-09-22,Walling,Building,m2,1189.367362453191
2025-07-20,Cement making,Building,m3,4671.901911074461
2025-10-30,Rolling/Tractor,Road,m2,1839.8290426261299
2025-03-08,Removing trees,Building,m2,2462.551566361096
2025-09-14,Iron mining,Railway,m3,1808.1069787301635
2025-03-01,Cement making,Building,m3,2965.6323844703015
2025-07-27,Subbase application,Road,m2,268.2754173000784
2025-08-08,Subbase application,Road,m2,97.9012462589135
2025-01-18,Rolling/Tractor,Road,m2,2962.842718661986
2025-10-18,Ballast,Railway,m3,1264.7628173305104
2025-05-17,Terrain leveling,Building,m3,3500.7540247404627
2025-06-20,Laying steel rail,Railway,m,372.2123145749678
2025-09-28,Coat preparation,Road,L,3506.0487352446603
2025-09-21,Coat preparation,Road,L,1734.6885192011114
2025-03-17,Walling,Building,m2,604.1777139144655
2025-05-25,Foundation pouring,Building,m3,1918.527028133493
2025-12-17,Laying steel rail,Railway,m,327.047734808949
2025-01-02,Foundation pouring,Building,m3,4441.352507128322
2025-01-17,Laying steel rail,Railway,m,79.87041900626768
2025-05-07,Anchorage,Railway,m2,2227.7010218606447
2025-12-08,Ballast,Railway,m3,2554.7846332947975
2025-08-03,Laying steel rail,Railway,m,4317.024513486076
2025-05-02,Walling,Building,m2,781.7643627943361
2025-04-02,Walling,Building,m2,2845.472074469264
2025-04-07,Subbase application,Road,m2,3182.192926995907
2025-02-01,Iron mining,Railway,m3,3137.814821913586
2025-04-28,Pavement,Road,m2,4012.219048240594
2025-05-21,Coat preparation,Road,L,2507.8227752144926
2025-10-25,Coat preparation,Road,L,1851.017419937787
2025-08-09,Terrain leveling,Building,m3,1278.3952757036166
2025-09-19,Pavement,Road,m2,1874.6531645587017
2025-11-10,Walling,Building,m2,3597.7857548950146
2025-03-20,Walling,Building,m2,4552.552735515013
2025-12-16,Removing trees,Building,m2,4893.18966765643
2025-11-21,Anchorage,Railway,m2,775.6605710167247
2025-07-07,Anchorage,Railway,m2,612.5038762279572
2025-09-25,Pavement,Road,m2,2860.114492619407
2025-04-23,Laying steel rail,Railway,m,1150.8331892613994
2025-04-20,Laying steel rail,Railway,m,126.50657381341634
2025-12-18,Iron mining,Railway,m3,1228.7714617842744
2025-10-30,Coat preparation,Road,L,2013.1574650508228
2025-02-02,Coat preparation,Road,L,2219.9908309885495
2025-01-17,Walling,Building,m2,4794.876590000094
2025-06-05,Terrain leveling,Building,m3,1048.4476129403436
2025-10-23,Ballast,Railway,m3,3720.8086352761184
2025-12-21,Rolling/Tractor,Road,m2,2869.663635658181
2025-04-29,Iron mining,Railway,m3,702.4767426596723
2025-05-21,Foundation pouring,Building,m3,2192.0446939495014
2025-11-11,Cement making,Building,m3,944.1834118581654
2025-02-12,Subbase application,Road,m2,1805.8998858371683
2025-03-27,Cement making,Building,m3,1152.5627927324667
2025-11-13,Pavement,Road,m2,3589.4618698682157
2025-07-17,Iron mining,Railway,m3,3152.2065880972327
2025-11-06,Iron mining,Railway,m3,3219.3690812526884
2025-08-18,Subbase application,Road,m2,2003.6993399368841
2025-08-19,Pavement,Road,m2,2091.2457334481683
2025-10-17,Anchorage,Railway,m2,1624.758799560303
2025-07-16,Anchorage,Railway,m2,2464.5434513128334
2025-12-19,Foundation pouring,Building,m3,1682.0288454390343
2025-01-11,Removing trees,Building,m2,3391.924612279221
2025-01-28,Cement making,Building,m3,299.8228583874379
2025-12-29,Foundation pouring,Building,m3,3331.272648594241
2025-09-11,Ballast,Railway,m3,2244.0557934710528
2025-11-27,Iron mining,Railway,m3,218.87676067788075
2025-06-03,Rolling/Tractor,Road,m2,3427.905250000889
2025-05-29,Subbase application,Road,m2,4003.325103548007
2025-04-29,Foundation pouring,Building,m3,265.42760216920925
2025-05-14,Anchorage,Railway,m2,2295.8585893168324
2025-04-21,Iron mining,Railway,m3,1907.3584337706018
2025-06-07,Iron mining,Railway,m3,4526.009504093085
2025-07-23,Removing trees,Building,m2,1238.422503639064
2025-06-17,Coat preparation,Road,L,3239.7300678144684
2025-10-30,Coat preparation,Road,L,628.3336401400159
2025-06-07,Removing trees,Building,m2,426.27819641507637
2025-10-08,Walling,Building,m2,3411.8283870986634
2025-08-11,Iron mining,Railway,m3,3792.0813292967155
2025-03-27,Removing trees,Building,m2,4450.942885509353
2025-08-15,Rolling/Tractor,Road,m2,43.7540399057984
2025-10-01,Foundation pouring,Building,m3,1601.6251481509942
2025-08-20,Removing trees,Building,m2,3624.3776255521225
2025-10-25,Coat preparation,Road,L,584.8121715298171
2025-02-06,Foundation pouring,Building,m3,2139.9099624981654
2025-02-19,Foundation pouring,Building,m3,3439.3577691201494
2025-09-24,Ballast,Railway,m3,385.9018835399147
2025-04-12,Terrain leveling,Building,m3,122.55866636459334
2025-06-03,Terrain leveling,Building,m3,455.17256017115704
2025-11-02,Coat preparation,Road,L,4807.317706695062
2025-02-10,Coat preparation,Road,L,4688.191755190455
2025-01-21,Walling,Building,m2,1308.8261366592624
2025-08-11,Rolling/Tractor,Road,m2,3080.0049001338216
2025-11-15,Pavement,Road,m2,2835.6213572048755
2025-02-12,Pavement,Road,m2,3337.8304293164806
2025-06-13,Subbase application,Road,m2,1799.3657554933118
2025-01-12,Removing trees,Building,m2,1796.0697102421348
2025-03-29,Rolling/Tractor,Road,m2,3806.0048096350374
2025-02-07,Terrain leveling,Building,m3,341.36205737985534
2025-07-31,Ballast,Railway,m3,1681.2479910145655
2025-10-05,Ballast,Railway,m3,4927.356141514317
2025-12-17,Foundation pouring,Building,m3,4620.6302219264735
2025-05-01,Coat preparation,Road,L,1011.7720765060145
2025-08-06,Subbase application,Road,m2,3385.646907672065
2025-08-17,Subbase application,Road,m2,1718.6976512442714
2025-05-09,Rolling/Tractor,Road,m2,151.42461796605167
2025-08-01,Subbase application,Road,m2,3905.3813670551554
2025-06-03,Removing trees,Building,m2,3828.7363583280858
2025-01-27,Terrain leveling,Building,m3,1830.3945585550773
2025-01-26,Subbase application,Road,m2,4786.447371527382
2025-02-07,Cement making,Building,m3,3311.171249319075
2025-02-25,Cement making,Building,m3,3164.090429998704
2025-08-24,Terrain leveling,Building,m3,202.69595783576955
2025-04-01,Removing trees,Building,m2,4834.514079721188
2025-10-07,Laying steel rail,Railway,m,1601.4673387321936
2025-05-15,Walling,Building,m2,3421.5828386324565
2025-10-07,Walling,Building,m2,302.68247612774303
2025-11-09,Cement making,Building,m3,4137.774050870682
2025-06-09,Anchorage,Railway,m2,933.5772053749614
2025-01-19,Foundation pouring,Building,m3,4043.130184566167
2025-12-07,Foundation pouring,Building,m3,2618.632545351144
2025-05-23,Pavement,Road,m2,3274.1720936541496
2025-05-28,Iron mining,Railway,m3,2566.3882966250717
2025-04-09,Iron mining,Railway,m3,4904.725507363148
2025-06-23,Ballast,Railway,m3,213.24297870615683
2025-08-05,Rolling/Tractor,Road,m2,3107.6957247526652
2025-01-17,Laying steel rail,Railway,m,4424.098143814011
2025-10-05,Terrain leveling,Building,m3,837.0621616996027
2025-04-02,Coat preparation,Road,L,4187.112970904446
2025-02-27,Terrain leveling,Building,m3,1164.041419562008
2025-08-23,Terrain leveling,Building,m3,3501.1631947612314
2025-05-11,Anchorage,Railway,m2,4923.647118309426
2025-09-09,Walling,Building,m2,4037.6916427738956
2025-04-30,Rolling/Tractor,Road,m2,4372.804272916599
2025-05-29,Iron mining,Railway,m3,4258.213980452169
2025-08-17,Cement making,Building,m3,965.6549753177679
2025-10-08,Pavement,Road,m2,1126.4266637474434
2025-02-21,Iron mining,Railway,m3,4124.527063994614
2025-07-15,Removing trees,Building,m2,2308.1036137470023
2025-06-10,Removing trees,Building,m2,3456.877904485291
2025-05-13,Anchorage,Railway,m2,2788.140451694833
2025-05-14,Rolling/Tractor,Road,m2,4341.917338577169
2025-04-03,Rolling/Tractor,Road,m2,4434.414608356642
2025-11-28,Removing trees,Building,m2,1209.9736622628616
2025-09-02,Ballast,Railway,m3,31.70104299036247
2025-06-29,Removing trees,Building,m2,359.27067686305827
2025-05-27,Coat preparation,Road,L,1321.6670805672093
2025-01-03,Iron mining,Railway,m3,3416.8206544442405
2025-03-17,Cement making,Building,m3,3289.8427743050133
2025-11-12,Walling,Building,m2,842.6123636244431
2025-03-23,Anchorage,Railway,m2,3307.1350257019712
2025-04-15,Removing trees,Building,m2,4411.1361860694
2025-11-17,Coat preparation,Road,L,3278.529656541882
2025-10-18,Ballast,Railway,m3,1765.2987249466673
2025-08-08,Cement making,Building,m3,1988.5893773011553
2025-07-18,Pavement,Road,m2,730.6180698681419
2025-07-26,Laying steel rail,Railway,m,2722.5474130408984
2025-09-02,Foundation pouring,Building,m3,579.7936073607135
2025-12-12,Subbase application,Road,m2,1640.4532924685873
2025-08-23,Ballast,Railway,m3,1248.7207976704979
2025-07-22,Rolling/Tractor,Road,m2,4494.043846512775
2025-03-21,Pavement,Road,m2,196.06394055802946
2025-07-18,Walling,Building,m2,4102.766578001793
2025-09-01,Cement making,Building,m3,3162.7789271140664
2025-12-01,Coat preparation,Road,L,2594.530863632562
2025-10-07,Iron mining,Railway,m3,1190.5130719532403
2025-12-16,Subbase application,Road,m2,4113.022511578674
2025-06-17,Ballast,Railway,m3,3485.541977131536
2025-12-17,Removing trees,Building,m2,4388.398061000501
2025-11-26,Coat preparation,Road,L,1826.5990407113231
2025-11-06,Cement making,Building,m3,3950.353175768792
2025-10-24,Walling,Building,m2,2391.285171964847
2025-05-12,Cement making,Building,m3,567.2769470169126
2025-12-21,Cement making,Building,m3,3969.2607629827307
2025-12-22,Iron mining,Railway,m3,1754.7032803191064
2025-02-07,Subbase application,Road,m2,1315.5164244179296
2025-09-19,Cement making,Building,m3,3489.6358960604452
2025-12-13,Foundation pouring,Building,m3,3820.000017132171
2025-01-27,Walling,Building,m2,1970.5472255268353
2025-08-04,Cement making,Building,m3,98.89494289818002
2025-08-31,Foundation pouring,Building,m3,4798.7718006595105
2025-10-01,Pavement,Road,m2,4587.946959157005
2025-08-20,Ballast,Railway,m3,4045.3679939108442
2025-10-19,Foundation pouring,Building,m3,3701.334699871518
2025-08-17,Removing trees,Building,m2,4574.906428987578
2025-05-03,Iron mining,Railway,m3,3744.460041363959
2025-05-26,Walling,Building,m2,1787.529870368229
2025-02-06,Anchorage,Railway,m2,91.3632423381061
2025-10-08,Cement making,Building,m3,1723.383203675549
2025-03-26,Terrain leveling,Building,m3,384.79106275291997
2025-08-26,Coat preparation,Road,L,656.3427392693733
2025-03-17,Laying steel rail,Railway,m,1838.6595726203582
2025-07-29,Foundation pouring,Building,m3,3840.9988580367935
2025-08-15,Ballast,Railway,m3,3440.0697579398166
2025-03-06,Removing trees,Building,m2,3719.027755532467
2025-10-01,Cement making,Building,m3,4704.29744912497
2025-10-02,Rolling/Tractor,Road,m2,4436.2938248134005
2025-11-12,Ballast,Railway,m3,4046.3398166147094
2025-12-10,Foundation pouring,Building,m3,4064.958645103311
2025-09-06,Laying steel rail,Railway,m,2133.5687265060988
2025-03-07,Pavement,Road,m2,1107.165643005059
2025-06-15,Subbase application,Road,m2,284.6065372442236
2025-04-03,Subbase application,Road,m2,2116.9691624018074
2025-06-10,Walling,Building,m2,10.367119240600742
2025-08-23,Cement making,Building,m3,100.45569131064691
2025-04-15,Removing trees,Building,m2,4756.830241582779
2025-04-11,Walling,Building,m2,522.6783891428682
2025-10-31,Cement making,Building,m3,1329.9607583382544
2025-03-04,Walling,Building,m2,593.201603010075
2025-01-04,Anchorage,Railway,m2,57.527231687634625
2025-06-10,Coat preparation,Road,L,2145.6999451468123
2025-01-25,Terrain leveling,Building,m3,588.5859013241734
2025-09-09,Cement making,Building,m3,1044.0356539505324
2025-03-31,Foundation pouring,Building,m3,4139.118105777253
2025-05-26,Pavement,Road,m2,3107.2693188633616
2025-11-23,Foundation pouring,Building,m3,2673.643719934383
2025-09-27,Ballast,Railway,m3,65.74756401376614
2025-12-19,Laying steel rail,Railway,m,1851.386373518747
2025-08-03,Removing trees,Building,m2,2853.229767124783
2025-10-13,Subbase application,Road,m2,867.3857963264542
2025-11-17,Anchorage,Railway,m2,466.32059919195444
2025-10-20,Terrain leveling,Building,m3,561.3905206128605
2025-10-11,Cement making,Building,m3,1839.490339358666
2025-12-13,Walling,Building,m2,3249.8238349038816
2025-04-08,Subbase application,Road,m2,2395.788731887222
2025-10-02,Subbase application,Road,m2,1729.8973008771318
2025-02-03,Pavement,Road,m2,4640.976545057285
2025-06-25,Rolling/Tractor,Road,m2,1303.2010290443425
2025-10-31,Subbase application,Road,m2,4920.050283802889
2025-02-01,Terrain leveling,Building,m3,1633.8801594611207
2025-05-13,Iron mining,Railway,m3,2094.761305267895
2025-02-21,Subbase application,Road,m2,3880.7147964743876
2025-03-16,Cement making,Building,m3,4820.315154219586
2025-12-15,Pavement,Road,m2,3081.855132925707
2025-10-20,Iron mining,Railway,m3,487.47881577872965
2025-04-25,Pavement,Road,m2,3906.2812765956733
2025-05-26,Cement making,Building,m3,1988.147921227772
2025-03-31,Terrain leveling,Building,m3,969.8010721937927
2025-01-05,Walling,Building,m2,3790.28464086051
2025-04-16,Cement making,Building,m3,4219.984196984337
2025-01-11,Iron mining,Railway,m3,2451.113589850767
2025-04-18,Laying steel rail,Railway,m,2870.1396394593316
2025-09-19,Laying steel rail,Railway,m,1531.543598306087
2025-05-22,Foundation pouring,Building,m3,2875.452154875547
2025-07-11,Cement making,Building,m3,2822.8155383019744
2025-07-04,Coat preparation,Road,L,1534.724597351948
2025-06-26,Pavement,Road,m2,78.08714287217022
2025-09-12,Laying steel rail,Railway,m,1930.7585756748263
2025-07-08,Walling,Building,m2,3823.6596766994885
2025-07-16,Subbase application,Road,m2,4225.0187512212315
2025-10-31,Removing trees,Building,m2,3870.299130745566
2025-11-05,Coat preparation,Road,L,2353.5431923418855
2025-04-19,Rolling/Tractor,Road,m2,464.96471583161446
2025-06-01,Walling,Building,m2,4158.613370770775
2025-03-10,Terrain leveling,Building,m3,524.4507588739544
2025-12-09,Laying steel rail,Railway,m,1083.9027785875749
2025-10-12,Foundation pouring,Building,m3,2529.0786365323524
2025-03-06,Removing trees,Building,m2,2080.96848389646
2025-01-29,Laying steel rail,Railway,m,4677.620986108906
2025-12-10,Foundation pouring,Building,m3,4565.200111837302
2025-02-28,Laying steel rail,Railway,m,1111.9500669279826
2025-08-27,Laying steel rail,Railway,m,1034.7338323025117
2025-01-02,Subbase application,Road,m2,6.20167412468231
2025-11-24,Coat preparation,Road,L,1163.2954524782651
2025-10-17,Rolling/Tractor,Road,m2,222.14374252157333
2025-10-08,Iron mining,Railway,m3,4806.231549383131
2025-04-04,Iron mining,Railway,m3,1998.4012818312601
2025-12-01,Pavement,Road,m2,2848.8013145188456
2025-09-23,Pavement,Road,m2,1751.574837269027
2025-01-18,Coat preparation,Road,L,279.6637020986148
2025-12-12,Terrain leveling,Building,m3,804.3256428721957
2025-07-04,Pavement,Road,m2,4314.816776333976
2025-05-15,Laying steel rail,Railway,m,2548.281347030596
2025-05-07,Subbase application,Road,m2,1024.3293469764342
2025-05-09,Removing trees,Building,m2,3824.127512659426
2025-09-22,Subbase application,Road,m2,344.19751001818435
2025-09-26,Laying steel rail,Railway,m,3830.336987005547
2025-08-20,Iron mining,Railway,m3,3878.615163369661
2025-06-22,Foundation pouring,Building,m3,1625.3793813410566
2025-10-11,Removing trees,Building,m2,4725.768725034984
2025-10-13,Walling,Building,m2,782.5506151410677
2025-03-07,Cement making,Building,m3,2076.7505393887413
2025-08-22,Foundation pouring,Building,m3,3305.242696106294
2025-11-30,Coat preparation,Road,L,1347.9923379941279
2025-12-24,Removing trees,Building,m2,3873.8850267258385
2025-12-05,Subbase application,Road,m2,2590.2916759473287
2025-08-12,Laying steel rail,Railway,m,3531.1648035325434
2025-03-12,Laying steel rail,Railway,m,271.4466137057342
2025-07-27,Rolling/Tractor,Road,m2,3223.56717114232
2025-11-06,Foundation pouring,Building,m3,1826.0308689879212
2025-06-23,Iron mining,Railway,m3,3205.7529503583255
2025-04-05,Foundation pouring,Building,m3,3598.0838565226168
2025-05-07,Subbase application,Road,m2,3227.6521534609515
2025-09-24,Walling,Building,m2,2635.4969596456735
2025-05-18,Laying steel rail,Railway,m,4007.1378914782545
2025-06-29,Rolling/Tractor,Road,m2,2815.5791253043353
2025-02-12,Removing trees,Building,m2,1635.3398838309956
2025-06-26,Anchorage,Railway,m2,1748.4462643371778
2025-09-09,Anchorage,Railway,m2,3955.5528154745025
2025-11-09,Foundation pouring,Building,m3,999.1844072099688
2025-04-04,Rolling/Tractor,Road,m2,335.6368788101199
2025-02-10,Subbase application,Road,m2,243.71522658602873
2025-01-10,Ballast,Railway,m3,1650.018124256431
2025-05-30,Subbase application,Road,m2,4801.358438468894
2025-02-07,Iron mining,Railway,m3,4279.988023438141
2025-06-13,Subbase application,Road,m2,515.5347492352852
2025-12-17,Removing trees,Building,m2,905.9367101906706
2025-11-27,Foundation pouring,Building,m3,2551.038471704168
2025-02-14,Cement making,Building,m3,225.2999245143178
2025-06-10,Removing trees,Building,m2,1381.881536758881
2025-02-17,Subbase application,Road,m2,205.06820850264228
2025-12-24,Iron mining,Railway,m3,1019.7758327777884
2025-12-10,Subbase application,Road,m2,3334.3093943888007
2025-01-02,Terrain leveling,Building,m3,3513.6696886282875
2025-08-19,Anchorage,Railway,m2,2643.7645627406187
2025-04-14,Walling,Building,m2,4491.05710982419
2025-08-30,Anchorage,Railway,m2,2116.5452422813846
2025-08-14,Removing trees,Building,m2,239.56102071092445
2025-08-01,Coat preparation,Road,L,1933.513722761347
2025-05-13,Coat preparation,Road,L,691.9841276719058
2025-09-25,Laying steel rail,Railway,m,733.1669374817495
2025-08-28,Anchorage,Railway,m2,4000.8997718328214
2025-09-29,Subbase application,Road,m2,3469.7519824116757
2025-08-20,Pavement,Road,m2,3913.0879606828007
2025-02-24,Walling,Building,m2,2322.7545979145316
2025-10-16,Removing trees,Building,m2,1294.754539779035
2025-12-18,Terrain leveling,Building,m3,1540.570071477083
2025-05-13,Pavement,Road,m2,1252.4043811055778
2025-05-20,Rolling/Tractor,Road,m2,2732.6631018428034
2025-03-21,Subbase application,Road,m2,3850.275622486017
2025-05-22,Subbase application,Road,m2,4396.351706394576
2025-09-24,Walling,Building,m2,3374.0381676769966
2025-12-03,Coat preparation,Road,L,861.8433902831702
2025-04-10,Anchorage,Railway,m2,1034.5521727154821
2025-11-20,Cement making,Building,m3,3144.546547236309
2025-02-11,Foundation pouring,Building,m3,1469.2961552645845
2025-12-07,Subbase application,Road,m2,4736.070113538692
2025-09-30,Ballast,Railway,m3,3078.883539309849
2025-07-17,Subbase application,Road,m2,3270.696651392452
2025-02-11,Anchorage,Railway,m2,2250.071406642835
2025-10-29,Pavement,Road,m2,1445.3082255220584
2025-06-23,Iron mining,Railway,m3,1654.8500502164593
2025-04-04,Cement making,Building,m3,4017.495083323174
2025-07-19,Cement making,Building,m3,2789.5099302579583
2025-04-11,Removing trees,Building,m2,4175.485850986865
2025-01-11,Foundation pouring,Building,m3,3611.801600492017
2025-01-10,Pavement,Road,m2,878.0729064235487
2025-05-21,Laying steel rail,Railway,m,1854.095670243649
2025-04-13,Cement making,Building,m3,763.2331346867383
2025-01-04,Walling,Building,m2,313.35188894533684
2025-07-24,Removing trees,Building,m2,77.87420300538861
2025-08-25,Anchorage,Railway,m2,4044.13989278777
2025-08-25,Coat preparation,Road,L,492.1835658069307
2025-02-13,Walling,Building,m2,3980.2002376460464
2025-04-05,Terrain leveling,Building,m3,1131.390500338011
2025-09-14,Laying steel rail,Railway,m,2576.261237001944
2025-03-18,Subbase application,Road,m2,4233.224470963527
2025-04-12,Laying steel rail,Railway,m,3760.0724229433663
2025-09-02,Rolling/Tractor,Road,m2,4365.694667279289
2025-08-15,Walling,Building,m2,901.7972080726449
2025-10-22,Laying steel rail,Railway,m,2508.6235573742515
2025-03-06,Anchorage,Railway,m2,2902.8040395217336
2025-12-10,Subbase application,Road,m2,4702.122180381394
2025-04-07,Ballast,Railway,m3,2559.187750471079
2025-02-06,Subbase application,Road,m2,1631.2426785136347
2025-04-09,Anchorage,Railway,m2,4419.562631156015
2025-09-03,Walling,Building,m2,980.6181843070383
2025-06-10,Rolling/Tractor,Road,m2,2706.221145212426
2025-08-15,Coat preparation,Road,L,4735.0972376427035
2025-08-21,Subbase application,Road,m2,949.9341719666893
2025-11-13,Ballast,Railway,m3,1698.1779980723488
2025-10-24,Ballast,Railway,m3,3669.6396506924893
2025-10-04,Foundation pouring,Building,m3,2272.299441680653
2025-04-20,Iron mining,Railway,m3,249.07399622056624
2025-10-13,Subbase application,Road,m2,3213.475197987314
2025-06-13,Foundation pouring,Building,m3,584.9470839355531
2025-06-18,Foundation pouring,Building,m3,403.97031613968795
2025-05-10,Laying steel rail,Railway,m,739.3501487139614
2025-05-22,Rolling/Tractor,Road,m2,244.18470938131986
2025-08-01,Pavement,Road,m2,1778.3672070539346
2025-09-10,Cement making,Building,m3,658.9897849983994
2025-12-14,Pavement,Road,m2,1946.882550059925
2025-05-12,Terrain leveling,Building,m3,851.6726346046894
2025-12-16,Subbase application,Road,m2,1965.7510453436394
2025-10-24,Coat preparation,Road,L,274.4952809300849
2025-05-23,Foundation pouring,Building,m3,2363.109855208772
2025-05-17,Cement making,Building,m3,4069.6384187770736
2025-02-01,Coat preparation,Road,L,4609.833027993879
2025-02-06,Rolling/Tractor,Road,m2,4765.827371958031
2025-07-01,Cement making,Building,m3,2334.9894571405393
2025-07-15,Cement making,Building,m3,2888.9591523680815
2025-01-05,Cement making,Building,m3,2887.588321731617
2025-10-07,Terrain leveling,Building,m3,2501.161507327075
2025-06-21,Removing trees,Building,m2,1994.6660012557838
2025-08-28,Anchorage,Railway,m2,3460.3998839098226
2025-09-10,Walling,Building,m2,1673.5432710713321
2025-11-12,Terrain leveling,Building,m3,377.3514181314314
2025-06-03,Anchorage,Railway,m2,3990.417810605184
2025-01-14,Removing trees,Building,m2,3120.0176179434784
2025-09-22,Iron mining,Railway,m3,742.7458853508234
2025-06-06,Rolling/Tractor,Road,m2,108.55171728329005
2025-05-10,Cement making,Building,m3,2875.418388987679
2025-03-20,Laying steel rail,Railway,m,179.00094775066432
2025-12-22,Foundation pouring,Building,m3,2038.7006348785574
2025-03-16,Removing trees,Building,m2,1147.9743979323553
2025-01-03,Iron mining,Railway,m3,2449.3257076468713
2025-02-13,Foundation pouring,Building,m3,2350.3522430326084
2025-12-27,Coat preparation,Road,L,1336.9267099869537
2025-06-03,Pavement,Road,m2,3865.673232998948
2025-08-09,Laying steel rail,Railway,m,4129.940879741623
2025-08-26,Ballast,Railway,m3,3209.230285610299
2025-02-27,Subbase application,Road,m2,1963.899362144332
2025-08-18,Subbase application,Road,m2,301.53974292329076
2025-12-29,Ballast,Railway,m3,3558.1509207450085
2025-10-16,Ballast,Railway,m3,2201.9402913672807
2025-04-25,Walling,Building,m2,403.9847538976654
2025-12-16,Laying steel rail,Railway,m,4602.733380979757
2025-07-05,Coat preparation,Road,L,4109.1003229289245
2025-10-03,Ballast,Railway,m3,3430.467567156106
2025-03-15,Pavement,Road,m2,643.5807883683897
2025-07-21,Ballast,Railway,m3,1138.5568855572903
2025-10-08,Coat preparation,Road,L,4796.009578062939
2025-09-20,Removing trees,Building,m2,1745.117018516865
2025-02-12,Laying steel rail,Railway,m,962.0299673275656
2025-03-19,Cement making,Building,m3,263.3275273341684
2025-02-23,Laying steel rail,Railway,m,1210.2883793941267
2025-02-22,Ballast,Railway,m3,1577.2362697601966
2025-05-30,Terrain leveling,Building,m3,3582.9670203786395
2025-08-25,Walling,Building,m2,4769.0842246201255
2025-08-11,Cement making,Building,m3,1642.5653244679795
2025-06-03,Anchorage,Railway,m2,4437.161333439929
2025-11-07,Rolling/Tractor,Road,m2,4147.621663363441
2025-11-19,Removing trees,Building,m2,4235.008318231786
2025-11-08,Rolling/Tractor,Road,m2,1373.9836886133594
2025-04-08,Ballast,Railway,m3,89.44040624852101
2025-07-03,Ballast,Railway,m3,4363.193104544003
2025-09-24,Anchorage,Railway,m2,4739.227030985902
2025-12-25,Rolling/Tractor,Road,m2,1315.5891040460156
2025-09-20,Ballast,Railway,m3,4098.052967592989
2025-09-03,Cement making,Building,m3,2414.768609519069
2025-04-23,Terrain leveling,Building,m3,2751.2048670828476
2025-08-02,Coat preparation,Road,L,2705.862816283684
2025-05-04,Foundation pouring,Building,m3,708.7579738339539
2025-07-25,Walling,Building,m2,1808.355753322226
2025-11-21,Terrain leveling,Building,m3,4469.220236652142
2025-11-30,Coat preparation,Road,L,2452.426743376921
2025-07-31,Cement making,Building,m3,4903.867783710615
2025-07-09,Pavement,Road,m2,235.45548266407368
2025-05-28,Ballast,Railway,m3,407.4611701657316
2025-11-17,Iron mining,Railway,m3,3923.6798530919555
2025-12-01,Coat preparation,Road,L,926.6567970853645
2025-05-08,Laying steel rail,Railway,m,816.1967174484153
2025-01-04,Terrain leveling,Building,m3,4671.064429519051
2025-10-27,Removing trees,Building,m2,559.5942901783496
2025-09-16,Coat preparation,Road,L,1628.2821218285526
2025-11-10,Subbase application,Road,m2,3688.4135603984364
2025-05-05,Anchorage,Railway,m2,4084.9617844572435
2025-07-03,Walling,Building,m2,4578.132765938809
2025-03-18,Anchorage,Railway,m2,3639.50285225368
2025-10-25,Terrain leveling,Building,m3,1364.1403253068763
2025-12-27,Cement making,Building,m3,4163.683618521598
2025-06-28,Anchorage,Railway,m2,304.7201864822113
2025-08-11,Pavement,Road,m2,2612.6525538937944
2025-07-12,Rolling/Tractor,Road,m2,1572.8551797284185
2025-10-04,Anchorage,Railway,m2,1824.313937633943
2025-12-05,Iron mining,Railway,m3,1246.9345470140481
2025-04-28,Subbase application,Road,m2,616.2300613153187
2025-12-01,Ballast,Railway,m3,1452.40450613781
2025-05-03,Coat preparation,Road,L,3753.5738738900636
2025-12-18,Laying steel rail,Railway,m,1975.0514369836653
2025-12-18,Ballast,Railway,m3,4195.141907280337
2025-04-14,Terrain leveling,Building,m3,1933.8898733983845
2025-11-04,Iron mining,Railway,m3,4442.5551843334415
2025-03-24,Cement making,Building,m3,151.31035398998682
2025-01-28,Walling,Building,m2,1634.039221615302
2025-12-12,Pavement,Road,m2,995.9025461943355
2025-10-19,Terrain leveling,Building,m3,4098.911518906411
2025-08-03,Foundation pouring,Building,m3,676.7437830495144
2025-07-04,Walling,Building,m2,1579.3595304294133
2025-01-31,Pavement,Road,m2,4136.341826493019
2025-08-31,Rolling/Tractor,Road,m2,3936.3540277574875
2025-01-10,Foundation pouring,Building,m3,2894.135520232269
2025-01-19,Laying steel rail,Railway,m,2387.5962888162176
2025-01-09,Pavement,Road,m2,4926.6548572485235
2025-05-10,Ballast,Railway,m3,4725.089270126972
2025-06-12,Iron mining,Railway,m3,3099.1549429238794
2025-10-13,Removing trees,Building,m2,2372.9834944361605
2025-03-28,Rolling/Tractor,Road,m2,2873.686600917319
2025-07-12,Iron mining,Railway,m3,3964.37362653416
2025-08-24,Iron mining,Railway,m3,3268.937304675361
2025-12-23,Foundation pouring,Building,m3,527.1968222185808
2025-06-26,Anchorage,Railway,m2,18.430949541229367
2025-09-01,Foundation pouring,Building,m3,2609.649635738134
2025-12-06,Laying steel rail,Railway,m,2918.358060144521
2025-06-30,Removing trees,Building,m2,276.83564678085526
2025-11-02,Cement making,Building,m3,1748.8264350927263
2025-04-17,Cement making,Building,m3,3951.767384278391
2025-07-28,Removing trees,Building,m2,4338.976042573188
2025-09-20,Ballast,Railway,m3,431.3676669755345
2025-04-29,Walling,Building,m2,1195.3378710892637
2025-10-22,Terrain leveling,Building,m3,4.584006268463781
2025-04-10,Walling,Building,m2,2164.095575547664
2025-03-24,Anchorage,Railway,m2,2654.876428715727
2025-03-27,Iron mining,Railway,m3,313.42269977612915
2025-11-09,Foundation pouring,Building,m3,4609.773375271386
2025-10-02,Removing trees,Building,m2,1235.6261453334328
2025-05-01,Removing trees,Building,m2,3569.37279402614
2025-11-24,Pavement,Road,m2,4336.07586423825
2025-11-27,Anchorage,Railway,m2,2413.9658160013473
2025-01-26,Subbase application,Road,m2,2124.3921922437266
2025-10-26,Rolling/Tractor,Road,m2,1965.5887706306253
2025-05-12,Ballast,Railway,m3,4702.504258546562
2025-05-01,Subbase application,Road,m2,3913.378899642665
2025-07-22,Rolling/Tractor,Road,m2,1375.2751810962566
2025-01-25,Ballast,Railway,m3,2559.0923233605363
2025-06-24,Terrain leveling,Building,m3,3835.579177755326
2025-12-13,Coat preparation,Road,L,3894.8875876690004
2025-05-17,Rolling/Tractor,Road,m2,3612.0443549740826
2025-09-28,Coat preparation,Road,L,2285.220174829855
2025-04-01,Pavement,Road,m2,3251.0699785902016
2025-07-01,Laying steel rail,Railway,m,3830.021860704965
2025-04-16,Cement making,Building,m3,43.95928634469692
2025-04-13,Foundation pouring,Building,m3,3275.7447434321675
2025-07-07,Terrain leveling,Building,m3,4435.760661934576
2025-12-28,Removing trees,Building,m2,3099.6693819551615
2025-10-02,Removing trees,Building,m2,2667.20658961189
2025-02-07,Anchorage,Railway,m2,3403.3515177324794
2025-01-12,Pavement,Road,m2,4729.405369674284
2025-09-02,Rolling/Tractor,Road,m2,4342.298730456716
2025-08-03,Coat preparation,Road,L,548.9545930707168
2025-07-15,Cement making,Building,m3,616.9195269381133
2025-08-04,Foundation pouring,Building,m3,3087.079239849342
2025-05-25,Iron mining,Railway,m3,4727.3084271344205
2025-05-05,Anchorage,Railway,m2,4020.2926830106576
2025-03-20,Iron mining,Railway,m3,1221.2608986174396
2025-03-13,Terrain leveling,Building,m3,3083.8311126528097
2025-01-24,Ballast,Railway,m3,2557.6473232713397
2025-02-17,Laying steel rail,Railway,m,4386.542735519639
2025-06-06,Ballast,Railway,m3,4779.389522483365
2025-06-12,Laying steel rail,Railway,m,2852.6494410178448
2025-12-10,Subbase application,Road,m2,2302.1374876283994
2025-12-01,Foundation pouring,Building,m3,889.4105961003773
2025-11-23,Pavement,Road,m2,4433.552221765794
2025-12-26,Rolling/Tractor,Road,m2,3819.6016300023944
2025-02-20,Foundation pouring,Building,m3,947.9741810410036
2025-06-10,Cement making,Building,m3,3125.1699347724316
2025-12-04,Walling,Building,m2,1153.1722222481394
2025-07-24,Rolling/Tractor,Road,m2,2116.6095946717674
2025-11-26,Ballast,Railway,m3,4447.662752635109
2025-06-15,Anchorage,Railway,m2,936.5493512052036
2025-11-10,Anchorage,Railway,m2,3723.5156842814254
2025-03-04,Ballast,Railway,m3,3412.6749987569506
2025-09-21,Walling,Building,m2,12.193858471483132
2025-10-19,Foundation pouring,Building,m3,4953.217091889223
2025-03-31,Coat preparation,Road,L,3188.308055828274
2025-03-11,Anchorage,Railway,m2,3608.471407920003
2025-05-31,Pavement,Road,m2,3073.5469037136563
2025-08-29,Subbase application,Road,m2,4456.738015828307
2025-11-14,Walling,Building,m2,952.691309305737
2025-07-16,Cement making,Building,m3,4387.069489866003
2025-10-15,Foundation pouring,Building,m3,1904.6494275080406
2025-06-19,Walling,Building,m2,90.60102117287083
2025-07-05,Anchorage,Railway,m2,3839.8249966323083
2025-10-17,Terrain leveling,Building,m3,4005.164657523706
2025-09-06,Rolling/Tractor,Road,m2,3143.7100423786746
2025-07-09,Removing trees,Building,m2,2124.3934965088706
2025-07-29,Walling,Building,m2,2075.1016910793046
2025-11-29,Coat preparation,Road,L,4944.527997092417
2025-02-14,Iron mining,Railway,m3,2822.3837620160634
2025-09-17,Coat preparation,Road,L,513.4246640578749
2025-10-14,Removing trees,Building,m2,2446.3573702349754
2025-04-30,Pavement,Road,m2,1122.5008754148346
2025-01-05,Pavement,Road,m2,4943.512683723435
2025-10-18,Subbase application,Road,m2,871.0778982961925
2025-02-21,Removing trees,Building,m2,3756.624532772462
2025-07-15,Coat preparation,Road,L,3283.2091039943343
2025-05-11,Pavement,Road,m2,3194.2293198215157
2025-06-22,Coat preparation,Road,L,690.8959308957558
2025-03-15,Iron mining,Railway,m3,147.8887843700588
2025-10-05,Iron mining,Railway,m3,1957.7701664562496
2025-07-25,Laying steel rail,Railway,m,1013.9945774601944
2025-01-10,Terrain leveling,Building,m3,2718.8831692742588
2025-02-14,Cement making,Building,m3,4929.972745412619
2025-01-05,Laying steel rail,Railway,m,2992.1209484593896
2025-02-16,Subbase application,Road,m2,964.6853499356156
2025-07-10,Terrain leveling,Building,m3,2283.7323778428104
2025-03-12,Anchorage,Railway,m2,3198.0873307326597
2025-10-31,Walling,Building,m2,1095.1936602181534
2025-04-24,Rolling/Tractor,Road,m2,1171.1327800857873
2025-06-21,Terrain leveling,Building,m3,2643.6615132546553
2025-03-18,Anchorage,Railway,m2,765.7518320135126
2025-04-16,Rolling/Tractor,Road,m2,2158.0203958791853
2025-03-15,Pavement,Road,m2,4515.551769437817
2025-06-30,Pavement,Road,m2,2003.2727444787724
2025-03-26,Cement making,Building,m3,4776.701450904809
2025-12-04,Subbase application,Road,m2,235.9476351669898
2025-09-21,Walling,Building,m2,278.09307483712854
2025-01-23,Walling,Building,m2,2792.3214134866607
2025-09-27,Subbase application,Road,m2,2790.0615429232353
2025-05-03,Pavement,Road,m2,71.49297262694864
2025-12-06,Walling,Building,m2,3018.287632013108
2025-03-18,Anchorage,Railway,m2,3080.5113300165194
2025-06-03,Ballast,Railway,m3,2157.4856224028476
2025-07-02,Iron mining,Railway,m3,864.4797681319217
2025-01-22,Iron mining,Railway,m3,4688.438870949796
2025-04-17,Coat preparation,Road,L,1628.4062976391722
2025-02-18,Cement making,Building,m3,129.1131283710617
2025-06-02,Terrain leveling,Building,m3,1668.9344690515345
2025-05-25,Coat preparation,Road,L,3260.0642149286873
2025-01-11,Removing trees,Building,m2,2044.2769415364826
2025-11-10,Rolling/Tractor,Road,m2,2337.124964965666
2025-07-19,Subbase application,Road,m2,3312.8354473430495
2025-04-17,Iron mining,Railway,m3,4528.269108434064
2025-07-28,Cement making,Building,m3,2830.17721427232
2025-08-30,Pavement,Road,m2,3111.3282429073515
2025-03-26,Pavement,Road,m2,1097.1516380545388
2025-12-21,Iron mining,Railway,m3,3236.480385675703
2025-04-23,Terrain leveling,Building,m3,3757.7724293588217
2025-10-08,Rolling/Tractor,Road,m2,480.62684274804144
2025-12-18,Rolling/Tractor,Road,m2,1734.7127765142568
2025-02-09,Rolling/Tractor,Road,m2,235.25365847119284
2025-07-24,Pavement,Road,m2,15.415172696026103
2025-03-28,Removing trees,Building,m2,1707.3899708997792
2025-03-27,Laying steel rail,Railway,m,2037.3017436236967
2025-05-15,Subbase application,Road,m2,4053.908449668859
2025-02-18,Anchorage,Railway,m2,3912.6953881470176
2025-08-02,Removing trees,Building,m2,1788.648599791064
2025-10-27,Coat preparation,Road,L,750.9658846454741
2025-06-14,Subbase application,Road,m2,3022.5330890314785
2025-05-29,Foundation pouring,Building,m3,4617.164106651422
2025-01-02,Laying steel rail,Railway,m,2538.7148962536894
2025-12-07,Cement making,Building,m3,3674.888944182881
2025-03-09,Subbase application,Road,m2,2934.441753761179
2025-10-29,Subbase application,Road,m2,4430.158311283033
2025-09-06,Ballast,Railway,m3,3642.2299142158295
2025-11-18,Laying steel rail,Railway,m,778.274461212085
2025-07-21,Iron mining,Railway,m3,185.45437780781327
2025-01-03,Cement making,Building,m3,484.6327586684873
2025-01-19,Foundation pouring,Building,m3,4434.813220999861
2025-01-25,Anchorage,Railway,m2,2452.5363338092952
2025-08-23,Laying steel rail,Railway,m,1366.4096020106165
2025-01-16,Pavement,Road,m2,3467.6262811631955
2025-05-17,Walling,Building,m2,1130.3987222478672
2025-12-02,Cement making,Building,m3,302.698349105312
2025-06-27,Ballast,Railway,m3,2419.1088832727214
2025-08-20,Anchorage,Railway,m2,33.473502556499724
2025-07-11,Laying steel rail,Railway,m,3770.007383286503
2025-09-25,Removing trees,Building,m2,992.2533770646213
2025-01-27,Anchorage,Railway,m2,3693.4307957086958
2025-05-04,Pavement,Road,m2,2981.0919358181613
2025-04-20,Iron mining,Railway,m3,316.1197563120288
2025-08-31,Subbase application,Road,m2,4609.836567854512
2025-07-28,Removing trees,Building,m2,1564.6423305603641
2025-08-05,Foundation pouring,Building,m3,3019.6577792380635
2025-11-02,Anchorage,Railway,m2,2059.9774832703583
2025-02-17,Rolling/Tractor,Road,m2,1823.9161821333028
2025-02-23,Ballast,Railway,m3,2684.9728814769023
2025-08-10,Removing trees,Building,m2,3041.705608241612
2025-06-08,Removing trees,Building,m2,4846.053940500153
2025-05-13,Cement making,Building,m3,1733.3089661958873
2025-04-18,Walling,Building,m2,3452.306438489856
2025-09-19,Removing trees,Building,m2,261.1659026129848
2025-11-12,Cement making,Building,m3,4548.601769522468
2025-05-07,Subbase application,Road,m2,4806.679342186339
2025-02-21,Subbase application,Road,m2,4881.3868920719815
2025-09-23,Ballast,Railway,m3,3356.0803415781224
2025-04-13,Coat preparation,Road,L,2759.5969053402596
2025-05-18,Laying steel rail,Railway,m,2633.2789451959384
2025-06-19,Walling,Building,m2,1759.2187034288227
2025-11-21,Anchorage,Railway,m2,881.7113204446941
2025-04-24,Cement making,Building,m3,4765.561649283473
2025-04-30,Rolling/Tractor,Road,m2,3380.0403286895694
2025-08-06,Anchorage,Railway,m2,4756.385893051665
2025-04-06,Coat preparation,Road,L,3689.4893412787433
2025-12-24,Coat preparation,Road,L,1602.6675846315213
2025-04-05,Rolling/Tractor,Road,m2,3866.7368293515988
2025-11-02,Iron mining,Railway,m3,49.80134467094166
2025-12-07,Coat preparation,Road,L,2900.716826185168
2025-08-03,Terrain leveling,Building,m3,1285.1788418846384
2025-01-29,Foundation pouring,Building,m3,1031.271478537406
2025-02-26,Terrain leveling,Building,m3,2989.9357415845834
2025-03-03,Anchorage,Railway,m2,1141.1758281450452
2025-06-03,Terrain leveling,Building,m3,1201.7122878002224
2025-03-19,Cement making,Building,m3,2261.2625876457
2025-06-01,Coat preparation,Road,L,416.8670073606029
2025-06-19,Foundation pouring,Building,m3,3243.761875408465
2025-12-11,Walling,Building,m2,4166.955368015291
2025-08-02,Anchorage,Railway,m2,615.941937088425
2025-07-04,Removing trees,Building,m2,394.5277489132626
2025-10-22,Removing trees,Building,m2,3470.992816117269
2025-07-20,Iron mining,Railway,m3,4703.39614186353
2025-12-02,Walling,Building,m2,2353.9854330700155
2025-02-01,Rolling/Tractor,Road,m2,3391.3198061997246
2025-08-20,Iron mining,Railway,m3,4497.720104643672
2025-08-27,Terrain leveling,Building,m3,4808.283137336083
2025-03-06,Walling,Building,m2,418.2459028353652
2025-09-11,Removing trees,Building,m2,287.8009449488439
2025-09-10,Anchorage,Railway,m2,3926.5928159802334
2025-07-05,Pavement,Road,m2,4735.448749319516
2025-02-10,Iron mining,Railway,m3,3607.4606789752
2025-06-11,Iron mining,Railway,m3,38.44135487951761
2025-11-03,Rolling/Tractor,Road,m2,1984.8057219896232
2025-06-26,Cement making,Building,m3,4189.792374255541
2025-02-23,Anchorage,Railway,m2,2087.857188853063
2025-03-19,Cement making,Building,m3,3354.483599253503
2025-09-25,Ballast,Railway,m3,4270.385324118767
2025-04-15,Rolling/Tractor,Road,m2,2794.1333855999255
2025-05-08,Cement making,Building,m3,664.1814925185586
2025-11-07,Coat preparation,Road,L,3408.7300291961296
2025-10-13,Walling,Building,m2,979.7468614738086
2025-10-22,Ballast,Railway,m3,743.8094069125406
2025-12-15,Rolling/Tractor,Road,m2,1840.027825114281
2025-08-05,Laying steel rail,Railway,m,290.62195765952595
2025-01-12,Cement making,Building,m3,3955.4809426563297
2025-12-17,Pavement,Road,m2,1213.8087058196318
2025-12-17,Walling,Building,m2,1151.4447687289792
2025-02-04,Pavement,Road,m2,2761.2612834006945
2025-07-07,Removing trees,Building,m2,144.3051293313946
2025-01-21,Rolling/Tractor,Road,m2,326.3892221331433
2025-05-11,Anchorage,Railway,m2,2555.651052093086
2025-07-14,Rolling/Tractor,Road,m2,3773.065886033933
2025-05-18,Cement making,Building,m3,4649.8415919834115
2025-10-21,Subbase application,Road,m2,3324.051204125056
2025-01-19,Anchorage,Railway,m2,1798.2896222767336
2025-03-10,Laying steel rail,Railway,m,227.54021072206143
2025-04-22,Terrain leveling,Building,m3,3503.360887029967
2025-04-30,Pavement,Road,m2,2023.3949877850632
2025-02-20,Ballast,Railway,m3,668.005051388324
2025-08-30,Iron mining,Railway,m3,2547.1788961498546
2025-01-18,Coat preparation,Road,L,557.8545816751929
2025-10-01,Anchorage,Railway,m2,3649.8078796632412
2025-12-14,Subbase application,Road,m2,4876.227385191342
2025-04-13,Terrain leveling,Building,m3,833.8123422204891
2025-07-05,Laying steel rail,Railway,m,4536.781003271434
2025-06-11,Rolling/Tractor,Road,m2,4771.090951126598
2025-06-18,Anchorage,Railway,m2,2972.899142144255
2025-07-02,Cement making,Building,m3,1675.742356932275
2025-07-20,Pavement,Road,m2,1238.5495910231214
2025-01-16,Coat preparation,Road,L,1260.0469426919476
2025-09-29,Walling,Building,m2,3225.482538937797
2025-08-10,Walling,Building,m2,3049.8029435879957
2025-09-25,Walling,Building,m2,2211.290370683141
2025-09-06,Cement making,Building,m3,1021.7183441229738
2025-12-06,Foundation pouring,Building,m3,4748.938006689942
2025-04-16,Pavement,Road,m2,4242.022744396743
2025-05-26,Cement making,Building,m3,4869.6784485953585
2025-01-22,Ballast,Railway,m3,620.3759030937117
2025-06-30,Iron mining,Railway,m3,3378.461271173052
2025-11-25,Cement making,Building,m3,3281.853672527187
2025-12-26,Ballast,Railway,m3,26.563137118658652
2025-01-06,Anchorage,Railway,m2,4934.523051259833
2025-11-10,Anchorage,Railway,m2,1824.6256369215369
2025-08-25,Subbase application,Road,m2,1049.9692376041785
2025-02-03,Cement making,Building,m3,1156.8739680830176
2025-08-11,Pavement,Road,m2,555.0961786658664
2025-06-07,Ballast,Railway,m3,2542.1691345027407
2025-11-21,Iron mining,Railway,m3,3978.424807414577
2025-08-28,Ballast,Railway,m3,399.7555805796588
2025-08-03,Walling,Building,m2,3822.7036649984257
2025-05-19,Foundation pouring,Building,m3,479.02557067745875
2025-04-30,Terrain leveling,Building,m3,1114.5124883542273
2025-11-06,Rolling/Tractor,Road,m2,4337.1095552394145
2025-03-28,Ballast,Railway,m3,3174.1619635746342
2025-04-13,Terrain leveling,Building,m3,1451.2943112955202
2025-08-12,Terrain leveling,Building,m3,1265.9313510867005
2025-05-31,Anchorage,Railway,m2,2962.6960933916043
2025-10-06,Subbase application,Road,m2,2836.749019678375
2025-05-18,Pavement,Road,m2,312.6975822615702
2025-06-01,Iron mining,Railway,m3,1984.9313876525448
2025-10-28,Subbase application,Road,m2,2975.67617844536
2025-03-26,Subbase application,Road,m2,870.5126806097941
2025-04-24,Subbase application,Road,m2,1353.6768815408084
2025-10-05,Removing trees,Building,m2,4282.883269364673
2025-06-20,Rolling/Tractor,Road,m2,1595.9533478278786
2025-12-15,Foundation pouring,Building,m3,4114.632525160952
2025-05-26,Laying steel rail,Railway,m,1475.6281786753138
2025-11-07,Foundation pouring,Building,m3,194.25809788093383
2025-10-09,Rolling/Tractor,Road,m2,4505.895772751606
2025-07-10,Ballast,Railway,m3,743.2481359854543
2025-12-19,Walling,Building,m2,4639.881231106672
2025-04-25,Walling,Building,m2,4630.297534856159
2025-10-02,Foundation pouring,Building,m3,1274.001275311859
2025-01-19,Pavement,Road,m2,2879.3346634458335
2025-12-26,Terrain leveling,Building,m3,3888.8755500016587
2025-02-07,Cement making,Building,m3,3377.688807005059
2025-06-21,Ballast,Railway,m3,3710.7912089572696
2025-08-08,Walling,Building,m2,2052.114023942799
2025-01-28,Pavement,Road,m2,4878.592109142332
2025-01-22,Laying steel rail,Railway,m,606.3498142117136
2025-11-30,Coat preparation,Road,L,2045.697125767059
2025-03-25,Laying steel rail,Railway,m,4214.160187243302
2025-02-06,Laying steel rail,Railway,m,2346.645766708261
2025-03-27,Terrain leveling,Building,m3,1852.96991495511
2025-04-27,Laying steel rail,Railway,m,595.9295506424467
2025-01-13,Subbase application,Road,m2,3558.7679802345174
2025-12-14,Coat preparation,Road,L,3269.5512857175368
2025-11-13,Cement making,Building,m3,2143.2373064234507
2025-04-04,Anchorage,Railway,m2,3724.295672340302
2025-05-28,Anchorage,Railway,m2,496.3189622961706
2025-07-28,Walling,Building,m2,2635.520313519159
2025-12-05,Terrain leveling,Building,m3,3705.7284868715633
2025-12-12,Anchorage,Railway,m2,4352.65951302481
2025-05-16,Anchorage,Railway,m2,3860.293496470662
2025-01-20,Rolling/Tractor,Road,m2,4775.755430201972
2025-11-02,Walling,Building,m2,3614.218521433353
2025-12-13,Iron mining,Railway,m3,1111.2137046525877
2025-08-11,Iron mining,Railway,m3,719.2405314591838
2025-10-23,Ballast,Railway,m3,57.5529819682008
2025-01-13,Laying steel rail,Railway,m,3672.7142619127103
2025-10-03,Pavement,Road,m2,1360.9592877648497
2025-06-29,Terrain leveling,Building,m3,4070.4317081411373
2025-10-10,Iron mining,Railway,m3,3446.6321242240615
2025-07-09,Walling,Building,m2,2928.800277293375
2025-04-01,Coat preparation,Road,L,827.7667954684148
2025-01-23,Rolling/Tractor,Road,m2,4184.090187490166
2025-02-15,Laying steel rail,Railway,m,2993.955726995775
2025-09-07,Walling,Building,m2,2365.9241012257617
2025-08-25,Coat preparation,Road,L,1431.1164299005259
2025-07-27,Removing trees,Building,m2,3453.9986290648703
2025-09-28,Removing trees,Building,m2,2693.9142199303974
2025-12-27,Coat preparation,Road,L,1584.0413186762391
2025-05-22,Anchorage,Railway,m2,2079.0959484582154
2025-09-17,Rolling/Tractor,Road,m2,2290.9548816742476
2025-05-20,Removing trees,Building,m2,396.09057837948217
2025-03-31,Anchorage,Railway,m2,3630.5754559730526
2025-07-05,Ballast,Railway,m3,2733.45585927727
2025-04-18,Cement making,Building,m3,4869.957584310558
2025-08-12,Ballast,Railway,m3,2531.930165190291
2025-06-26,Removing trees,Building,m2,1589.9389234242656
2025-07-06,Subbase application,Road,m2,4924.502945447894
2025-07-29,Anchorage,Railway,m2,3410.1691021683173
2025-12-19,Pavement,Road,m2,3340.4883672003066
2025-06-02,Walling,Building,m2,4079.899999785471
2025-01-31,Ballast,Railway,m3,2115.3368158373455
2025-01-31,Terrain leveling,Building,m3,3128.615271155802
2025-03-07,Terrain leveling,Building,m3,2044.0304692138034
2025-09-22,Removing trees,Building,m2,1436.870097856417
2025-10-31,Foundation pouring,Building,m3,878.4124851178749
2025-01-23,Laying steel rail,Railway,m,2064.248192370269
2025-03-04,Cement making,Building,m3,2034.6121404458838
2025-05-16,Foundation pouring,Building,m3,99.72352224689062
2025-05-04,Terrain leveling,Building,m3,3754.635975974493
2025-04-10,Cement making,Building,m3,618.4095982547067
2025-06-02,Pavement,Road,m2,1586.8669243993588
2025-04-19,Removing trees,Building,m2,4523.05361576218
2025-09-11,Terrain leveling,Building,m3,1916.181309903065
2025-02-15,Anchorage,Railway,m2,4900.89838638341
2025-06-14,Iron mining,Railway,m3,910.0827829498653
2025-09-29,Removing trees,Building,m2,3865.8031905288326
2025-06-29,Walling,Building,m2,348.93663799529185
2025-08-25,Foundation pouring,Building,m3,807.7589619265397
2025-09-02,Foundation pouring,Building,m3,494.2459127192827
2025-08-07,Laying steel rail,Railway,m,4710.003868503121
2025-06-20,Coat preparation,Road,L,208.97222679160942
2025-01-11,Coat preparation,Road,L,2187.5720377089997
2025-04-26,Cement making,Building,m3,690.0884823121811
2025-10-26,Iron mining,Railway,m3,1166.8892071017206
2025-03-28,Coat preparation,Road,L,2289.6417426867206
2025-10-07,Iron mining,Railway,m3,1477.441370505851
2025-02-26,Foundation pouring,Building,m3,2292.271928171644
2025-05-02,Removing trees,Building,m2,4923.9432654384755
2025-04-12,Iron mining,Railway,m3,2161.911020852576
2025-12-02,Laying steel rail,Railway,m,4808.037728019203
2025-08-21,Subbase application,Road,m2,2567.693507089536
2025-04-01,Iron mining,Railway,m3,76.48051777872477
2025-11-18,Walling,Building,m2,1520.2303762610086
2025-11-16,Anchorage,Railway,m2,788.9716228034521
2025-06-06,Laying steel rail,Railway,m,687.5025318480227
2025-06-12,Iron mining,Railway,m3,971.1433697846428
2025-01-30,Anchorage,Railway,m2,1579.746812146564
2025-08-19,Removing trees,Building,m2,2991.4324282918246
2025-09-23,Subbase application,Road,m2,881.7673751073951
2025-02-20,Rolling/Tractor,Road,m2,766.2437214340296
2025-06-17,Pavement,Road,m2,3027.8760059650212
2025-06-23,Removing trees,Building,m2,544.4462554702317
2025-08-19,Ballast,Railway,m3,839.8314299391308
2025-01-20,Removing trees,Building,m2,3985.1628129765563
2025-07-29,Terrain leveling,Building,m3,3034.2329235267916
2025-04-19,Coat preparation,Road,L,4254.265808941046
2025-06-24,Anchorage,Railway,m2,1927.2526761505098
2025-05-26,Terrain leveling,Building,m3,3004.06226520122
2025-12-15,Ballast,Railway,m3,3167.6449407852597
2025-10-06,Removing trees,Building,m2,2243.3245025661236
2025-07-02,Rolling/Tractor,Road,m2,1681.8197363879221
2025-10-10,Walling,Building,m2,1173.9509432949985
2025-12-03,Rolling/Tractor,Road,m2,2757.448027673696
2025-10-07,Laying steel rail,Railway,m,4285.845026065526
2025-04-30,Anchorage,Railway,m2,2786.489310374893
2025-07-30,Walling,Building,m2,4129.686603862648
2025-04-07,Pavement,Road,m2,268.4945713873316
2025-07-15,Ballast,Railway,m3,2791.6136782746016
2025-07-01,Subbase application,Road,m2,1296.1937123869332
2025-06-11,Subbase application,Road,m2,784.7861831503989
2025-05-02,Coat preparation,Road,L,635.2757212047844
2025-12-01,Terrain leveling,Building,m3,757.5882550558327
2025-12-21,Laying steel rail,Railway,m,318.31508307891556
2025-08-24,Rolling/Tractor,Road,m2,1550.9525189941703
2025-07-05,Removing trees,Building,m2,4220.289546444853
2025-04-04,Pavement,Road,m2,2968.9283809050044
2025-08-21,Terrain leveling,Building,m3,3613.2277405778973
2025-03-01,Cement making,Building,m3,3455.0172684762356
2025-11-20,Coat preparation,Road,L,3125.2620334324597
2025-04-14,Terrain leveling,Building,m3,1286.6963045109487
2025-12-28,Pavement,Road,m2,1691.660454429328
2025-06-29,Rolling/Tractor,Road,m2,53.537941300004775
2025-10-23,Cement making,Building,m3,2991.0544336682365
2025-05-28,Terrain leveling,Building,m3,3008.8920408817758
2025-10-11,Iron mining,Railway,m3,939.7309379090824
2025-03-05,Foundation pouring,Building,m3,3366.5765308870837
2025-04-25,Foundation pouring,Building,m3,3173.068235300584
2025-08-22,Cement making,Building,m3,3034.651438522599
2025-10-29,Rolling/Tractor,Road,m2,4100.357794561838
2025-01-06,Subbase application,Road,m2,467.22513642596107
2025-09-16,Pavement,Road,m2,273.68240104576336
2025-04-23,Removing trees,Building,m2,898.3490560229324
2025-06-19,Laying steel rail,Railway,m,3081.357245342573
2025-01-12,Cement making,Building,m3,3872.234252871205
2025-06-04,Ballast,Railway,m3,4451.739685418305
2025-06-28,Foundation pouring,Building,m3,2671.010616861653
2025-10-17,Walling,Building,m2,2545.8810427539697
2025-01-30,Pavement,Road,m2,2481.6384859270806
2025-09-23,Cement making,Building,m3,4711.318056825437
2025-01-06,Rolling/Tractor,Road,m2,250.85726615263593
2025-08-07,Subbase application,Road,m2,69.95624352696849
2025-12-13,Iron mining,Railway,m3,3511.561803809495
2025-06-28,Cement making,Building,m3,3498.007519928374
2025-07-11,Rolling/Tractor,Road,m2,1682.9636594827796
2025-02-03,Laying steel rail,Railway,m,824.7376484588725
2025-10-24,Coat preparation,Road,L,654.4261765411808
2025-11-07,Ballast,Railway,m3,2400.6329779216535
2025-12-25,Foundation pouring,Building,m3,859.9288985914827
2025-07-22,Coat preparation,Road,L,1757.6850169154395
2025-06-16,Subbase application,Road,m2,4584.573816436495
2025-10-28,Terrain leveling,Building,m3,4569.843364334919
2025-07-23,Subbase application,Road,m2,3261.123954663525
2025-12-03,Cement making,Building,m3,2107.229922243599
2025-11-30,Removing trees,Building,m2,3904.8545765810895
2025-11-21,Cement making,Building,m3,622.214039679031
2025-08-28,Cement making,Building,m3,1287.4882837061718
2025-06-21,Subbase application,Road,m2,3789.5981291801113
2025-08-05,Terrain leveling,Building,m3,2701.016850764963
2025-04-02,Terrain leveling,Building,m3,3299.484432821461
2025-06-29,Rolling/Tractor,Road,m2,3242.020987848204
2025-04-12,Terrain leveling,Building,m3,1744.3039863831207
2025-12-13,Pavement,Road,m2,35.78297929773599
2025-12-29,Coat preparation,Road,L,1997.280878756168
2025-01-27,Cement making,Building,m3,4093.0160739369753
2025-11-03,Anchorage,Railway,m2,716.43629317304
2025-05-22,Ballast,Railway,m3,1973.2735757438925
2025-04-13,Rolling/Tractor,Road,m2,1466.1497519776706
2025-04-18,Subbase application,Road,m2,3837.7635398585708
2025-11-20,Subbase application,Road,m2,1189.2066196503636
2025-11-18,Ballast,Railway,m3,3076.990360500411
2025-10-26,Cement making,Building,m3,4519.9542784423065
2025-03-16,Laying steel rail,Railway,m,558.8481537259837
2025-09-13,Coat preparation,Road,L,3259.3307610318343
2025-04-20,Walling,Building,m2,1770.8521880985838
2025-03-07,Anchorage,Railway,m2,1462.6637941314807
2025-02-06,Removing trees,Building,m2,133.34122966681795
2025-07-01,Walling,Building,m2,3170.66792528321
2025-04-11,Ballast,Railway,m3,2492.8188873070194
2025-01-17,Walling,Building,m2,4164.29102585869
2025-09-07,Walling,Building,m2,3017.098116947775
2025-11-30,Laying steel rail,Railway,m,2988.14316086343
2025-11-02,Terrain leveling,Building,m3,2204.427975207166
2025-03-25,Coat preparation,Road,L,280.2088159985783
2025-10-28,Subbase application,Road,m2,582.0346287503087
2025-06-06,Walling,Building,m2,4504.32806775907
2025-11-13,Cement making,Building,m3,4547.106235092576
2025-04-24,Anchorage,Railway,m2,3015.306993104717
2025-01-06,Iron mining,Railway,m3,4133.671760035793
2025-06-14,Coat preparation,Road,L,3925.1599290195354
2025-08-17,Laying steel rail,Railway,m,1757.4082688312037
2025-11-10,Subbase application,Road,m2,4085.4222250988064
2025-01-03,Ballast,Railway,m3,3979.402106511302
2025-01-19,Subbase application,Road,m2,4179.127981761849
2025-07-19,Pavement,Road,m2,2368.3743179822973
2025-10-03,Rolling/Tractor,Road,m2,2123.204699605813
2025-06-12,Subbase application,Road,m2,3754.8432497170575
2025-08-27,Foundation pouring,Building,m3,1835.858642958571
2025-07-14,Coat preparation,Road,L,1732.9864672089923
2025-07-05,Subbase application,Road,m2,714.0594873405398
2025-09-03,Foundation pouring,Building,m3,1646.3116593772293
2025-09-06,Subbase application,Road,m2,605.3821872131881
2025-11-02,Terrain leveling,Building,m3,2508.242429391116
2025-09-12,Anchorage,Railway,m2,4530.026101894756
2025-03-11,Ballast,Railway,m3,171.85996068526887
2025-11-03,Iron mining,Railway,m3,3218.4664095359844
2025-09-08,Rolling/Tractor,Road,m2,3434.656931122711
2025-04-12,Subbase application,Road,m2,3655.4410961438284
2025-07-14,Subbase application,Road,m2,4801.487335928003
2025-01-06,Ballast,Railway,m3,3161.251937372182
2025-06-24,Iron mining,Railway,m3,2036.0348939004646
2025-03-06,Subbase application,Road,m2,167.9475758885246
2025-08-15,Terrain leveling,Building,m3,3909.047318505566
2025-10-03,Laying steel rail,Railway,m,2254.0281725113186
2025-07-05,Anchorage,Railway,m2,248.15721375900878
2025-11-04,Cement making,Building,m3,2351.9008755008267
2025-09-22,Subbase application,Road,m2,3354.038026378164
2025-01-30,Pavement,Road,m2,4424.338435750274
2025-09-19,Ballast,Railway,m3,1462.5504446632015
2025-05-03,Ballast,Railway,m3,578.4373536046755
2025-07-20,Coat preparation,Road,L,3390.8793392293974
2025-09-26,Subbase application,Road,m2,228.70446081457217
2025-01-14,Iron mining,Railway,m3,3042.807902605166
2025-03-16,Removing trees,Building,m2,4887.456856806209
2025-12-03,Cement making,Building,m3,3596.4384150248807
2025-05-05,Foundation pouring,Building,m3,725.1145351100347
2025-05-06,Subbase application,Road,m2,35.964358950092425
2025-12-25,Cement making,Building,m3,2651.4930871844667
2025-11-03,Cement making,Building,m3,3093.486834312107
2025-08-08,Foundation pouring,Building,m3,3190.01640410731
2025-03-09,Laying steel rail,Railway,m,3560.217688040399
2025-01-30,Coat preparation,Road,L,389.92062349868297
2025-08-09,Terrain leveling,Building,m3,3528.430199265718
2025-06-28,Anchorage,Railway,m2,4908.913275937151
2025-08-16,Terrain leveling,Building,m3,1202.8291131655083
2025-09-11,Walling,Building,m2,1834.1793178789967
2025-11-23,Ballast,Railway,m3,1036.0690095646091
2025-08-09,Pavement,Road,m2,4848.757425422365
2025-10-08,Rolling/Tractor,Road,m2,1708.3229310360725
2025-03-15,Foundation pouring,Building,m3,4720.666922139852
2025-09-07,Rolling/Tractor,Road,m2,792.3121444513931
2025-12-01,Removing trees,Building,m2,1443.192161942024
2025-09-05,Anchorage,Railway,m2,2277.1452232451024
2025-04-20,Cement making,Building,m3,1507.6826346242945
2025-10-12,Walling,Building,m2,3717.679048374341
2025-12-28,Terrain leveling,Building,m3,2988.290443245965
2025-05-15,Laying steel rail,Railway,m,3928.7310955108255
2025-09-29,Anchorage,Railway,m2,4276.278800672184
2025-11-27,Laying steel rail,Railway,m,4450.088829063889
2025-02-02,Coat preparation,Road,L,256.79290833774184
2025-11-28,Rolling/Tractor,Road,m2,3610.46844154506
2025-09-16,Coat preparation,Road,L,1482.1029215042015
2025-01-13,Ballast,Railway,m3,2854.852723435223
2025-12-28,Cement making,Building,m3,3892.9487634803318
2025-05-11,Anchorage,Railway,m2,1055.335045327292
2025-08-17,Pavement,Road,m2,3976.2913763339225
2025-08-16,Coat preparation,Road,L,3082.945122116101
2025-02-16,Subbase application,Road,m2,1947.9132880237448
2025-07-28,Ballast,Railway,m3,3806.0246408595617
2025-05-12,Terrain leveling,Building,m3,4808.201943246978
2025-05-25,Walling,Building,m2,4525.546939184428
2025-04-06,Coat preparation,Road,L,557.2597544209035
2025-09-29,Ballast,Railway,m3,332.1691733512549
2025-06-09,Iron mining,Railway,m3,1761.2480411095255
2025-11-19,Coat preparation,Road,L,2943.5165825395347
2025-06-23,Cement making,Building,m3,3247.5121897793433
2025-07-24,Anchorage,Railway,m2,3769.7985939289424
2025-09-22,Removing trees,Building,m2,3355.3245760635127
2025-01-27,Terrain leveling,Building,m3,2574.858478531491
2025-02-20,Terrain leveling,Building,m3,1687.7101929913806
2025-08-16,Iron mining,Railway,m3,2508.4743998128138
2025-03-25,Laying steel rail,Railway,m,3175.292318952137
2025-01-04,Subbase application,Road,m2,1141.4239772962048
2025-05-20,Iron mining,Railway,m3,2874.8650723899636
2025-01-09,Iron mining,Railway,m3,3641.5672712700493
2025-09-05,Laying steel rail,Railway,m,3854.7138957201714
2025-03-06,Subbase application,Road,m2,4387.991830481413
2025-03-25,Pavement,Road,m2,4758.771667565602
2025-04-20,Terrain leveling,Building,m3,1178.941405515579
2025-06-16,Walling,Building,m2,857.510859037316
2025-12-21,Removing trees,Building,m2,92.54102764707339
2025-07-14,Foundation pouring,Building,m3,4171.9890289122195
2025-05-24,Iron mining,Railway,m3,2898.8455420719033
2025-09-08,Subbase application,Road,m2,2357.437926098666
2025-07-05,Foundation pouring,Building,m3,3385.94313123473
2025-03-01,Pavement,Road,m2,2634.905335401369
2025-07-01,Foundation pouring,Building,m3,2787.1008880199056
2025-09-28,Cement making,Building,m3,16.24813432844263
2025-05-17,Iron mining,Railway,m3,712.4626489906133
2025-03-08,Anchorage,Railway,m2,2153.6564703929453
2025-11-20,Cement making,Building,m3,176.71337361914397
2025-02-05,Coat preparation,Road,L,1306.1468386972747
2025-11-21,Removing trees,Building,m2,3849.371516804902
2025-07-14,Rolling/Tractor,Road,m2,4520.263861221692
2025-03-15,Removing trees,Building,m2,1959.8297965642619
2025-04-16,Anchorage,Railway,m2,2210.611570715555
2025-09-28,Subbase application,Road,m2,3084.645140636703
2025-07-04,Cement making,Building,m3,3859.715711925699
2025-08-19,Walling,Building,m2,596.4928237683032
2025-12-17,Foundation pouring,Building,m3,4669.879933694831
2025-07-20,Pavement,Road,m2,4926.123913907605
2025-05-27,Removing trees,Building,m2,3247.810393762118
2025-12-06,Ballast,Railway,m3,3090.9419240688003
2025-02-05,Subbase application,Road,m2,1013.3843604996873
2025-06-23,Subbase application,Road,m2,4583.684510595271
2025-02-11,Coat preparation,Road,L,2146.4376566243964
2025-11-30,Walling,Building,m2,4646.2444062271215
2025-04-07,Anchorage,Railway,m2,2841.139889180201
2025-05-28,Rolling/Tractor,Road,m2,1927.8845299093794
2025-10-29,Laying steel rail,Railway,m,2169.5724440725057
2025-08-28,Pavement,Road,m2,341.83125319167897
2025-05-12,Anchorage,Railway,m2,4379.566436370901
2025-09-21,Iron mining,Railway,m3,1684.2029388816616
2025-11-03,Removing trees,Building,m2,4303.606674133062
2025-04-11,Subbase application,Road,m2,3906.050117333567
2025-05-10,Ballast,Railway,m3,244.4546895028471
2025-03-22,Laying steel rail,Railway,m,4271.415999912794
2025-05-07,Terrain leveling,Building,m3,1159.7500381041864
2025-07-17,Terrain leveling,Building,m3,4477.137962151241
2025-08-15,Pavement,Road,m2,4794.761269434007
2025-11-19,Pavement,Road,m2,2935.812209374272
2025-05-17,Cement making,Building,m3,3134.0755770565174
2025-05-10,Coat preparation,Road,L,161.0540079363887
2025-01-24,Coat preparation,Road,L,4855.644384071088
2025-12-11,Subbase application,Road,m2,669.8615518675299
2025-05-02,Foundation pouring,Building,m3,2492.3964171528028
2025-03-25,Foundation pouring,Building,m3,1203.4046304678081
2025-08-11,Anchorage,Railway,m2,4527.62825962502
2025-08-27,Foundation pouring,Building,m3,1834.621990310946
2025-04-01,Terrain leveling,Building,m3,4382.501786102623
2025-10-22,Subbase application,Road,m2,695.2270302803065
2025-10-15,Rolling/Tractor,Road,m2,81.01260326589255
2025-09-28,Cement making,Building,m3,3429.5769731767873
2025-09-04,Coat preparation,Road,L,3605.3905469290494
2025-06-14,Cement making,Building,m3,1928.69258759112
2025-11-01,Rolling/Tractor,Road,m2,4560.617376243962
2025-09-23,Terrain leveling,Building,m3,4571.762948299676
2025-04-10,Iron mining,Railway,m3,649.9855186434434
2025-08-22,Rolling/Tractor,Road,m2,3808.825739646067
2025-06-10,Subbase application,Road,m2,695.6811376368272
2025-06-20,Removing trees,Building,m2,4957.961553423895
2025-03-31,Walling,Building,m2,12.419001022451749
2025-01-24,Cement making,Building,m3,4111.125385773616
2025-05-09,Anchorage,Railway,m2,2023.2083128915474
2025-08-07,Cement making,Building,m3,3889.392017136548
2025-07-04,Rolling/Tractor,Road,m2,3181.3263091750164
2025-10-04,Walling,Building,m2,4852.51407659298
2025-03-05,Cement making,Building,m3,790.2862031963842
2025-09-09,Pavement,Road,m2,837.7559298717701
2025-12-11,Removing trees,Building,m2,2874.6885284400787
2025-11-01,Foundation pouring,Building,m3,4614.3302714781685
2025-04-09,Walling,Building,m2,2201.8689146373276
2025-01-30,Cement making,Building,m3,1524.6499925709984
2025-03-19,Terrain leveling,Building,m3,4161.619106165014
2025-09-04,Cement making,Building,m3,4321.116207679312
2025-03-02,Pavement,Road,m2,2925.254810738011
2025-06-17,Foundation pouring,Building,m3,73.27574958978956
2025-07-13,Ballast,Railway,m3,1994.084449546628
2025-08-17,Anchorage,Railway,m2,737.7451209682129
2025-12-07,Foundation pouring,Building,m3,2450.9545829132758
2025-06-18,Cement making,Building,m3,2972.0394076106745
2025-07-06,Walling,Building,m2,3408.9069615731314
2025-07-28,Subbase application,Road,m2,799.9693152320558
2025-12-11,Removing trees,Building,m2,3941.881687386336
2025-05-24,Foundation pouring,Building,m3,4364.050751241337
2025-05-01,Ballast,Railway,m3,1239.4966743755126
2025-09-12,Removing trees,Building,m2,4839.759516447598
2025-11-05,Walling,Building,m2,1578.7660609164982
2025-06-24,Subbase application,Road,m2,4544.691034113709
2025-08-27,Foundation pouring,Building,m3,4599.609136094808
2025-03-12,Anchorage,Railway,m2,2806.8456923988383
2025-01-10,Laying steel rail,Railway,m,4129.423193901023
2025-10-30,Removing trees,Building,m2,4511.336802029191
2025-07-28,Walling,Building,m2,4668.0310580877
2025-05-21,Anchorage,Railway,m2,4721.659104778732
2025-09-22,Terrain leveling,Building,m3,4532.985032587978
2025-06-01,Walling,Building,m2,3964.9889396645676
2025-01-24,Walling,Building,m2,2413.4448029098567
2025-04-24,Laying steel rail,Railway,m,4822.411804707688
2025-10-13,Laying steel rail,Railway,m,2697.427903631815
2025-02-16,Coat preparation,Road,L,3312.9705300849205
2025-01-16,Terrain leveling,Building,m3,2852.8242740163473
2025-04-27,Coat preparation,Road,L,3190.342622951518
2025-04-28,Laying steel rail,Railway,m,3459.7051987213536
2025-02-13,Subbase application,Road,m2,1965.0219611935393
2025-08-13,Ballast,Railway,m3,3234.569347594377
2025-09-05,Cement making,Building,m3,4052.194233160993
2025-12-08,Coat preparation,Road,L,3752.5241236951897
2025-04-16,Cement making,Building,m3,552.0347956046062
2025-03-01,Cement making,Building,m3,179.18152094879346
2025-12-02,Subbase application,Road,m2,1467.7783108929505
2025-11-10,Terrain leveling,Building,m3,2460.2788965679915
2025-09-12,Terrain leveling,Building,m3,3627.3305185076465
2025-11-12,Ballast,Railway,m3,3295.6431862071913
2025-09-20,Anchorage,Railway,m2,713.0205698712766
2025-12-27,Anchorage,Railway,m2,3228.8799637037664
2025-07-27,Ballast,Railway,m3,1934.804305740922
2025-10-21,Iron mining,Railway,m3,120.75595288912888
2025-12-03,Cement making,Building,m3,2365.171591734366
2025-03-30,Terrain leveling,Building,m3,4620.197261768482
2025-03-01,Laying steel rail,Railway,m,4446.417709527228
2025-01-30,Ballast,Railway,m3,4401.551701084007
2025-05-30,Anchorage,Railway,m2,886.9039519193328
2025-07-01,Walling,Building,m2,3471.557983505332
2025-09-24,Walling,Building,m2,83.4390577603611
2025-05-20,Removing trees,Building,m2,1757.488216630328
2025-01-14,Walling,Building,m2,389.80891473398503
2025-05-01,Coat preparation,Road,L,1134.2225461136002
2025-04-30,Cement making,Building,m3,2341.493126108245
2025-04-26,Removing trees,Building,m2,3619.493571394453
2025-01-29,Rolling/Tractor,Road,m2,2235.3405337881536
2025-01-26,Anchorage,Railway,m2,3421.980584056159
2025-01-11,Subbase application,Road,m2,1938.8962938330485
2025-01-04,Coat preparation,Road,L,2047.0249481262392
2025-02-02,Pavement,Road,m2,2202.5503487768765
2025-01-04,Iron mining,Railway,m3,3601.9925643687097
2025-09-12,Laying steel rail,Railway,m,3100.9186675206734
2025-12-20,Rolling/Tractor,Road,m2,4572.159413503537
2025-01-19,Subbase application,Road,m2,4116.987950753832
2025-06-06,Rolling/Tractor,Road,m2,3604.726272987449
2025-03-09,Cement making,Building,m3,3179.526677560059
2025-11-05,Subbase application,Road,m2,4611.335395303408
2025-04-12,Pavement,Road,m2,2093.9370509957985
2025-10-30,Ballast,Railway,m3,1818.3131642027595
2025-03-12,Anchorage,Railway,m2,2988.824380681114
2025-06-23,Cement making,Building,m3,4220.715661259789
2025-06-01,Subbase application,Road,m2,4901.694110839775
2025-12-14,Coat preparation,Road,L,1364.8762844979196
2025-12-01,Foundation pouring,Building,m3,1510.8272009979373
2025-11-22,Laying steel rail,Railway,m,2050.2436399456064
2025-04-17,Walling,Building,m2,3396.8831809498874
2025-06-04,Rolling/Tractor,Road,m2,632.3618589525837
2025-11-09,Cement making,Building,m3,3494.3637904744933
2025-01-25,Removing trees,Building,m2,274.31593652777866
2025-04-29,Anchorage,Railway,m2,523.844926508959
2025-06-30,Removing trees,Building,m2,3055.127028518508
2025-09-25,Subbase application,Road,m2,1931.8164950324308
2025-10-13,Cement making,Building,m3,43.59756069489129
2025-06-18,Ballast,Railway,m3,3003.9211788723915
2025-12-15,Pavement,Road,m2,700.0170644004278
2025-01-17,Foundation pouring,Building,m3,4454.076786515884
2025-10-27,Coat preparation,Road,L,612.8556969040122
2025-07-21,Iron mining,Railway,m3,4567.999466883798
2025-06-11,Pavement,Road,m2,1121.8915368196042
2025-01-23,Terrain leveling,Building,m3,3333.502332399217
2025-06-05,Coat preparation,Road,L,2753.7900353982286
2025-03-29,Removing trees,Building,m2,2406.9692706192523
2025-05-14,Foundation pouring,Building,m3,4203.533806868366
2025-07-26,Foundation pouring,Building,m3,3027.829715951843
2025-05-31,Walling,Building,m2,2359.690958070709
2025-04-23,Removing trees,Building,m2,1429.7811789212467
2025-04-22,Walling,Building,m2,289.605492765494
2025-12-27,Laying steel rail,Railway,m,2034.9106842410304
2025-07-05,Terrain leveling,Building,m3,290.3543816602616
2025-08-15,Anchorage,Railway,m2,4927.589186507156
2025-02-26,Pavement,Road,m2,2862.785521961014
2025-11-23,Laying steel rail,Railway,m,2258.8001898587418
2025-03-19,Foundation pouring,Building,m3,4491.039373670955
2025-06-22,Anchorage,Railway,m2,344.9950366901272
2025-04-12,Cement making,Building,m3,3292.457473360636
2025-03-03,Foundation pouring,Building,m3,4112.144517624146
2025-03-27,Foundation pouring,Building,m3,248.35039064802388
2025-05-06,Iron mining,Railway,m3,55.70381348962705
2025-12-05,Ballast,Railway,m3,1812.2879311299278
2025-06-07,Removing trees,Building,m2,4197.976439102014
2025-09-27,Iron mining,Railway,m3,4118.781676191991
2025-10-05,Subbase application,Road,m2,4329.93744178606
2025-07-24,Foundation pouring,Building,m3,2852.762603824048
2025-07-24,Pavement,Road,m2,4625.940987098453
2025-09-29,Subbase application,Road,m2,1582.2610531101377
2025-12-04,Pavement,Road,m2,2064.742730606891
2025-01-02,Pavement,Road,m2,4168.226440783331
2025-04-19,Foundation pouring,Building,m3,3823.639882053775
2025-08-07,Walling,Building,m2,2833.3826185569324
2025-07-06,Anchorage,Railway,m2,4325.869814365167
2025-06-03,Laying steel rail,Railway,m,2855.1978004732164
2025-03-12,Rolling/Tractor,Road,m2,3103.195393988617
2025-03-09,Subbase application,Road,m2,327.1181580485305
2025-12-09,Walling,Building,m2,1321.1849373761386
2025-09-12,Terrain leveling,Building,m3,2359.7047274951988
2025-04-21,Iron mining,Railway,m3,1236.2986166172673
2025-05-09,Laying steel rail,Railway,m,743.6510962922815
2025-01-23,Ballast,Railway,m3,90.62266057902445
2025-03-24,Ballast,Railway,m3,2916.117913912499
2025-01-25,Removing trees,Building,m2,877.9225409043984
2025-04-23,Subbase application,Road,m2,2928.575633659421
2025-01-20,Pavement,Road,m2,2956.467507368875
2025-04-12,Laying steel rail,Railway,m,3548.432191494152
2025-01-01,Rolling/Tractor,Road,m2,859.5421008304332
2025-12-27,Iron mining,Railway,m3,2100.05676457931
2025-11-28,Terrain leveling,Building,m3,630.3003480868791
2025-12-27,Removing trees,Building,m2,1797.1709110545391
2025-11-11,Iron mining,Railway,m3,2147.1209866841014
2025-01-26,Rolling/Tractor,Road,m2,4193.64922076354
2025-09-13,Cement making,Building,m3,3819.227725755563
2025-07-05,Cement making,Building,m3,2711.071704529361
2025-12-08,Cement making,Building,m3,2627.2841011977
2025-01-02,Anchorage,Railway,m2,2638.3224202747256
2025-03-19,Anchorage,Railway,m2,3214.054381255989
2025-02-15,Coat preparation,Road,L,1362.430551152899
2025-02-20,Pavement,Road,m2,1847.01302718051
2025-08-29,Iron mining,Railway,m3,3123.8422051590987
2025-07-06,Walling,Building,m2,4875.849789997117
2025-05-06,Laying steel rail,Railway,m,3208.463359890083
2025-07-22,Iron mining,Railway,m3,1387.8645828042108
2025-02-14,Coat preparation,Road,L,30.01181014158416
2025-03-04,Iron mining,Railway,m3,1264.894178380301
2025-05-28,Walling,Building,m2,4028.267637353752
2025-01-21,Cement making,Building,m3,4705.124826769084
2025-11-18,Pavement,Road,m2,1142.3737502078097
2025-10-02,Anchorage,Railway,m2,2477.282924658307
2025-04-16,Walling,Building,m2,915.9456134231186
2025-05-09,Pavement,Road,m2,2005.4775831087006
2025-04-12,Subbase application,Road,m2,76.82949041976306
2025-06-16,Subbase application,Road,m2,2669.504669897342
2025-06-15,Subbase application,Road,m2,2905.1746854132643
2025-12-21,Cement making,Building,m3,1073.67896719423
2025-10-29,Foundation pouring,Building,m3,3477.2310834565
2025-06-15,Subbase application,Road,m2,3160.099419072316
2025-04-24,Coat preparation,Road,L,4238.989858600937
2025-04-03,Removing trees,Building,m2,3889.3942906060197
2025-05-23,Subbase application,Road,m2,2535.354447886608
2025-10-01,Removing trees,Building,m2,1300.0386395993607
2025-02-23,Walling,Building,m2,80.76632043430342
2025-05-18,Ballast,Railway,m3,1399.7664835895346
2025-04-04,Pavement,Road,m2,711.7631589388068
2025-01-06,Iron mining,Railway,m3,2899.763722915367
2025-06-16,Cement making,Building,m3,3588.3706067957164
2025-04-14,Walling,Building,m2,4931.451238729032
2025-12-10,Iron mining,Railway,m3,1708.9233252261222
2025-12-07,Iron mining,Railway,m3,790.852792542469
2025-09-29,Removing trees,Building,m2,4743.172515696172
2025-11-25,Foundation pouring,Building,m3,2437.7669662503877
2025-03-06,Terrain leveling,Building,m3,3764.533807956923
2025-05-23,Iron mining,Railway,m3,2984.0783889587365
2025-07-07,Laying steel rail,Railway,m,139.08675701851615
2025-01-02,Laying steel rail,Railway,m,1082.2705637538238
2025-07-12,Ballast,Railway,m3,3193.3836570056837
2025-08-11,Foundation pouring,Building,m3,863.1567755014119
2025-10-03,Pavement,Road,m2,4094.042998370405
2025-07-28,Pavement,Road,m2,4559.486815480003
2025-06-15,Cement making,Building,m3,1810.1547194498191
2025-03-21,Terrain leveling,Building,m3,924.777662780934
2025-05-08,Coat preparation,Road,L,4947.253853851729
2025-04-25,Terrain leveling,Building,m3,4046.681752790192
2025-10-17,Removing trees,Building,m2,4413.4356785406
2025-12-12,Terrain leveling,Building,m3,2740.543500374376
2025-09-21,Cement making,Building,m3,1250.383177198876
2025-06-08,Foundation pouring,Building,m3,767.4826262124578
2025-07-16,Pavement,Road,m2,3902.815778460161
2025-05-30,Coat preparation,Road,L,1075.2366321228562
2025-10-17,Pavement,Road,m2,749.1877724701351
2025-07-28,Cement making,Building,m3,828.8151461297327
2025-06-28,Terrain leveling,Building,m3,2836.2809905299973
2025-01-22,Terrain leveling,Building,m3,1448.36928858031
2025-06-26,Pavement,Road,m2,584.4383895582322
2025-02-27,Laying steel rail,Railway,m,4267.03975248084
2025-07-12,Iron mining,Railway,m3,1314.2317254489355
2025-03-01,Walling,Building,m2,872.2648357706275
2025-03-19,Subbase application,Road,m2,16.895445394870535
2025-02-18,Pavement,Road,m2,107.33278298447723
2025-07-01,Coat preparation,Road,L,1999.2977220785563
2025-04-25,Coat preparation,Road,L,4039.9528946583146
2025-08-12,Ballast,Railway,m3,2200.847530792054
2025-05-21,Coat preparation,Road,L,2702.2747048147726
2025-03-31,Cement making,Building,m3,3847.7245648680696
2025-05-03,Coat preparation,Road,L,4869.95325047732
2025-01-29,Subbase application,Road,m2,4094.194150209798
2025-09-29,Removing trees,Building,m2,1671.268605774836
2025-02-09,Iron mining,Railway,m3,1738.458873112753
2025-06-13,Rolling/Tractor,Road,m2,4042.5624859051263
2025-02-03,Coat preparation,Road,L,3500.281559383166
2025-11-02,Removing trees,Building,m2,3411.8293072199226
2025-01-19,Laying steel rail,Railway,m,4640.159605405848
2025-08-31,Anchorage,Railway,m2,4983.54299701472
2025-03-30,Removing trees,Building,m2,4487.676351242024
2025-06-14,Walling,Building,m2,1396.9445433223905
2025-11-24,Coat preparation,Road,L,254.21604925641606
2025-04-06,Rolling/Tractor,Road,m2,3666.15863043187
2025-05-12,Foundation pouring,Building,m3,2028.789766239737
2025-06-25,Subbase application,Road,m2,309.62619814633774
2025-06-21,Removing trees,Building,m2,4213.454299545115
2025-05-01,Anchorage,Railway,m2,1611.2847211192388
2025-09-24,Iron mining,Railway,m3,3636.7400125612153
2025-11-13,Subbase application,Road,m2,496.4322156791867
2025-12-18,Coat preparation,Road,L,1901.5635937936497
2025-03-24,Pavement,Road,m2,1567.8626312464282
2025-05-16,Coat preparation,Road,L,62.068668368235876
2025-03-22,Anchorage,Railway,m2,4246.153937374364
2025-12-25,Cement making,Building,m3,787.3789196890407
2025-09-17,Iron mining,Railway,m3,1552.257996251516
2025-03-06,Pavement,Road,m2,3736.901934092992
2025-01-21,Laying steel rail,Railway,m,4018.028904364558
2025-05-13,Anchorage,Railway,m2,841.0044729671384
2025-06-19,Rolling/Tractor,Road,m2,215.1183705013099
2025-04-13,Iron mining,Railway,m3,2623.8748133320673
2025-01-01,Laying steel rail,Railway,m,4955.75104245464
2025-06-21,Iron mining,Railway,m3,115.36678563123625
2025-06-27,Terrain leveling,Building,m3,4888.118325576392
2025-04-12,Cement making,Building,m3,3440.6140654539668
2025-04-16,Subbase application,Road,m2,4829.21659941855
2025-01-09,Removing trees,Building,m2,1937.135564196003
2025-10-04,Anchorage,Railway,m2,3140.5168897546505
2025-10-27,Foundation pouring,Building,m3,1887.7991487366653
2025-03-29,Pavement,Road,m2,3945.356583331583
2025-03-02,Subbase application,Road,m2,4355.054309970788
2025-04-29,Laying steel rail,Railway,m,4246.741425358943
2025-12-05,Cement making,Building,m3,3509.8011316146726
2025-06-30,Cement making,Building,m3,562.5716867087882
2025-07-14,Terrain leveling,Building,m3,1541.571505539961
2025-08-13,Terrain leveling,Building,m3,3631.2526526952006
2025-08-21,Cement making,Building,m3,2161.6221942302145
2025-12-03,Cement making,Building,m3,3930.197590109444
2025-03-06,Pavement,Road,m2,735.2682409728611
2025-11-03,Iron mining,Railway,m3,1115.733074988402
2025-11-03,Subbase application,Road,m2,3744.3375505940753
2025-03-03,Coat preparation,Road,L,2255.0967318559765
2025-06-17,Ballast,Railway,m3,2046.9253892932904
2025-07-20,Cement making,Building,m3,2646.179635844743
2025-12-25,Iron mining,Railway,m3,903.4676330078689
2025-11-27,Pavement,Road,m2,1671.8808653374383
2025-11-12,Walling,Building,m2,2031.1797361761076
2025-08-14,Removing trees,Building,m2,123.77365703210464
2025-10-19,Coat preparation,Road,L,4760.683355649335
2025-12-09,Iron mining,Railway,m3,4661.439875305198
2025-03-01,Rolling/Tractor,Road,m2,348.56549528826775
2025-02-07,Cement making,Building,m3,3.4357094010561973
2025-08-25,Cement making,Building,m3,2468.97583273572
2025-02-14,Ballast,Railway,m3,2324.3582264272204
2025-08-25,Anchorage,Railway,m2,2109.343130535263
2025-05-16,Coat preparation,Road,L,3457.765784290012
2025-12-13,Coat preparation,Road,L,4444.89810799289
2025-03-30,Cement making,Building,m3,4471.472959632083
2025-04-15,Anchorage,Railway,m2,1600.8663840444797
2025-04-02,Iron mining,Railway,m3,4131.605949679361
2025-12-25,Ballast,Railway,m3,2538.711820891435
2025-10-24,Terrain leveling,Building,m3,4643.234147936631
2025-01-11,Pavement,Road,m2,1054.3398147111227
2025-08-11,Laying steel rail,Railway,m,3833.7537274700085
2025-09-11,Removing trees,Building,m2,154.2499420502269
2025-08-28,Walling,Building,m2,3912.6963250497065
2025-05-11,Foundation pouring,Building,m3,904.6741041372175
2025-03-30,Pavement,Road,m2,1927.3909238766785
2025-05-28,Laying steel rail,Railway,m,2425.0309753242645
2025-01-12,Iron mining,Railway,m3,2663.884643068477
2025-11-28,Removing trees,Building,m2,638.7434109156497
2025-06-06,Terrain leveling,Building,m3,689.5841952945053
2025-02-09,Rolling/Tractor,Road,m2,3991.6404801768385
2025-11-30,Foundation pouring,Building,m3,3467.9385257317604
2025-03-02,Subbase application,Road,m2,1812.7029025987867
2025-01-03,Ballast,Railway,m3,1512.7509983989746
2025-09-23,Cement making,Building,m3,3707.617364813264
2025-11-17,Walling,Building,m2,703.8557953247026
2025-07-20,Subbase application,Road,m2,2148.1277422586027
2025-03-04,Laying steel rail,Railway,m,517.2754297721327
2025-12-08,Cement making,Building,m3,4727.062945112256
2025-08-24,Cement making,Building,m3,3688.820355781064
2025-11-10,Iron mining,Railway,m3,1789.582410414975
2025-08-20,Removing trees,Building,m2,1934.4940153271095
2025-03-24,Coat preparation,Road,L,4896.916175034188
2025-05-21,Coat preparation,Road,L,4795.010593400226
2025-08-11,Removing trees,Building,m2,4822.834341796962
2025-02-27,Cement making,Building,m3,3503.0659193314723
2025-08-30,Iron mining,Railway,m3,1190.3129032380589
2025-04-20,Cement making,Building,m3,2335.4524432873445
2025-12-24,Rolling/Tractor,Road,m2,1013.2757094156541
2025-08-31,Pavement,Road,m2,99.27556286923267
2025-04-12,Anchorage,Railway,m2,3074.6779486816245
2025-11-25,Coat preparation,Road,L,4900.89311355614
2025-03-26,Anchorage,Railway,m2,4428.219171841313
2025-09-26,Iron mining,Railway,m3,4893.108984745462
2025-02-07,Foundation pouring,Building,m3,3209.170121757729
2025-11-30,Iron mining,Railway,m3,4322.833826899501
2025-10-18,Terrain leveling,Building,m3,2154.5846076656426
2025-01-29,Subbase application,Road,m2,1486.9812332853012
2025-12-10,Pavement,Road,m2,4710.832461625236
2025-06-12,Terrain leveling,Building,m3,3524.7794103616857
2025-02-02,Anchorage,Railway,m2,2715.096901595286
2025-04-30,Foundation pouring,Building,m3,752.7837582324703
2025-07-11,Coat preparation,Road,L,2417.270265060101
2025-08-09,Foundation pouring,Building,m3,3204.4204380801434
2025-09-03,Ballast,Railway,m3,21.46286493094007
2025-04-15,Ballast,Railway,m3,2435.4578217042804
2025-11-29,Rolling/Tractor,Road,m2,1105.9129813318214
2025-05-14,Iron mining,Railway,m3,2563.882036629268
2025-10-22,Cement making,Building,m3,4782.102227417693
2025-03-15,Walling,Building,m2,4037.5900400084483
2025-05-29,Subbase application,Road,m2,1505.8856211894351
2025-11-27,Foundation pouring,Building,m3,4173.334591505025
2025-06-03,Walling,Building,m2,1204.8543286257996
2025-07-17,Walling,Building,m2,3039.564684711957
2025-08-08,Anchorage,Railway,m2,158.2480961327065
2025-04-03,Cement making,Building,m3,1515.179155306725
2025-04-11,Laying steel rail,Railway,m,2601.6858759783136
2025-03-05,Laying steel rail,Railway,m,3143.5971428942557
2025-02-09,Walling,Building,m2,1743.8328758787025
2025-06-16,Cement making,Building,m3,4811.6800481855125
2025-10-01,Cement making,Building,m3,112.77705709188513
2025-06-26,Cement making,Building,m3,957.5115788305544
2025-05-13,Iron mining,Railway,m3,2405.1402596933603
2025-01-03,Rolling/Tractor,Road,m2,1388.3352014040174
2025-08-11,Anchorage,Railway,m2,4221.464513826637
2025-07-08,Coat preparation,Road,L,1355.4139484822192
2025-03-08,Iron mining,Railway,m3,4839.727311333629
2025-07-20,Anchorage,Railway,m2,1068.435728180555
2025-05-03,Terrain leveling,Building,m3,4029.3695337982113
2025-10-11,Walling,Building,m2,2667.4534154571443
2025-02-04,Coat preparation,Road,L,537.2502881743984
2025-05-27,Rolling/Tractor,Road,m2,4931.183050890189
2025-12-19,Cement making,Building,m3,4402.644476071608
2025-08-27,Iron mining,Railway,m3,1859.6500992015185
2025-02-22,Subbase application,Road,m2,1470.8020060176286
2025-08-04,Removing trees,Building,m2,2196.3934942930828
2025-02-06,Subbase application,Road,m2,1085.6195650253676
2025-02-13,Coat preparation,Road,L,4967.310375797498
2025-09-13,Subbase application,Road,m2,2835.4057250950787
2025-08-30,Removing trees,Building,m2,23.235734971943643
2025-04-30,Ballast,Railway,m3,3707.2352966891176
2025-07-11,Anchorage,Railway,m2,4241.836853638068
2025-10-31,Subbase application,Road,m2,52.510406796795195
2025-06-27,Cement making,Building,m3,4628.610736684403
2025-09-20,Terrain leveling,Building,m3,1278.494460567226
2025-12-17,Anchorage,Railway,m2,760.781028394637
2025-03-16,Pavement,Road,m2,2229.0524976529628
2025-10-29,Walling,Building,m2,4342.696650861298
2025-12-21,Foundation pouring,Building,m3,4295.7752255823625
2025-09-06,Foundation pouring,Building,m3,4634.775331527192
2025-09-30,Walling,Building,m2,573.1316320060404
2025-06-18,Removing trees,Building,m2,1024.8459737692344
2025-07-02,Coat preparation,Road,L,1925.1899980226933
2025-10-24,Iron mining,Railway,m3,4422.518718181008
2025-06-07,Anchorage,Railway,m2,3925.568710833423
2025-11-25,Rolling/Tractor,Road,m2,662.437238766243
2025-05-20,Removing trees,Building,m2,1947.2846776589208
2025-06-17,Rolling/Tractor,Road,m2,2936.2827991902586
2025-12-04,Foundation pouring,Building,m3,4567.596988554262
2025-11-30,Ballast,Railway,m3,1968.4454053572535
2025-01-14,Removing trees,Building,m2,189.21814856810605
2025-12-09,Ballast,Railway,m3,3285.4392794354385
2025-08-10,Terrain leveling,Building,m3,809.6582521762274
2025-02-20,Rolling/Tractor,Road,m2,3380.410815441556
2025-08-07,Foundation pouring,Building,m3,63.16730310516383
2025-10-23,Walling,Building,m2,1764.3040885342004
2025-04-29,Iron mining,Railway,m3,3554.7562793186694
2025-03-19,Cement making,Building,m3,4044.1507568192333
2025-05-25,Foundation pouring,Building,m3,1565.0522941286404
2025-10-17,Anchorage,Railway,m2,3043.1283671699493
2025-04-05,Subbase application,Road,m2,2062.044506396105
2025-11-20,Laying steel rail,Railway,m,3139.9704536994914
2025-06-10,Cement making,Building,m3,2666.7789082056975
2025-09-02,Walling,Building,m2,3067.3573475218777
2025-09-30,Laying steel rail,Railway,m,4512.302570210652
2025-08-04,Laying steel rail,Railway,m,4277.2956424385
2025-09-18,Ballast,Railway,m3,4458.047790423856
2025-07-25,Removing trees,Building,m2,1110.3181357082349
2025-04-09,Pavement,Road,m2,1696.6813684367764
2025-11-29,Foundation pouring,Building,m3,2645.5616471271715
2025-01-10,Walling,Building,m2,4660.379557298795
2025-11-18,Cement making,Building,m3,4558.283413153486
2025-09-23,Iron mining,Railway,m3,2213.57492448591
2025-07-25,Removing trees,Building,m2,2164.86015342646
2025-05-24,Coat preparation,Road,L,2246.357462622514
2025-07-31,Pavement,Road,m2,3234.4013727163483
2025-01-01,Ballast,Railway,m3,4965.701891408259
2025-01-18,Removing trees,Building,m2,3029.255898523961
2025-07-05,Rolling/Tractor,Road,m2,3851.1918046774467
2025-01-31,Coat preparation,Road,L,4389.2669990385875
2025-12-23,Walling,Building,m2,4500.45728939348
2025-06-22,Ballast,Railway,m3,1778.851979097072
2025-05-08,Foundation pouring,Building,m3,461.56014885211704
2025-08-01,Removing trees,Building,m2,4900.952035136447
2025-10-10,Terrain leveling,Building,m3,1831.3219442514512
2025-08-05,Anchorage,Railway,m2,1373.5961575701638
2025-01-09,Coat preparation,Road,L,508.28005175085013
2025-02-12,Ballast,Railway,m3,3736.0984298054186
2025-04-11,Coat preparation,Road,L,2816.5917388847784
2025-02-07,Terrain leveling,Building,m3,2672.4829098622745
2025-12-27,Foundation pouring,Building,m3,2974.7219900570126
2025-12-23,Coat preparation,Road,L,326.2201835254297
2025-03-18,Anchorage,Railway,m2,2953.918209751409
2025-12-21,Terrain leveling,Building,m3,1246.2222951499857
2025-02-27,Laying steel rail,Railway,m,1461.9723764011383
2025-10-20,Cement making,Building,m3,3209.6452692670437
2025-11-23,Subbase application,Road,m2,1575.1257848463185
2025-07-05,Cement making,Building,m3,4569.609663842588
2025-11-07,Rolling/Tractor,Road,m2,2324.6077991395514
2025-08-25,Cement making,Building,m3,3079.572310158985
2025-02-07,Rolling/Tractor,Road,m2,4895.4994251123635
2025-04-29,Coat preparation,Road,L,4351.744000814315
2025-07-19,Pavement,Road,m2,2007.542251288872
2025-03-06,Ballast,Railway,m3,262.5015687626392
2025-01-06,Ballast,Railway,m3,1185.2123703591456
2025-06-12,Walling,Building,m2,2067.9074759729638
2025-01-27,Cement making,Building,m3,574.7628411774858
2025-12-09,Removing trees,Building,m2,3628.8423379409624
2025-12-15,Walling,Building,m2,2487.7895624165308
2025-02-28,Terrain leveling,Building,m3,2656.3323082914176
2025-05-09,Anchorage,Railway,m2,124.8690020975879
2025-07-01,Walling,Building,m2,1008.7847903986208
2025-08-08,Anchorage,Railway,m2,811.4807300796384
2025-01-27,Ballast,Railway,m3,1836.2455776626207
2025-02-19,Iron mining,Railway,m3,3336.1823949050095
2025-11-16,Laying steel rail,Railway,m,351.5659618592176
2025-04-17,Terrain leveling,Building,m3,2564.1411433745975
2025-05-09,Coat preparation,Road,L,1590.4960551969043
2025-09-13,Terrain leveling,Building,m3,3775.796843909622
2025-09-06,Rolling/Tractor,Road,m2,1125.0478708375788
2025-10-24,Walling,Building,m2,3190.69706652084
2025-10-22,Ballast,Railway,m3,1036.7323725895833
2025-08-10,Foundation pouring,Building,m3,842.2887939512668
2025-09-26,Foundation pouring,Building,m3,1805.0630512343025
2025-04-19,Laying steel rail,Railway,m,4504.498093495103
2025-11-30,Terrain leveling,Building,m3,1185.5136995401022
2025-05-30,Coat preparation,Road,L,3290.9095213112537
2025-12-05,Terrain leveling,Building,m3,1750.275847060394
2025-11-06,Coat preparation,Road,L,79.83453118057093
2025-07-13,Anchorage,Railway,m2,1951.9010385635022
2025-09-24,Walling,Building,m2,1212.9340258288946
2025-07-07,Pavement,Road,m2,4298.340896260862
2025-07-25,Rolling/Tractor,Road,m2,4292.627112391564
2025-06-11,Foundation pouring,Building,m3,3248.9887735820535
2025-07-13,Iron mining,Railway,m3,2107.440427672296
2025-09-06,Rolling/Tractor,Road,m2,2552.9363351417355
2025-10-10,Iron mining,Railway,m3,3159.7697084090505
2025-06-21,Ballast,Railway,m3,4047.5017591626292
2025-02-15,Removing trees,Building,m2,2294.1474009019107
2025-12-15,Pavement,Road,m2,58.78305434100728
2025-11-19,Anchorage,Railway,m2,34.83484193908537
2025-02-20,Terrain leveling,Building,m3,3934.9969762035726
2025-07-18,Coat preparation,Road,L,370.0375016252588
2025-03-27,Removing trees,Building,m2,383.05101103723314
2025-11-15,Terrain leveling,Building,m3,1468.8263203080737
2025-06-25,Removing trees,Building,m2,951.3713523314399
2025-12-16,Iron mining,Railway,m3,4710.3464065784065
2025-02-25,Coat preparation,Road,L,2536.5964679508133
2025-05-13,Ballast,Railway,m3,3139.391857908968
2025-10-21,Coat preparation,Road,L,2314.2950842366395
2025-03-26,Rolling/Tractor,Road,m2,2156.0996096924528
2025-07-31,Pavement,Road,m2,3177.2582412392976
2025-05-25,Cement making,Building,m3,2690.3832387957655
2025-08-15,Terrain leveling,Building,m3,1078.8481760254076
2025-05-21,Rolling/Tractor,Road,m2,15.729253128987096
2025-11-07,Removing trees,Building,m2,1639.9825408618012
2025-04-28,Ballast,Railway,m3,605.8796864588778
2025-04-13,Pavement,Road,m2,1800.0591251240212
2025-07-24,Terrain leveling,Building,m3,3337.405463972609
2025-05-17,Subbase application,Road,m2,34.83583769211873
2025-10-26,Subbase application,Road,m2,1868.7658467483225
2025-02-08,Terrain leveling,Building,m3,1885.2010291797544
2025-01-10,Coat preparation,Road,L,4081.569051768658
2025-01-23,Cement making,Building,m3,2944.001975985008
2025-10-21,Terrain leveling,Building,m3,123.6819083599805
2025-01-17,Coat preparation,Road,L,2534.62128355523
2025-02-28,Ballast,Railway,m3,3339.752193617305
2025-01-08,Cement making,Building,m3,4632.65069480866
2025-01-26,Ballast,Railway,m3,2377.6411498611255
2025-02-17,Cement making,Building,m3,3975.5409339170715
2025-10-28,Removing trees,Building,m2,2106.127274586334
2025-07-06,Ballast,Railway,m3,1166.102749696904
2025-08-08,Walling,Building,m2,928.8364836611889
2025-02-24,Anchorage,Railway,m2,4092.674139283715
2025-02-14,Iron mining,Railway,m3,312.3234641687833
2025-04-28,Foundation pouring,Building,m3,397.0065554072438
2025-03-04,Pavement,Road,m2,215.1325891496969
2025-03-05,Cement making,Building,m3,2552.6851505699783
2025-08-20,Rolling/Tractor,Road,m2,2883.9052076138682
2025-02-03,Cement making,Building,m3,4451.27942403994
2025-01-31,Cement making,Building,m3,4618.469055820319
2025-08-14,Subbase application,Road,m2,4106.410553933394
2025-04-10,Iron mining,Railway,m3,468.50437524817323
2025-03-21,Anchorage,Railway,m2,2100.356998686678
2025-05-19,Iron mining,Railway,m3,3949.875589032225
2025-09-01,Laying steel rail,Railway,m,4933.440784064686
2025-03-22,Cement making,Building,m3,1220.9533190458626
2025-05-10,Foundation pouring,Building,m3,2259.8320168169766
2025-04-26,Anchorage,Railway,m2,1372.0252993248755
2025-12-07,Removing trees,Building,m2,4668.069033345236
2025-03-01,Ballast,Railway,m3,3609.8644090230932
2025-06-13,Removing trees,Building,m2,4800.852997159474
2025-10-05,Pavement,Road,m2,3892.232063341218
2025-03-24,Pavement,Road,m2,4113.77804104681
2025-08-15,Laying steel rail,Railway,m,3632.9558755447492
2025-08-23,Coat preparation,Road,L,900.6941583414163
2025-04-07,Coat preparation,Road,L,3278.521213015494
2025-05-06,Laying steel rail,Railway,m,4615.3519519493975
2025-05-16,Removing trees,Building,m2,3095.023760045601
2025-04-15,Foundation pouring,Building,m3,2292.6935140195105
2025-09-10,Foundation pouring,Building,m3,314.88137518022097
2025-10-10,Anchorage,Railway,m2,4613.361427617852
2025-02-05,Foundation pouring,Building,m3,3712.8105423778816
2025-06-25,Pavement,Road,m2,2003.299015632599
2025-12-17,Foundation pouring,Building,m3,2719.0306524805637
2025-01-10,Terrain leveling,Building,m3,2055.18665197817
2025-11-24,Iron mining,Railway,m3,4765.125548235279
2025-08-10,Removing trees,Building,m2,3485.2485251165936
2025-11-05,Iron mining,Railway,m3,1797.0083944118614
2025-05-05,Subbase application,Road,m2,3079.9070471656482
2025-01-02,Anchorage,Railway,m2,4804.420859114676
2025-04-02,Anchorage,Railway,m2,470.9508874260454
2025-01-17,Foundation pouring,Building,m3,3.62814691828639
2025-05-23,Ballast,Railway,m3,2731.296915763938
2025-10-01,Walling,Building,m2,587.6291338396906
2025-12-18,Laying steel rail,Railway,m,1378.9221547033083
2025-07-22,Rolling/Tractor,Road,m2,1016.3062604518585
2025-04-08,Walling,Building,m2,2383.8364115726863
2025-05-16,Rolling/Tractor,Road,m2,3869.421736412472
2025-04-30,Foundation pouring,Building,m3,4708.672478157123
2025-12-23,Removing trees,Building,m2,712.0058840527599
2025-01-28,Pavement,Road,m2,1091.0547866844872
2025-12-16,Foundation pouring,Building,m3,4030.1462538360483
2025-06-07,Walling,Building,m2,555.7258679201599
2025-09-09,Coat preparation,Road,L,1563.012445245594
2025-02-09,Ballast,Railway,m3,4183.6929508817175
2025-01-26,Iron mining,Railway,m3,1683.555008802383
2025-03-13,Foundation pouring,Building,m3,3168.496015058041
2025-11-26,Coat preparation,Road,L,4436.9842123519475
2025-04-27,Foundation pouring,Building,m3,2157.0806467818234
2025-09-08,Terrain leveling,Building,m3,426.0363534463213
2025-05-10,Coat preparation,Road,L,352.52944643729853
2025-05-18,Rolling/Tractor,Road,m2,600.197773011556
2025-07-31,Terrain leveling,Building,m3,1192.7930130599768
2025-09-27,Laying steel rail,Railway,m,749.4147047160754
2025-03-03,Terrain leveling,Building,m3,2505.1664656403227
2025-12-02,Iron mining,Railway,m3,2880.1337618231632
2025-11-14,Foundation pouring,Building,m3,3559.0608188116594
2025-02-14,Walling,Building,m2,1843.481900907038
2025-05-06,Removing trees,Building,m2,2134.959354942699
2025-03-25,Ballast,Railway,m3,3444.5265818463117
2025-03-12,Iron mining,Railway,m3,1627.5769056420963
2025-12-16,Rolling/Tractor,Road,m2,3562.2814901034294
2025-10-08,Ballast,Railway,m3,3885.2268450948814
2025-03-17,Foundation pouring,Building,m3,1498.7275268055523
2025-08-11,Removing trees,Building,m2,3331.2507870142676
2025-04-21,Anchorage,Railway,m2,2219.760543453761
2025-01-27,Iron mining,Railway,m3,339.9121876421879
2025-12-03,Cement making,Building,m3,2391.7061564062988
2025-06-30,Rolling/Tractor,Road,m2,4568.131957157529
2025-04-21,Foundation pouring,Building,m3,115.76307840849232
2025-12-11,Pavement,Road,m2,242.45249252445979
2025-05-06,Coat preparation,Road,L,153.24350797968899
2025-06-12,Cement making,Building,m3,331.1335651341524
2025-02-27,Removing trees,Building,m2,4772.434259362136
2025-10-03,Foundation pouring,Building,m3,3204.653361254733
2025-04-12,Iron mining,Railway,m3,3360.8458146823687
2025-01-31,Pavement,Road,m2,1211.353261881281
2025-03-18,Ballast,Railway,m3,4783.961292599487
2025-07-26,Walling,Building,m2,3522.605907415384
2025-09-16,Terrain leveling,Building,m3,4454.634208104119
2025-04-05,Coat preparation,Road,L,384.7015667495812
2025-04-13,Coat preparation,Road,L,4949.173965880317
2025-05-19,Ballast,Railway,m3,350.4685574038774
2025-02-21,Removing trees,Building,m2,181.94292126560873
2025-10-01,Pavement,Road,m2,3247.2135270202352
2025-11-29,Iron mining,Railway,m3,3966.883726860265
2025-12-12,Laying steel rail,Railway,m,2210.4773488827495
2025-10-30,Cement making,Building,m3,760.5839884808912
2025-12-14,Walling,Building,m2,2513.8307241284583
2025-04-26,Subbase application,Road,m2,3427.9376889850078
2025-01-03,Coat preparation,Road,L,638.8369260487315
2025-10-18,Cement making,Building,m3,2600.71505528037
2025-06-21,Foundation pouring,Building,m3,838.6087662080272
2025-10-12,Laying steel rail,Railway,m,2135.8184212118913
2025-05-17,Ballast,Railway,m3,682.1829753605085
2025-01-06,Pavement,Road,m2,4019.9706924186207
2025-10-31,Walling,Building,m2,851.215173418673
2025-12-16,Rolling/Tractor,Road,m2,4929.221313589471
2025-10-12,Laying steel rail,Railway,m,4968.09604879991
2025-09-14,Coat preparation,Road,L,324.99705824625636
2025-01-23,Iron mining,Railway,m3,3935.2498800633684
2025-10-17,Walling,Building,m2,165.39087502916217
2025-10-13,Cement making,Building,m3,3175.6876271686306
2025-09-18,Cement making,Building,m3,3914.7532505002873
2025-11-09,Pavement,Road,m2,4098.332705252632
2025-11-25,Subbase application,Road,m2,4852.101920033786
2025-06-19,Ballast,Railway,m3,4928.564730784502
2025-09-08,Anchorage,Railway,m2,1686.9224508153225
2025-10-03,Terrain leveling,Building,m3,1902.0680970305693
2025-02-11,Terrain leveling,Building,m3,1089.0218499736436
2025-02-25,Subbase application,Road,m2,1422.5217572017295
2025-06-03,Coat preparation,Road,L,998.5005190843066
2025-08-05,Foundation pouring,Building,m3,631.907994722492
2025-04-14,Ballast,Railway,m3,1995.789931517995
2025-07-21,Pavement,Road,m2,4484.095668815099
2025-12-18,Terrain leveling,Building,m3,1745.1061927597862
2025-01-05,Anchorage,Railway,m2,2692.6035329461843
2025-11-09,Cement making,Building,m3,4664.505251055128
2025-03-22,Removing trees,Building,m2,1233.660394482275
2025-12-26,Anchorage,Railway,m2,780.7839236628599
2025-10-26,Cement making,Building,m3,3614.3431020006565
2025-06-15,Subbase application,Road,m2,1878.4114566658257
2025-05-18,Cement making,Building,m3,3098.0241017799
2025-08-30,Ballast,Railway,m3,901.0494299965044
2025-03-29,Terrain leveling,Building,m3,4047.8454013440924
2025-08-15,Walling,Building,m2,3386.4234560089108
2025-08-02,Subbase application,Road,m2,4582.534279122146
2025-10-01,Ballast,Railway,m3,4956.648599712471
2025-02-13,Cement making,Building,m3,1713.5845299891266
2025-02-09,Cement making,Building,m3,1414.7374616615527
2025-09-27,Rolling/Tractor,Road,m2,4971.482293087629
2025-08-13,Iron mining,Railway,m3,1353.9842088518938
2025-05-18,Anchorage,Railway,m2,450.9924251377684
2025-04-17,Removing trees,Building,m2,3832.120983575616
2025-05-05,Ballast,Railway,m3,4978.140047607258
2025-11-05,Cement making,Building,m3,230.3856399137144
2025-12-06,Rolling/Tractor,Road,m2,2287.8946538916402
2025-01-27,Subbase application,Road,m2,1964.580299330932
2025-11-27,Cement making,Building,m3,312.04874505200377
2025-08-27,Pavement,Road,m2,4968.376454420663
2025-05-31,Removing trees,Building,m2,818.6026149914111
2025-03-23,Iron mining,Railway,m3,3477.9526415251694
2025-09-24,Foundation pouring,Building,m3,171.2204637657977
2025-07-14,Removing trees,Building,m2,1432.8210716976225
2025-12-08,Anchorage,Railway,m2,140.9966973334781
2025-05-17,Ballast,Railway,m3,4013.5747138965035
2025-02-14,Anchorage,Railway,m2,800.7007657037035
2025-09-10,Terrain leveling,Building,m3,2378.306273556216
2025-04-21,Ballast,Railway,m3,3158.60077875417
2025-11-12,Walling,Building,m2,4372.527603805195
2025-07-18,Walling,Building,m2,2486.4812390586612
2025-06-16,Subbase application,Road,m2,1881.3426466266553
2025-08-30,Laying steel rail,Railway,m,1203.0621502570616
2025-04-26,Coat preparation,Road,L,2998.063438996257
2025-11-15,Removing trees,Building,m2,2675.038207580382
2025-04-10,Coat preparation,Road,L,4402.945332209315
2025-12-01,Iron mining,Railway,m3,3675.613188039455
2025-04-28,Rolling/Tractor,Road,m2,1303.6662654605907
2025-03-24,Cement making,Building,m3,3323.8146552416615
2025-03-06,Laying steel rail,Railway,m,181.88159293681727
2025-09-18,Ballast,Railway,m3,1743.0093189304753
2025-08-31,Coat preparation,Road,L,2035.80536451274
2025-08-14,Iron mining,Railway,m3,2096.7491969039474
2025-05-24,Removing trees,Building,m2,3097.3481697315906
2025-11-27,Pavement,Road,m2,4054.096760495196
2025-06-29,Laying steel rail,Railway,m,3345.7888287600585
2025-11-09,Ballast,Railway,m3,4621.49850744198
2025-05-15,Pavement,Road,m2,3922.0687363681523
2025-02-06,Anchorage,Railway,m2,4967.581344503496
2025-04-06,Iron mining,Railway,m3,3574.2250114441754
2025-09-15,Walling,Building,m2,3721.2839963150273
2025-10-26,Laying steel rail,Railway,m,1012.7778331598258
2025-08-30,Iron mining,Railway,m3,1899.733040663799
2025-10-14,Removing trees,Building,m2,3924.455933696323
2025-08-04,Subbase application,Road,m2,1324.3380102481074
2025-07-11,Cement making,Building,m3,1954.7841150140632
2025-05-31,Terrain leveling,Building,m3,3112.672864736013
2025-08-02,Cement making,Building,m3,3217.922445204666
2025-08-30,Coat preparation,Road,L,4637.707931332544
2025-02-27,Rolling/Tractor,Road,m2,3490.783625420186
2025-10-05,Ballast,Railway,m3,569.5554183118518
2025-07-06,Anchorage,Railway,m2,784.7774178222838
2025-02-06,Rolling/Tractor,Road,m2,149.72153178862968
2025-02-09,Cement making,Building,m3,3221.3178169360503
2025-12-14,Subbase application,Road,m2,4382.373990609522
2025-02-15,Removing trees,Building,m2,247.16195680313467
2025-02-13,Iron mining,Railway,m3,2096.701274594764
2025-05-13,Coat preparation,Road,L,65.25027013414008
2025-07-20,Foundation pouring,Building,m3,871.2769241489976
2025-06-11,Removing trees,Building,m2,3500.4108969472427
2025-02-19,Terrain leveling,Building,m3,1194.5569415823566
2025-05-17,Subbase application,Road,m2,1313.3616505620516
2025-01-04,Coat preparation,Road,L,341.2008096995045
2025-07-18,Pavement,Road,m2,589.0592010815988
2025-01-09,Terrain leveling,Building,m3,4694.674447599431
2025-07-28,Anchorage,Railway,m2,2296.636994770381
2025-10-07,Ballast,Railway,m3,3362.2893142431076
2025-03-21,Subbase application,Road,m2,2409.8663634141644
2025-05-10,Walling,Building,m2,176.05761174288693
2025-06-18,Terrain leveling,Building,m3,223.0504569491665
2025-11-03,Foundation pouring,Building,m3,614.9794116387392
2025-01-16,Ballast,Railway,m3,4253.18396662245
2025-12-12,Foundation pouring,Building,m3,2931.9679613683834
2025-04-30,Foundation pouring,Building,m3,1612.6247544903276
2025-05-16,Pavement,Road,m2,1228.801267338906
2025-07-04,Coat preparation,Road,L,4116.837338642122
2025-11-18,Removing trees,Building,m2,349.3486198633089
2025-05-16,Subbase application,Road,m2,2980.270997548318
2025-03-16,Pavement,Road,m2,3005.8548454706074
2025-05-17,Pavement,Road,m2,493.29867628726873
2025-08-02,Terrain leveling,Building,m3,1313.1054930071562
2025-08-02,Pavement,Road,m2,1979.392221846974
2025-12-08,Cement making,Building,m3,4975.584059454291
2025-02-17,Laying steel rail,Railway,m,4941.276378529704
2025-04-27,Anchorage,Railway,m2,4394.859101173191
2025-12-01,Rolling/Tractor,Road,m2,1126.4577853451713
2025-04-27,Removing trees,Building,m2,3376.891594440538
2025-06-06,Pavement,Road,m2,206.95064981361145
2025-10-07,Anchorage,Railway,m2,407.06896079142297
2025-03-07,Pavement,Road,m2,3477.736119728553
2025-05-05,Removing trees,Building,m2,1406.7939928247297
2025-07-22,Pavement,Road,m2,4957.933866528714
2025-03-03,Foundation pouring,Building,m3,2818.4720060987165
2025-11-16,Anchorage,Railway,m2,4224.094724337438
2025-09-08,Anchorage,Railway,m2,911.7353016440082
2025-05-02,Removing trees,Building,m2,1334.637519627141
2025-08-11,Iron mining,Railway,m3,3535.564404532729
2025-07-01,Coat preparation,Road,L,4108.258422604848
2025-07-23,Anchorage,Railway,m2,628.3407258809303
2025-06-30,Walling,Building,m2,1509.0792713413498
2025-12-02,Rolling/Tractor,Road,m2,1657.3981421406813
2025-10-18,Cement making,Building,m3,4851.140397853873
2025-03-16,Pavement,Road,m2,604.8040829656742
2025-06-22,Walling,Building,m2,4270.263645031028
2025-08-19,Anchorage,Railway,m2,4007.2472730850222
2025-08-20,Laying steel rail,Railway,m,3399.8357426972757
2025-10-12,Coat preparation,Road,L,1052.2692539611362
2025-06-16,Foundation pouring,Building,m3,2328.1231707508387
2025-03-23,Removing trees,Building,m2,3534.7450483960624
2025-04-04,Walling,Building,m2,779.5978450789393
2025-05-17,Coat preparation,Road,L,1087.4785274287142
2025-12-10,Subbase application,Road,m2,544.6072512061206
2025-11-26,Laying steel rail,Railway,m,65.87559046833003
2025-04-07,Coat preparation,Road,L,2645.5917497499636
2025-04-04,Foundation pouring,Building,m3,3633.624724696157
2025-07-13,Laying steel rail,Railway,m,4660.858436227755
2025-10-31,Terrain leveling,Building,m3,2355.747246361755
2025-07-18,Ballast,Railway,m3,2287.444319355565
2025-08-28,Ballast,Railway,m3,2145.7591311708825
2025-03-28,Cement making,Building,m3,4293.516026425092
2025-08-06,Anchorage,Railway,m2,970.3609808284863
2025-12-05,Ballast,Railway,m3,2840.5910330138763
2025-06-10,Iron mining,Railway,m3,2820.2696631607364
2025-10-12,Pavement,Road,m2,3021.0405562026344
2025-06-02,Foundation pouring,Building,m3,3188.628899633903
2025-01-15,Subbase application,Road,m2,3803.142724446734
2025-03-16,Pavement,Road,m2,2534.8595573612033
2025-03-29,Ballast,Railway,m3,2272.551164684399
2025-07-02,Cement making,Building,m3,3874.6844218344327
2025-08-09,Anchorage,Railway,m2,2645.4725346593
2025-06-16,Walling,Building,m2,2946.120294784855
2025-11-30,Pavement,Road,m2,4467.024337807107
2025-04-10,Removing trees,Building,m2,123.06605944079007
2025-09-16,Iron mining,Railway,m3,331.9525692612274
2025-07-14,Ballast,Railway,m3,4946.204729044117
2025-11-10,Rolling/Tractor,Road,m2,4429.797177375318
2025-05-21,Terrain leveling,Building,m3,2425.6469675023186
2025-08-18,Terrain leveling,Building,m3,4950.241671033903
2025-12-12,Pavement,Road,m2,48.273888051464375
2025-03-30,Ballast,Railway,m3,1536.1774492619195
2025-07-20,Removing trees,Building,m2,1149.217703230467
2025-08-02,Pavement,Road,m2,363.2580021520188
2025-12-03,Pavement,Road,m2,1232.3024079953389
2025-10-25,Rolling/Tractor,Road,m2,3298.5577219682086
2025-04-01,Rolling/Tractor,Road,m2,4246.42391192275
2025-05-30,Cement making,Building,m3,1862.4402023042442
2025-09-26,Laying steel rail,Railway,m,338.4918305703921
2025-12-29,Iron mining,Railway,m3,4223.787483920512
2025-08-23,Pavement,Road,m2,350.29464314913105
2025-02-07,Coat preparation,Road,L,3208.133857283594
2025-07-07,Pavement,Road,m2,2244.957080311721
2025-05-26,Cement making,Building,m3,1721.6545850667753
2025-10-25,Foundation pouring,Building,m3,723.8902879475345
2025-07-03,Iron mining,Railway,m3,4193.911812057967
2025-12-16,Iron mining,Railway,m3,2809.511291877489
2025-07-27,Laying steel rail,Railway,m,3643.1828218820033
2025-09-15,Laying steel rail,Railway,m,3951.634654814662
2025-08-16,Foundation pouring,Building,m3,4966.365895819291
2025-06-08,Ballast,Railway,m3,2892.2949880838914
2025-04-20,Removing trees,Building,m2,4669.050179565163
2025-11-23,Anchorage,Railway,m2,3767.6876996812707
2025-12-09,Pavement,Road,m2,2770.3831652097024
2025-07-28,Cement making,Building,m3,4706.6510433655285
2025-03-31,Pavement,Road,m2,1253.786466126759
2025-07-15,Walling,Building,m2,3019.252716956821
2025-08-14,Pavement,Road,m2,3572.146807724265
2025-06-27,Foundation pouring,Building,m3,4270.069090621069
2025-10-03,Subbase application,Road,m2,2160.5111030466
2025-05-27,Ballast,Railway,m3,459.0003455812569
2025-12-08,Removing trees,Building,m2,138.0783685350051
2025-05-19,Pavement,Road,m2,4845.1819417630295
2025-06-03,Laying steel rail,Railway,m,3793.819292039381
2025-04-01,Ballast,Railway,m3,1850.8347495814214
2025-03-24,Iron mining,Railway,m3,4617.664119682294
2025-02-09,Laying steel rail,Railway,m,972.7119377600435
2025-08-22,Anchorage,Railway,m2,1555.0323348454735
2025-02-15,Coat preparation,Road,L,2757.0091506768613
2025-05-04,Cement making,Building,m3,2491.5857453586013
2025-12-21,Pavement,Road,m2,1003.9304405352561
2025-06-23,Terrain leveling,Building,m3,304.3738616761621
2025-07-09,Anchorage,Railway,m2,2352.1450450815746
2025-03-29,Terrain leveling,Building,m3,903.8006435994372
2025-09-17,Rolling/Tractor,Road,m2,2939.606393567716
2025-03-28,Anchorage,Railway,m2,3718.7395816586245
2025-08-29,Anchorage,Railway,m2,680.9930195518166
2025-06-01,Removing trees,Building,m2,2897.196003561246
2025-04-11,Iron mining,Railway,m3,3875.5835122080834
2025-09-29,Iron mining,Railway,m3,3881.5763964818175
2025-04-26,Iron mining,Railway,m3,941.8135075262408
2025-09-17,Iron mining,Railway,m3,4917.164989550182
2025-08-24,Laying steel rail,Railway,m,2442.042379233724
2025-10-19,Walling,Building,m2,3832.9907274851744
2025-12-29,Subbase application,Road,m2,3636.046091347705
2025-12-05,Terrain leveling,Building,m3,3135.930745684369
2025-07-12,Anchorage,Railway,m2,1304.1637557709107
2025-04-04,Ballast,Railway,m3,2043.5560854086955
2025-04-22,Anchorage,Railway,m2,777.4739003775766
2025-09-19,Removing trees,Building,m2,4682.67192082232
2025-04-08,Foundation pouring,Building,m3,3066.327897081886
2025-03-21,Cement making,Building,m3,3854.392519423257
2025-08-26,Rolling/Tractor,Road,m2,800.3787790862632
2025-07-10,Iron mining,Railway,m3,2740.4782768813548
2025-12-06,Rolling/Tractor,Road,m2,2790.144376010929
2025-02-28,Removing trees,Building,m2,848.9398809368242
2025-06-27,Subbase application,Road,m2,3346.2215648001848
2025-12-25,Foundation pouring,Building,m3,4690.890335686505
2025-12-23,Coat preparation,Road,L,3798.5244789008466
2025-04-11,Subbase application,Road,m2,4888.453109826835
2025-06-10,Iron mining,Railway,m3,2742.1729274320146
2025-11-03,Rolling/Tractor,Road,m2,50.25875148557179
2025-05-01,Removing trees,Building,m2,493.6712070600885
2025-02-03,Walling,Building,m2,4153.59207170669
2025-09-12,Anchorage,Railway,m2,4712.35677967186
2025-06-06,Laying steel rail,Railway,m,4849.378243764808
2025-03-23,Subbase application,Road,m2,2566.2738676594754
2025-06-03,Walling,Building,m2,3988.588709766454
2025-03-15,Cement making,Building,m3,2683.958014376086
2025-01-12,Walling,Building,m2,1358.8343100923878
2025-07-15,Pavement,Road,m2,4216.36232382384
2025-10-18,Coat preparation,Road,L,642.3174175624696
2025-12-16,Subbase application,Road,m2,2965.386733060203
2025-10-14,Ballast,Railway,m3,1657.2231549235732
2025-08-26,Coat preparation,Road,L,4843.1865600951
2025-12-29,Iron mining,Railway,m3,1142.2027018700232
2025-02-09,Ballast,Railway,m3,2082.4786192039924
2025-05-28,Removing trees,Building,m2,477.88382648660144
2025-04-21,Rolling/Tractor,Road,m2,4092.1523763200958
2025-10-31,Subbase application,Road,m2,2522.2460553834226
2025-12-05,Terrain leveling,Building,m3,4661.25067439986
2025-11-25,Ballast,Railway,m3,2052.007136806168
2025-02-19,Cement making,Building,m3,4171.2597270453
2025-04-25,Walling,Building,m2,3455.5562497984415
2025-05-04,Terrain leveling,Building,m3,1442.0212370682596
2025-07-06,Ballast,Railway,m3,2291.9630199602325
2025-12-29,Coat preparation,Road,L,967.6509612516876
2025-02-26,Pavement,Road,m2,1014.6198928237371
2025-11-05,Removing trees,Building,m2,4299.740509329607
2025-05-15,Pavement,Road,m2,1628.4146236548181
2025-03-27,Laying steel rail,Railway,m,2706.7938351597436
2025-02-05,Pavement,Road,m2,4799.149460237319
2025-04-05,Cement making,Building,m3,3529.169656700273
2025-11-10,Coat preparation,Road,L,128.26459771600574
2025-06-04,Rolling/Tractor,Road,m2,702.4847362910668
2025-11-02,Foundation pouring,Building,m3,31.697841521768353
2025-10-12,Iron mining,Railway,m3,2131.082859287253
2025-07-12,Subbase application,Road,m2,177.70219528421228
2025-04-12,Coat preparation,Road,L,1145.2762691737473
2025-02-10,Coat preparation,Road,L,425.33112883122004
2025-06-09,Rolling/Tractor,Road,m2,2406.95672081191
2025-01-07,Ballast,Railway,m3,3015.602274892414
2025-06-15,Laying steel rail,Railway,m,4870.090393479254
2025-05-31,Walling,Building,m2,675.5000911866998
2025-01-17,Coat preparation,Road,L,1834.6526499003023
2025-02-10,Ballast,Railway,m3,3747.2485206147803
2025-04-09,Pavement,Road,m2,3630.7014646445523
2025-01-14,Laying steel rail,Railway,m,2319.8566847352413
2025-01-21,Rolling/Tractor,Road,m2,2956.3818719858564
2025-11-16,Removing trees,Building,m2,156.8324055831216
2025-05-02,Ballast,Railway,m3,1589.4283834822982
2025-05-05,Pavement,Road,m2,445.1089623880877
2025-01-25,Walling,Building,m2,862.7876402845253
2025-12-08,Subbase application,Road,m2,3669.404615950897
2025-02-26,Anchorage,Railway,m2,4504.7957385733
2025-11-21,Removing trees,Building,m2,2299.112476969041
2025-08-01,Removing trees,Building,m2,1803.2638309741772
2025-04-17,Coat preparation,Road,L,1188.9354705117732
2025-11-14,Foundation pouring,Building,m3,1468.0856619472365
2025-10-09,Iron mining,Railway,m3,2289.2463531917983
2025-03-03,Walling,Building,m2,2492.670567274207
2025-07-19,Terrain leveling,Building,m3,4258.860861525476
2025-03-27,Rolling/Tractor,Road,m2,1.6148004446736586
2025-07-30,Subbase application,Road,m2,1114.724936913954
2025-10-28,Laying steel rail,Railway,m,1818.3957612944023
2025-05-12,Removing trees,Building,m2,2054.9752153013847
2025-11-04,Removing trees,Building,m2,4887.236939918897
2025-08-03,Laying steel rail,Railway,m,4890.845056697475
2025-12-03,Laying steel rail,Railway,m,4879.249844065237
2025-07-29,Ballast,Railway,m3,2127.7517833129905
2025-10-07,Walling,Building,m2,4242.984999580713
2025-05-03,Anchorage,Railway,m2,3077.274362013146
2025-08-13,Rolling/Tractor,Road,m2,3608.9726023187977
2025-01-23,Pavement,Road,m2,2562.1531773981255
2025-05-02,Coat preparation,Road,L,3108.9311821905
2025-04-06,Iron mining,Railway,m3,1820.3337783565398
2025-02-12,Foundation pouring,Building,m3,3652.166046088368
2025-05-03,Foundation pouring,Building,m3,1317.716272978151
2025-01-01,Foundation pouring,Building,m3,140.25439144272121
2025-03-02,Removing trees,Building,m2,1960.8310727044613
2025-10-23,Pavement,Road,m2,3669.259750138344
2025-01-22,Anchorage,Railway,m2,2950.1785190041337
2025-11-05,Pavement,Road,m2,1936.1751824822882
2025-03-15,Terrain leveling,Building,m3,3444.3544339774617
2025-06-20,Rolling/Tractor,Road,m2,849.6536707305775
2025-11-27,Ballast,Railway,m3,4698.131533500396
2025-03-09,Foundation pouring,Building,m3,2057.8241199842264
2025-07-26,Foundation pouring,Building,m3,200.03327786399905
2025-05-27,Removing trees,Building,m2,108.46989992355837
2025-11-01,Laying steel rail,Railway,m,3044.171984413371
2025-06-08,Subbase application,Road,m2,2906.2804750334208
2025-07-03,Removing trees,Building,m2,1726.6303279515005
2025-08-26,Cement making,Building,m3,4232.387154608303
2025-08-16,Laying steel rail,Railway,m,3329.7408447800967
2025-05-07,Removing trees,Building,m2,3343.9283966101953
2025-02-08,Iron mining,Railway,m3,4641.424736066193
2025-10-27,Subbase application,Road,m2,3123.8194269849596
2025-06-26,Iron mining,Railway,m3,3816.3214776664518
2025-02-11,Cement making,Building,m3,3247.9427665452245
2025-04-14,Pavement,Road,m2,4307.703159306309
2025-03-31,Pavement,Road,m2,2270.2385861008333
2025-11-08,Removing trees,Building,m2,1742.8926544556712
2025-11-02,Removing trees,Building,m2,3084.1314494299836
2025-08-13,Coat preparation,Road,L,3360.772106731974
2025-10-21,Removing trees,Building,m2,3636.731157508218
2025-10-24,Pavement,Road,m2,2430.5094572758712
2025-05-09,Pavement,Road,m2,2082.523910604249
2025-01-17,Coat preparation,Road,L,500.2601745825208
2025-08-17,Cement making,Building,m3,1344.917698722441
2025-05-20,Walling,Building,m2,3329.6105294439726
2025-12-17,Iron mining,Railway,m3,2683.0108036934175
2025-03-04,Iron mining,Railway,m3,4308.0796686888625
2025-05-24,Terrain leveling,Building,m3,4760.152559233889
2025-08-17,Terrain leveling,Building,m3,3094.1299047078855
2025-06-19,Iron mining,Railway,m3,1600.0034851077628
2025-10-02,Cement making,Building,m3,3086.7661741381435
2025-01-15,Terrain leveling,Building,m3,2961.4611732596004
2025-11-12,Removing trees,Building,m2,1298.7123302499087
2025-02-21,Iron mining,Railway,m3,4129.495155338769
2025-12-28,Removing trees,Building,m2,2792.020294386181
2025-11-17,Terrain leveling,Building,m3,2014.9593695535484
2025-04-16,Subbase application,Road,m2,2291.3145790847357
2025-01-18,Coat preparation,Road,L,3190.0705536136566
2025-08-01,Laying steel rail,Railway,m,1056.1233672565213
2025-03-29,Terrain leveling,Building,m3,11.541573481576584
2025-02-13,Terrain leveling,Building,m3,1893.1968397060555
2025-06-29,Iron mining,Railway,m3,3051.3258632659085
2025-01-14,Rolling/Tractor,Road,m2,1065.5026297163229
2025-11-16,Coat preparation,Road,L,4463.410897324478
2025-12-16,Coat preparation,Road,L,3221.785606988298
2025-11-24,Subbase application,Road,m2,4758.821888826447
2025-06-09,Foundation pouring,Building,m3,4666.07456497365
2025-07-03,Coat preparation,Road,L,2381.563129615232
2025-03-11,Ballast,Railway,m3,2819.118629626916
2025-10-17,Terrain leveling,Building,m3,914.1108065511205
2025-11-12,Terrain leveling,Building,m3,4524.090797234966
2025-09-26,Removing trees,Building,m2,177.6292137960156
2025-02-17,Laying steel rail,Railway,m,519.5554981862749
2025-02-04,Coat preparation,Road,L,1711.5383194755295
2025-10-09,Pavement,Road,m2,468.0705080793301
2025-11-26,Laying steel rail,Railway,m,3448.514433622006
2025-07-19,Rolling/Tractor,Road,m2,1085.1671246115059
2025-02-01,Terrain leveling,Building,m3,1970.4390734233307
2025-01-28,Iron mining,Railway,m3,278.9980255943658
2025-01-01,Subbase application,Road,m2,711.0675376271408
2025-04-08,Foundation pouring,Building,m3,2575.691375391694
2025-01-13,Pavement,Road,m2,332.0053670386519
2025-05-13,Cement making,Building,m3,181.31924064663906
2025-02-14,Foundation pouring,Building,m3,256.5458937672843
2025-10-16,Cement making,Building,m3,702.1706837318148
2025-06-24,Ballast,Railway,m3,1814.5254144827477
2025-05-15,Iron mining,Railway,m3,116.37182683424064
2025-08-27,Ballast,Railway,m3,490.93850201937573
2025-10-21,Ballast,Railway,m3,39.362981507781726
2025-09-13,Ballast,Railway,m3,3538.848827738401
2025-12-06,Removing trees,Building,m2,3552.7354580706688
2025-03-14,Foundation pouring,Building,m3,1417.2410066917234
2025-09-09,Walling,Building,m2,1941.7434102272741
2025-12-18,Rolling/Tractor,Road,m2,647.853783798425
2025-01-14,Laying steel rail,Railway,m,1104.5883618011753
2025-05-10,Foundation pouring,Building,m3,3299.571371487785
2025-09-26,Walling,Building,m2,321.39307786125113
2025-07-02,Iron mining,Railway,m3,249.35269561045249
2025-11-04,Cement making,Building,m3,1589.5111299851976
2025-01-05,Laying steel rail,Railway,m,3026.550821843761
2025-07-01,Laying steel rail,Railway,m,103.29390806794237
2025-03-14,Coat preparation,Road,L,611.2873729967295
2025-07-03,Foundation pouring,Building,m3,3361.277005355218
2025-11-11,Removing trees,Building,m2,4262.664984739338
2025-06-26,Coat preparation,Road,L,4174.529685117353
2025-04-27,Coat preparation,Road,L,831.229374266223
2025-04-24,Coat preparation,Road,L,2801.022682082117
2025-05-19,Rolling/Tractor,Road,m2,4141.358682079033
2025-11-12,Removing trees,Building,m2,2988.615148369766
2025-07-16,Anchorage,Railway,m2,2789.11509527658
2025-01-28,Pavement,Road,m2,741.7917458062357
2025-05-23,Terrain leveling,Building,m3,2012.4074655852796
2025-11-30,Walling,Building,m2,1674.6571039990915
2025-09-20,Coat preparation,Road,L,2372.809163366752
2025-10-03,Pavement,Road,m2,1336.7970430306625
2025-01-18,Subbase application,Road,m2,4608.646440678175
2025-10-02,Subbase application,Road,m2,2533.2721685801125
2025-12-18,Removing trees,Building,m2,740.5029302918148
2025-03-07,Laying steel rail,Railway,m,1460.8497224335242
2025-08-01,Foundation pouring,Building,m3,1943.4298136328875
2025-08-20,Foundation pouring,Building,m3,1177.1668438845868
2025-06-10,Subbase application,Road,m2,3752.120718316877
2025-04-22,Laying steel rail,Railway,m,2157.2520267857954
2025-12-29,Subbase application,Road,m2,4290.227934737107
2025-02-26,Walling,Building,m2,2294.009859407895
2025-06-28,Removing trees,Building,m2,3663.818708479138
2025-08-22,Foundation pouring,Building,m3,1909.054839382861
2025-05-02,Anchorage,Railway,m2,2729.5631873374755
2025-11-19,Cement making,Building,m3,1072.7049121172565
2025-07-21,Laying steel rail,Railway,m,1735.3272712752687
2025-07-27,Pavement,Road,m2,4623.932276148588
2025-10-25,Coat preparation,Road,L,3976.021548480644
2025-08-10,Foundation pouring,Building,m3,3741.3958115300416
2025-04-01,Laying steel rail,Railway,m,3549.299006542335
2025-11-02,Laying steel rail,Railway,m,3176.024934402242
2025-09-13,Foundation pouring,Building,m3,4519.367475447758
2025-09-22,Rolling/Tractor,Road,m2,416.51618232086184
2025-01-03,Pavement,Road,m2,584.9915413351814
2025-03-02,Removing trees,Building,m2,2145.958659306662
2025-01-29,Terrain leveling,Building,m3,4528.827981729668
2025-09-26,Iron mining,Railway,m3,556.9194712202369
2025-06-05,Foundation pouring,Building,m3,1925.52721695894
2025-09-29,Iron mining,Railway,m3,1041.8427131375674
2025-07-19,Pavement,Road,m2,3478.4013792073624
2025-04-25,Removing trees,Building,m2,755.6030768650429
2025-05-15,Walling,Building,m2,3908.6343827418
2025-08-18,Pavement,Road,m2,1769.4090297091498
2025-12-04,Walling,Building,m2,2053.584274761712
2025-05-04,Foundation pouring,Building,m3,1383.7660414516868
2025-08-26,Walling,Building,m2,3055.1916494845577
2025-03-22,Terrain leveling,Building,m3,1448.5469530456746
2025-09-21,Terrain leveling,Building,m3,3596.201415081095
2025-06-15,Pavement,Road,m2,2727.9182759450223
2025-12-29,Cement making,Building,m3,3728.0587206436403
2025-09-16,Subbase application,Road,m2,3846.350513431333
2025-05-27,Laying steel rail,Railway,m,3134.0599440248934
2025-09-16,Anchorage,Railway,m2,2730.4824660650006
2025-07-12,Rolling/Tractor,Road,m2,1685.5917216926457
2025-01-28,Ballast,Railway,m3,4713.384895451127
2025-11-25,Laying steel rail,Railway,m,2925.9392780577778
2025-09-30,Subbase application,Road,m2,2257.809992272699
2025-12-28,Cement making,Building,m3,2999.90594665935
2025-02-28,Cement making,Building,m3,3170.2414206479316
2025-02-12,Iron mining,Railway,m3,429.9679563256803
2025-04-16,Removing trees,Building,m2,4976.756056968426
2025-06-01,Iron mining,Railway,m3,4709.361729824314
2025-09-18,Ballast,Railway,m3,2995.543186620924
2025-05-24,Terrain leveling,Building,m3,2674.7264281614885
2025-01-06,Removing trees,Building,m2,2421.9376984505693
2025-08-16,Cement making,Building,m3,4067.9140513302737
2025-07-06,Subbase application,Road,m2,4214.421045472136
2025-05-08,Coat preparation,Road,L,177.45494308720188
2025-10-13,Terrain leveling,Building,m3,680.5232137202282
2025-09-17,Removing trees,Building,m2,2340.88051775626
2025-06-22,Walling,Building,m2,1778.0769080261493
2025-07-18,Subbase application,Road,m2,3812.5338128539947
2025-10-03,Pavement,Road,m2,3309.8789694411585
2025-01-27,Pavement,Road,m2,1777.3459695917566
2025-07-04,Cement making,Building,m3,4360.407052654208
2025-09-16,Coat preparation,Road,L,4385.942972516663
2025-05-03,Rolling/Tractor,Road,m2,635.6274916088583
2025-02-22,Removing trees,Building,m2,663.8360510736591
2025-11-06,Laying steel rail,Railway,m,2376.7546899640492
2025-07-12,Subbase application,Road,m2,2117.696891811808
2025-12-11,Pavement,Road,m2,3453.6436508227753
2025-09-15,Walling,Building,m2,1232.0573045748224
2025-01-29,Terrain leveling,Building,m3,252.7184546263961
2025-11-04,Subbase application,Road,m2,1774.2894791998415
2025-06-07,Foundation pouring,Building,m3,4379.246441984551
2025-11-04,Removing trees,Building,m2,3655.4132513090417
2025-04-24,Terrain leveling,Building,m3,3737.5391879392473
2025-08-29,Coat preparation,Road,L,3826.9730944497037
2025-05-02,Cement making,Building,m3,2650.317021072652
2025-04-15,Foundation pouring,Building,m3,1424.6721666415185
2025-02-17,Rolling/Tractor,Road,m2,3666.9435421118824
2025-12-03,Coat preparation,Road,L,2739.2348004877076
2025-07-30,Cement making,Building,m3,3098.303836001873
2025-04-25,Subbase application,Road,m2,4042.574805139124
2025-05-20,Cement making,Building,m3,3034.422145323399
2025-07-22,Ballast,Railway,m3,308.12169040960515
2025-01-09,Removing trees,Building,m2,2252.0474507631184
2025-09-01,Terrain leveling,Building,m3,2220.3352126314026
2025-07-03,Cement making,Building,m3,4527.771181566433
2025-11-10,Coat preparation,Road,L,4899.106564149245
2025-12-18,Iron mining,Railway,m3,4134.089191471399
2025-06-03,Laying steel rail,Railway,m,3595.9019252432067
2025-03-01,Terrain leveling,Building,m3,829.3312727823021
2025-09-09,Coat preparation,Road,L,1422.974432732483
2025-02-17,Cement making,Building,m3,247.60056218800452
2025-01-11,Iron mining,Railway,m3,3424.509255521784
2025-10-27,Pavement,Road,m2,4963.703315301448
2025-06-20,Pavement,Road,m2,2005.7484767574779
2025-08-30,Rolling/Tractor,Road,m2,2534.2999101283913
2025-01-31,Removing trees,Building,m2,4716.465857949319
2025-06-30,Subbase application,Road,m2,2805.82917381817
2025-04-14,Pavement,Road,m2,3498.965054034115
2025-08-28,Laying steel rail,Railway,m,4709.695876592662
2025-09-02,Pavement,Road,m2,915.2872372843684
2025-02-26,Ballast,Railway,m3,4535.1699460306045
2025-01-12,Ballast,Railway,m3,267.6433905821113
2025-01-07,Pavement,Road,m2,1351.7279822695816
2025-04-29,Rolling/Tractor,Road,m2,1421.1975986594305
2025-05-31,Foundation pouring,Building,m3,1338.3227017560628
2025-06-27,Subbase application,Road,m2,4077.0880243120146
2025-12-17,Laying steel rail,Railway,m,432.34679768480277
2025-11-20,Coat preparation,Road,L,1070.6869293125392
2025-09-05,Foundation pouring,Building,m3,3022.762392779138
2025-01-03,Coat preparation,Road,L,2377.1989062609637
2025-04-27,Terrain leveling,Building,m3,3638.8073483768994
2025-10-23,Iron mining,Railway,m3,4082.224784787687
2025-08-18,Ballast,Railway,m3,1408.5009286125255
2025-05-03,Coat preparation,Road,L,1854.2533468527768
2025-06-03,Pavement,Road,m2,4832.42114794534
2025-06-08,Terrain leveling,Building,m3,971.397115949007
2025-10-14,Rolling/Tractor,Road,m2,3412.3056156102157
2025-10-23,Foundation pouring,Building,m3,785.1645322068329
2025-12-16,Anchorage,Railway,m2,337.2427198392458
2025-01-23,Pavement,Road,m2,3525.6443820429768
2025-03-04,Iron mining,Railway,m3,1630.7206699689714
2025-12-07,Removing trees,Building,m2,1488.0076891084416
2025-03-02,Terrain leveling,Building,m3,439.6418025648347
2025-08-17,Pavement,Road,m2,3109.444780328071
2025-04-16,Terrain leveling,Building,m3,3963.4874450170933
2025-12-07,Foundation pouring,Building,m3,3015.14817373421
2025-07-18,Laying steel rail,Railway,m,4511.936954219529
2025-11-28,Rolling/Tractor,Road,m2,1345.2009906065393
2025-05-28,Coat preparation,Road,L,2398.059497174296
2025-10-29,Terrain leveling,Building,m3,4181.58940732208
2025-01-21,Ballast,Railway,m3,2549.2466119285796
2025-02-23,Removing trees,Building,m2,4583.250744210608
2025-09-09,Walling,Building,m2,4498.763390020061
2025-10-12,Pavement,Road,m2,3061.202574737338
2025-10-06,Coat preparation,Road,L,3628.436930361306
2025-01-11,Anchorage,Railway,m2,4536.337934172734
2025-01-31,Coat preparation,Road,L,4410.752610548968
2025-07-19,Anchorage,Railway,m2,1217.2871284718528
2025-03-06,Foundation pouring,Building,m3,1861.524512519822
2025-12-17,Subbase application,Road,m2,2009.5436908079666
2025-09-05,Iron mining,Railway,m3,3299.257356761358
2025-01-11,Pavement,Road,m2,4161.448330064035
2025-12-22,Foundation pouring,Building,m3,2823.1164716454678
2025-06-02,Pavement,Road,m2,3806.0908466449446
2025-03-03,Subbase application,Road,m2,2098.735106789884
2025-09-29,Anchorage,Railway,m2,3856.0709756827773
2025-07-26,Walling,Building,m2,3182.4492895912385
2025-01-23,Rolling/Tractor,Road,m2,4632.600506560625
2025-04-23,Pavement,Road,m2,2244.3736361287
2025-06-09,Rolling/Tractor,Road,m2,4490.704128669658
2025-10-04,Subbase application,Road,m2,3365.313841252586
2025-04-25,Laying steel rail,Railway,m,1164.2921488005504
2025-07-02,Rolling/Tractor,Road,m2,2700.0060515011696
2025-06-27,Pavement,Road,m2,4271.46285967288
2025-12-26,Iron mining,Railway,m3,2509.627183668996
2025-10-21,Walling,Building,m2,4361.282684603269
2025-06-29,Walling,Building,m2,4081.842913639289
2025-05-01,Rolling/Tractor,Road,m2,3565.091106465969
2025-12-09,Removing trees,Building,m2,1760.6450026975106
2025-11-12,Iron mining,Railway,m3,3651.5559434524243
2025-08-27,Terrain leveling,Building,m3,3006.5342136695554
2025-07-04,Removing trees,Building,m2,3435.617939868127
2025-11-15,Removing trees,Building,m2,1077.778351376305
2025-03-18,Removing trees,Building,m2,2714.335794559591
2025-11-01,Laying steel rail,Railway,m,1964.9183679201071
2025-03-03,Laying steel rail,Railway,m,3401.5820807079995
2025-10-31,Cement making,Building,m3,1194.7088656402173
2025-07-02,Pavement,Road,m2,1309.5105665808887
2025-06-30,Rolling/Tractor,Road,m2,2039.4246669772342
2025-07-27,Removing trees,Building,m2,3125.583118959254
2025-11-11,Terrain leveling,Building,m3,1187.971762654973
2025-05-11,Rolling/Tractor,Road,m2,904.4229907442314
2025-11-21,Rolling/Tractor,Road,m2,2643.4409974847845
2025-01-01,Rolling/Tractor,Road,m2,4725.4628056039555
2025-09-04,Rolling/Tractor,Road,m2,3266.404406387865
2025-11-27,Anchorage,Railway,m2,3748.7490307687567
2025-04-06,Iron mining,Railway,m3,4165.0633208031295
2025-04-02,Ballast,Railway,m3,467.70344518908826
2025-06-24,Removing trees,Building,m2,4894.829707822851
2025-10-14,Cement making,Building,m3,541.3593771506836
2025-05-03,Iron mining,Railway,m3,945.4943772150581
2025-09-22,Cement making,Building,m3,4768.674642633883
2025-07-21,Subbase application,Road,m2,4210.078826071441
2025-12-25,Foundation pouring,Building,m3,919.9650827011152
2025-04-05,Cement making,Building,m3,3413.960262186081
2025-09-17,Anchorage,Railway,m2,4688.14336647768
2025-11-12,Subbase application,Road,m2,2875.9234709495336
2025-08-15,Cement making,Building,m3,3685.0174189916097
2025-09-24,Pavement,Road,m2,4436.365637314232
2025-05-16,Terrain leveling,Building,m3,4452.00716361955
2025-03-26,Terrain leveling,Building,m3,1055.7251085429064
2025-03-23,Walling,Building,m2,4943.744552268946
2025-06-03,Iron mining,Railway,m3,1014.0090088538045
2025-05-07,Pavement,Road,m2,1987.4930028686745
2025-09-17,Coat preparation,Road,L,2057.5771252991885
2025-08-28,Subbase application,Road,m2,2228.3708524697176
2025-10-22,Laying steel rail,Railway,m,3391.5326053703384
2025-11-05,Terrain leveling,Building,m3,3994.110117284129
2025-09-19,Terrain leveling,Building,m3,4426.446837124605
2025-05-04,Anchorage,Railway,m2,1104.480050314358
2025-05-09,Subbase application,Road,m2,4399.881101727911
2025-05-08,Pavement,Road,m2,707.4276852558487
2025-09-06,Rolling/Tractor,Road,m2,1821.2990329189965
2025-10-20,Anchorage,Railway,m2,2841.1470217753654
2025-06-10,Foundation pouring,Building,m3,2470.395953206065
2025-12-06,Coat preparation,Road,L,2240.2926440448327
2025-07-11,Walling,Building,m2,922.4104576491271
2025-03-08,Walling,Building,m2,2363.8771651875163
2025-08-12,Removing trees,Building,m2,2210.2747388836624
2025-07-29,Walling,Building,m2,207.3888034577648
2025-01-12,Terrain leveling,Building,m3,4865.0593079736855
2025-07-06,Anchorage,Railway,m2,4954.555579276746
2025-10-07,Rolling/Tractor,Road,m2,1727.473793208657
2025-05-30,Subbase application,Road,m2,1254.0784619719013
2025-10-31,Subbase application,Road,m2,4290.503256703295
2025-03-03,Rolling/Tractor,Road,m2,2999.523381649776
2025-05-02,Pavement,Road,m2,1034.7364695928197
2025-04-14,Ballast,Railway,m3,3119.256558532362
2025-04-01,Subbase application,Road,m2,43.63256513433556
2025-02-08,Coat preparation,Road,L,517.5627700936852
2025-02-21,Laying steel rail,Railway,m,847.7795402207161
2025-08-03,Coat preparation,Road,L,3964.4871810841737
2025-02-17,Anchorage,Railway,m2,828.9151936048078
2025-10-17,Rolling/Tractor,Road,m2,3223.9848548079804
2025-06-19,Laying steel rail,Railway,m,921.7734210824718
2025-07-18,Removing trees,Building,m2,1897.9808370071917
2025-11-05,Rolling/Tractor,Road,m2,762.2238028399875
2025-03-05,Anchorage,Railway,m2,505.17994482604524
2025-10-21,Rolling/Tractor,Road,m2,1743.0998503857409
2025-09-08,Rolling/Tractor,Road,m2,3912.0084200050046
2025-01-03,Terrain leveling,Building,m3,725.863935359406
2025-01-02,Rolling/Tractor,Road,m2,2889.903417454428
2025-03-22,Cement making,Building,m3,2909.977498076885
2025-07-09,Subbase application,Road,m2,1836.1411371932406
2025-09-07,Pavement,Road,m2,3747.597227027977
2025-05-29,Ballast,Railway,m3,4409.234664811015
2025-07-16,Foundation pouring,Building,m3,895.8925217067771
2025-10-07,Anchorage,Railway,m2,2386.2389939074365
2025-02-26,Terrain leveling,Building,m3,3281.681791920623
2025-05-30,Ballast,Railway,m3,3636.559586796794
2025-06-28,Coat preparation,Road,L,3093.876382799144
2025-10-19,Pavement,Road,m2,3960.4037396619105
2025-06-06,Walling,Building,m2,4270.926274933459
2025-07-20,Iron mining,Railway,m3,192.09352796800917
2025-08-24,Pavement,Road,m2,4087.5223970578086
2025-03-15,Terrain leveling,Building,m3,4498.151449647234
2025-10-07,Iron mining,Railway,m3,213.48349121806498
2025-09-12,Laying steel rail,Railway,m,83.37234707771479
2025-05-08,Coat preparation,Road,L,3986.234377374469
2025-07-19,Laying steel rail,Railway,m,2477.8435130273056
2025-01-11,Terrain leveling,Building,m3,146.58304267922307
2025-05-11,Foundation pouring,Building,m3,3433.8060854338314
2025-01-08,Ballast,Railway,m3,2397.555117153352
2025-11-13,Foundation pouring,Building,m3,1979.9626896436657
2025-11-16,Ballast,Railway,m3,2491.6321874246764
2025-09-10,Foundation pouring,Building,m3,1925.8034484721516
2025-11-27,Laying steel rail,Railway,m,188.51847510551522
2025-02-23,Terrain leveling,Building,m3,2690.1008940462934
2025-05-02,Rolling/Tractor,Road,m2,3081.0869781310735
2025-09-19,Rolling/Tractor,Road,m2,653.1367791255649
2025-03-05,Coat preparation,Road,L,4610.826428939771
2025-08-12,Rolling/Tractor,Road,m2,1755.5714446943837
2025-05-06,Walling,Building,m2,2407.225510402458
2025-11-14,Terrain leveling,Building,m3,39.13539688742696
2025-01-31,Terrain leveling,Building,m3,1631.2499085938093
2025-07-25,Laying steel rail,Railway,m,1543.3427370300963
2025-03-28,Foundation pouring,Building,m3,2196.430856475387
2025-05-07,Rolling/Tractor,Road,m2,3032.9555742854313
2025-06-25,Laying steel rail,Railway,m,2419.005220533124
2025-07-16,Subbase application,Road,m2,574.5333000313668
2025-07-08,Laying steel rail,Railway,m,3819.8160323119614
2025-05-22,Subbase application,Road,m2,945.5914338476018
2025-02-10,Rolling/Tractor,Road,m2,3895.9598766860076
2025-09-04,Foundation pouring,Building,m3,4231.993511013443
2025-11-27,Iron mining,Railway,m3,802.0025961424986
2025-09-03,Pavement,Road,m2,3030.45514846767
2025-12-18,Removing trees,Building,m2,1053.3716016986589
2025-04-07,Foundation pouring,Building,m3,2252.5416995281626
2025-10-22,Subbase application,Road,m2,4784.5891141650145
2025-10-31,Terrain leveling,Building,m3,250.2669418573872
2025-11-10,Rolling/Tractor,Road,m2,1380.4683198617151
2025-03-10,Subbase application,Road,m2,1524.20855716019
2025-01-24,Foundation pouring,Building,m3,3739.322757924774
2025-11-18,Pavement,Road,m2,2602.663336617815
2025-06-10,Pavement,Road,m2,4235.525928569692
2025-04-04,Subbase application,Road,m2,311.3850107228161
2025-09-02,Foundation pouring,Building,m3,3008.214631721473
2025-04-25,Subbase application,Road,m2,1901.3403881627594
2025-03-23,Terrain leveling,Building,m3,319.2035147189709
2025-01-02,Removing trees,Building,m2,3727.0565181507886
2025-05-01,Ballast,Railway,m3,3873.8149810614254
2025-03-14,Rolling/Tractor,Road,m2,3027.7197740386023
2025-10-23,Terrain leveling,Building,m3,3582.748564231953
2025-09-20,Coat preparation,Road,L,61.34639918605744
2025-09-15,Ballast,Railway,m3,832.5912594256074
2025-07-24,Walling,Building,m2,1380.032534498315
2025-03-02,Rolling/Tractor,Road,m2,4920.282288496718
2025-02-02,Cement making,Building,m3,3459.379560039557
2025-02-22,Subbase application,Road,m2,2557.8291618860194
2025-11-08,Laying steel rail,Railway,m,2552.385474145806
2025-11-02,Terrain leveling,Building,m3,3854.7308559782
2025-10-17,Ballast,Railway,m3,419.0169301752905
2025-12-16,Cement making,Building,m3,2695.702754762257
2025-03-04,Laying steel rail,Railway,m,2175.783925636579
2025-04-11,Anchorage,Railway,m2,1131.069183083906
2025-03-17,Removing trees,Building,m2,650.3011432832507
2025-09-13,Rolling/Tractor,Road,m2,139.13593266034198
2025-05-25,Terrain leveling,Building,m3,4346.25402203789
2025-09-13,Rolling/Tractor,Road,m2,1678.3920172114847
2025-12-18,Pavement,Road,m2,2003.4900989671555
2025-07-27,Foundation pouring,Building,m3,4268.805406016107
2025-03-09,Subbase application,Road,m2,1152.1168883848093
2025-10-15,Subbase application,Road,m2,3793.933736155202
2025-02-08,Anchorage,Railway,m2,4431.349106612118
2025-12-16,Walling,Building,m2,3839.1109423389576
2025-03-12,Coat preparation,Road,L,3493.133530564722
2025-02-09,Pavement,Road,m2,1637.50556129862
2025-12-22,Foundation pouring,Building,m3,4303.905413841484
2025-05-01,Rolling/Tractor,Road,m2,3719.1642604219564
2025-08-02,Anchorage,Railway,m2,4658.654028248365
2025-07-02,Pavement,Road,m2,4203.923575583593
2025-12-21,Laying steel rail,Railway,m,2840.163261651392
2025-09-10,Foundation pouring,Building,m3,1574.8279066700677
2025-05-11,Pavement,Road,m2,3000.0667360676434
2025-11-01,Terrain leveling,Building,m3,4863.850012605137
2025-08-20,Cement making,Building,m3,961.3125486177981
2025-11-15,Pavement,Road,m2,1797.5571839306476
2025-06-25,Walling,Building,m2,3494.7585985894175
2025-01-07,Subbase application,Road,m2,1330.0733515866325
2025-04-25,Foundation pouring,Building,m3,2503.7565658160083
2025-01-23,Coat preparation,Road,L,1549.2791156415187
2025-06-05,Foundation pouring,Building,m3,54.46057839738283
2025-12-16,Walling,Building,m2,1516.6046735397488
2025-04-13,Iron mining,Railway,m3,3457.821341784269
2025-07-08,Pavement,Road,m2,3699.766418488164
2025-12-11,Laying steel rail,Railway,m,1080.2685432355474
2025-03-30,Foundation pouring,Building,m3,1212.0671655037117
2025-06-22,Anchorage,Railway,m2,1719.297767534892
2025-03-31,Ballast,Railway,m3,3683.9418813898274
2025-06-27,Walling,Building,m2,9.790891495699562
2025-02-06,Terrain leveling,Building,m3,4786.709531429262
2025-11-05,Subbase application,Road,m2,4756.0096434080315
2025-12-05,Subbase application,Road,m2,1901.2750861777533
2025-11-28,Foundation pouring,Building,m3,438.7907422070148
2025-02-17,Foundation pouring,Building,m3,293.974482408208
2025-07-18,Subbase application,Road,m2,1600.3852991327676
2025-02-03,Cement making,Building,m3,217.9101733746075
2025-08-20,Coat preparation,Road,L,1830.3536609059456
2025-06-12,Anchorage,Railway,m2,312.9056509564987
2025-10-05,Terrain leveling,Building,m3,681.5549946719296
2025-03-26,Terrain leveling,Building,m3,414.3885668929126
2025-06-28,Removing trees,Building,m2,1849.0252871133744
2025-12-16,Iron mining,Railway,m3,4706.776553152531
2025-05-22,Cement making,Building,m3,1206.7799016439
2025-10-21,Removing trees,Building,m2,4047.8101102007995
2025-12-11,Terrain leveling,Building,m3,4975.5294803268
2025-07-05,Foundation pouring,Building,m3,1146.1783769847216
2025-02-13,Iron mining,Railway,m3,3092.061209904011
2025-03-06,Walling,Building,m2,2166.99838515558
2025-08-25,Subbase application,Road,m2,4269.588364797885
2025-10-21,Pavement,Road,m2,3761.404115360882
2025-11-12,Anchorage,Railway,m2,3825.566464690872
2025-02-20,Removing trees,Building,m2,4632.717325545274
2025-04-18,Removing trees,Building,m2,3954.0321792866407
2025-09-10,Anchorage,Railway,m2,4649.3184641553335
2025-11-03,Walling,Building,m2,125.04677726741743
2025-06-18,Anchorage,Railway,m2,2452.208271977074
2025-03-02,Removing trees,Building,m2,4892.801973905574
2025-11-14,Ballast,Railway,m3,2164.003510726476
2025-09-18,Coat preparation,Road,L,2821.7119324034597
2025-08-20,Coat preparation,Road,L,2538.296330433432
2025-10-08,Rolling/Tractor,Road,m2,3028.6073227302245
2025-03-17,Laying steel rail,Railway,m,3968.3230483004154
2025-11-07,Removing trees,Building,m2,68.06491863120156
2025-05-31,Anchorage,Railway,m2,2648.040745181273
2025-02-27,Foundation pouring,Building,m3,2432.9209528514402
2025-11-14,Pavement,Road,m2,1715.1503117473783
2025-07-07,Pavement,Road,m2,1725.9896467519998
2025-11-09,Subbase application,Road,m2,4944.37888349399
2025-07-03,Walling,Building,m2,4801.653081964167
2025-12-14,Terrain leveling,Building,m3,2962.352283862018
2025-05-19,Cement making,Building,m3,1643.923752158727
2025-07-01,Anchorage,Railway,m2,4656.442942764994
2025-10-10,Terrain leveling,Building,m3,1004.2628244027413
2025-09-10,Subbase application,Road,m2,4504.730314719641
2025-09-22,Coat preparation,Road,L,4478.237240040643
2025-08-28,Rolling/Tractor,Road,m2,690.2018267137039
2025-02-12,Removing trees,Building,m2,2662.2286189593447
2025-05-17,Foundation pouring,Building,m3,4728.963152577848
2025-12-04,Removing trees,Building,m2,4753.975615823223
2025-06-21,Anchorage,Railway,m2,2760.810537002813
2025-10-02,Walling,Building,m2,2694.7129097557236
2025-11-28,Coat preparation,Road,L,864.2049432122262
2025-10-14,Terrain leveling,Building,m3,2993.919006728414
2025-12-01,Subbase application,Road,m2,4681.522031619572
2025-02-21,Removing trees,Building,m2,3324.921552134144
2025-05-06,Foundation pouring,Building,m3,111.33727345364441
2025-08-13,Foundation pouring,Building,m3,1972.4429895587787
2025-02-10,Anchorage,Railway,m2,851.2483521125752
2025-11-19,Iron mining,Railway,m3,3190.0708506200695
2025-12-29,Laying steel rail,Railway,m,1587.981179612718
2025-08-28,Pavement,Road,m2,471.95930752992774
2025-05-09,Anchorage,Railway,m2,2733.827460547039
2025-02-22,Anchorage,Railway,m2,1941.041321997301
2025-09-05,Terrain leveling,Building,m3,3824.221872348992
2025-10-30,Foundation pouring,Building,m3,2334.7521976718017
2025-10-14,Walling,Building,m2,4216.786848464958
2025-09-23,Iron mining,Railway,m3,1054.7085707527292
2025-03-27,Rolling/Tractor,Road,m2,185.6039257850789
2025-05-25,Laying steel rail,Railway,m,111.81663211210835
2025-03-26,Subbase application,Road,m2,4175.863440784985
2025-05-13,Subbase application,Road,m2,3512.6084974052405
2025-10-26,Laying steel rail,Railway,m,2085.303684176207
2025-06-05,Terrain leveling,Building,m3,212.84087635802862
2025-05-29,Removing trees,Building,m2,1353.7727608772154
2025-12-27,Iron mining,Railway,m3,2524.0072683176527
2025-09-06,Iron mining,Railway,m3,2176.489979105878
2025-08-06,Foundation pouring,Building,m3,157.7681143412807
2025-03-14,Subbase application,Road,m2,787.6922249334201
2025-01-29,Terrain leveling,Building,m3,589.6079211468558
2025-09-10,Rolling/Tractor,Road,m2,1888.7327481177697
2025-12-03,Removing trees,Building,m2,3320.4099036623606
2025-05-31,Coat preparation,Road,L,2489.6524206751046
2025-06-17,Pavement,Road,m2,4914.044401835629
2025-09-23,Terrain leveling,Building,m3,4688.922605254435
2025-10-10,Iron mining,Railway,m3,2438.3710344060487
2025-06-27,Iron mining,Railway,m3,1897.505643069835
2025-01-24,Laying steel rail,Railway,m,3480.974506264821
2025-12-02,Terrain leveling,Building,m3,3307.516502161282
2025-06-06,Ballast,Railway,m3,141.08842168272184
2025-11-16,Coat preparation,Road,L,2771.3678744553895
2025-06-13,Subbase application,Road,m2,3003.9962866969126
2025-01-23,Removing trees,Building,m2,875.0242176426798
2025-01-31,Pavement,Road,m2,2819.0722566103414
2025-03-13,Laying steel rail,Railway,m,1711.4079887375688
2025-11-10,Foundation pouring,Building,m3,459.78148172443775
2025-10-19,Anchorage,Railway,m2,2461.502515714836
2025-04-01,Laying steel rail,Railway,m,3322.4789603178324
2025-12-12,Iron mining,Railway,m3,4317.582205817434
2025-01-17,Ballast,Railway,m3,3996.7276747827723
2025-01-25,Iron mining,Railway,m3,4903.428044758201
2025-11-05,Cement making,Building,m3,3235.932770461359
2025-07-03,Pavement,Road,m2,1200.3900991921107
2025-08-27,Ballast,Railway,m3,1693.0986694933147
2025-09-27,Walling,Building,m2,4037.667025599225
2025-05-22,Iron mining,Railway,m3,1829.0537883045772
2025-02-03,Cement making,Building,m3,2583.9556258595003
2025-09-16,Foundation pouring,Building,m3,2913.0362811015248
2025-01-19,Iron mining,Railway,m3,4541.36514046632
2025-11-29,Ballast,Railway,m3,1228.4371290068248
2025-11-24,Iron mining,Railway,m3,3118.7107660903307
2025-01-04,Walling,Building,m2,1876.9893622970735
2025-02-06,Walling,Building,m2,3499.4310041940325
2025-06-07,Iron mining,Railway,m3,896.869612603583
2025-11-30,Anchorage,Railway,m2,3740.688477937949
2025-12-21,Walling,Building,m2,1525.0203144768348
2025-09-30,Coat preparation,Road,L,4587.8875067859335
2025-09-25,Anchorage,Railway,m2,4139.355957874665
2025-11-08,Terrain leveling,Building,m3,4977.906548817267
2025-10-21,Iron mining,Railway,m3,2807.1159545646874
2025-08-10,Coat preparation,Road,L,371.71954667664096
2025-06-28,Coat preparation,Road,L,83.06985198062944
2025-08-03,Anchorage,Railway,m2,1011.5514186333457
2025-04-18,Removing trees,Building,m2,184.03835455123584
2025-12-27,Ballast,Railway,m3,669.9444664959365
2025-08-29,Pavement,Road,m2,1399.629950612093
2025-07-10,Walling,Building,m2,1050.6473559812573
2025-01-24,Walling,Building,m2,3365.4218154944733
2025-10-12,Coat preparation,Road,L,238.48582184344437
2025-03-09,Rolling/Tractor,Road,m2,953.143431234748
2025-01-12,Pavement,Road,m2,4173.621937906825
2025-04-23,Removing trees,Building,m2,3148.7304144536347
2025-07-25,Terrain leveling,Building,m3,4163.03264530503
2025-12-11,Laying steel rail,Railway,m,4566.245870710111
2025-04-30,Cement making,Building,m3,728.6576379262472
2025-07-14,Foundation pouring,Building,m3,653.3585509259415
2025-01-20,Terrain leveling,Building,m3,4339.415857740046
2025-12-01,Ballast,Railway,m3,2198.9086886212895
2025-06-12,Pavement,Road,m2,2666.9437178474946
2025-01-17,Ballast,Railway,m3,4268.569121611811
2025-07-27,Rolling/Tractor,Road,m2,248.1368872062284
2025-05-17,Cement making,Building,m3,1031.0704054601194
2025-08-08,Walling,Building,m2,1808.9197734810957
2025-03-20,Foundation pouring,Building,m3,2252.1278193291714
2025-07-05,Rolling/Tractor,Road,m2,1902.535071313609
2025-11-05,Subbase application,Road,m2,1230.1907841272687
2025-11-30,Removing trees,Building,m2,4013.3300419039083
2025-11-11,Iron mining,Railway,m3,1128.4084777012654
2025-11-10,Removing trees,Building,m2,2366.6810098856927
2025-07-06,Anchorage,Railway,m2,3568.6133978569997
2025-08-19,Coat preparation,Road,L,3532.3815427043787
2025-03-19,Walling,Building,m2,840.4050232046711
2025-06-22,Coat preparation,Road,L,1599.4344896947637
2025-04-17,Terrain leveling,Building,m3,2533.162281481451
2025-01-07,Subbase application,Road,m2,493.5292068636099
2025-02-20,Pavement,Road,m2,2009.5014026385106
2025-05-08,Iron mining,Railway,m3,2585.2090393155186
2025-01-11,Terrain leveling,Building,m3,4140.687754558595
2025-09-09,Coat preparation,Road,L,449.3839335683869
2025-07-24,Terrain leveling,Building,m3,3650.016462644076
2025-04-15,Anchorage,Railway,m2,4759.834629342906
2025-07-24,Rolling/Tractor,Road,m2,4338.31450924553
2025-10-03,Laying steel rail,Railway,m,3281.9697594595987
2025-12-13,Iron mining,Railway,m3,1272.4514747004978
2025-03-22,Foundation pouring,Building,m3,3631.512440385973
2025-07-28,Anchorage,Railway,m2,1625.9349111598476
2025-12-24,Anchorage,Railway,m2,4436.029050925342
2025-12-16,Removing trees,Building,m2,490.03477640015393
2025-01-25,Terrain leveling,Building,m3,4232.207253089378
2025-05-26,Pavement,Road,m2,1391.0294111217552
2025-04-30,Anchorage,Railway,m2,4488.305484271573
2025-05-21,Pavement,Road,m2,17.570853989231637
2025-06-04,Iron mining,Railway,m3,4613.924988535179
2025-02-20,Anchorage,Railway,m2,4392.184754666317
2025-08-10,Foundation pouring,Building,m3,3435.7066481266097
2025-07-09,Foundation pouring,Building,m3,319.76533755064986
2025-04-17,Anchorage,Railway,m2,4027.1726360362354
2025-06-29,Walling,Building,m2,2867.719975111116
2025-05-07,Laying steel rail,Railway,m,3804.9785235943564
2025-02-07,Ballast,Railway,m3,128.11155220970426
2025-12-12,Rolling/Tractor,Road,m2,3685.50269912978
2025-12-03,Laying steel rail,Railway,m,4879.619070689886
2025-11-25,Removing trees,Building,m2,1749.9981928211755
2025-12-11,Removing trees,Building,m2,2601.0893604270145
2025-06-20,Foundation pouring,Building,m3,1130.3915545167058
2025-10-18,Foundation pouring,Building,m3,730.508541875488
2025-09-10,Terrain leveling,Building,m3,2710.0188795607232
2025-04-20,Iron mining,Railway,m3,1051.8381989311997
2025-09-08,Pavement,Road,m2,2164.8073675636533
2025-02-10,Ballast,Railway,m3,4612.706707446212
2025-10-06,Walling,Building,m2,2953.1770990628565
2025-11-10,Rolling/Tractor,Road,m2,910.6343369828934
2025-03-27,Walling,Building,m2,2121.6704113860214
2025-08-20,Rolling/Tractor,Road,m2,63.41126820236909
2025-02-01,Terrain leveling,Building,m3,424.30005754843904
2025-04-29,Cement making,Building,m3,4926.412633796852
2025-12-29,Rolling/Tractor,Road,m2,875.0132602436705
2025-01-17,Coat preparation,Road,L,4308.879635835417
2025-11-22,Foundation pouring,Building,m3,2754.524223517036
2025-01-21,Subbase application,Road,m2,2542.239757194683
2025-09-01,Removing trees,Building,m2,3486.999047124838
2025-09-22,Anchorage,Railway,m2,4182.997561637885
2025-12-18,Subbase application,Road,m2,2072.4686913768055
2025-05-30,Coat preparation,Road,L,1904.0582140811857
2025-03-17,Laying steel rail,Railway,m,713.0553976708576
2025-10-14,Ballast,Railway,m3,1.9180604327051487
2025-01-01,Ballast,Railway,m3,382.67602855060255
2025-12-04,Foundation pouring,Building,m3,4080.186459241959
2025-09-03,Removing trees,Building,m2,760.238644195556
2025-09-22,Cement making,Building,m3,3566.4936935092505
2025-05-24,Removing trees,Building,m2,746.7670525057418
2025-05-23,Foundation pouring,Building,m3,3780.9718946334365
2025-09-05,Ballast,Railway,m3,710.5371443937131
2025-01-10,Anchorage,Railway,m2,2348.014393969737
2025-05-17,Cement making,Building,m3,3316.226558905533
2025-06-22,Walling,Building,m2,4173.659836487166
2025-08-21,Pavement,Road,m2,2881.1802799621305
2025-11-08,Iron mining,Railway,m3,3890.2989966204336
2025-12-21,Ballast,Railway,m3,1422.9681091349594
2025-05-15,Subbase application,Road,m2,286.9548380799175
2025-03-18,Terrain leveling,Building,m3,3098.118490021373
2025-09-14,Subbase application,Road,m2,2532.4837658456954
2025-06-29,Laying steel rail,Railway,m,1434.7997034172326
2025-06-14,Rolling/Tractor,Road,m2,992.9140176565643
2025-10-30,Laying steel rail,Railway,m,4406.690902314338
2025-09-16,Removing trees,Building,m2,4721.882774508036
2025-01-19,Subbase application,Road,m2,927.6401375181908
2025-08-17,Ballast,Railway,m3,3640.7279359425916
2025-10-18,Cement making,Building,m3,1135.1005381521022
2025-01-09,Iron mining,Railway,m3,4445.09039296116
2025-06-01,Coat preparation,Road,L,2914.8116591322732
2025-09-01,Coat preparation,Road,L,3097.6064649308732
2025-03-10,Pavement,Road,m2,4461.666650007735
2025-05-14,Iron mining,Railway,m3,1658.032153933377
2025-08-26,Subbase application,Road,m2,4405.961482712613
2025-04-28,Terrain leveling,Building,m3,3226.4028122825994
2025-03-09,Removing trees,Building,m2,1715.9270286112533
2025-07-17,Coat preparation,Road,L,4041.9584892420917
2025-03-25,Rolling/Tractor,Road,m2,444.14174566727473
2025-07-16,Terrain leveling,Building,m3,3697.772229763069
2025-05-29,Rolling/Tractor,Road,m2,2566.512713298972
2025-04-23,Rolling/Tractor,Road,m2,952.4185232100391
2025-12-20,Ballast,Railway,m3,4989.302806354562
2025-09-22,Ballast,Railway,m3,3496.5759198717033
2025-08-07,Ballast,Railway,m3,1015.3215763509338
2025-08-11,Removing trees,Building,m2,3062.03603631866
2025-10-16,Laying steel rail,Railway,m,2579.931747933893
2025-04-04,Terrain leveling,Building,m3,4537.905411233725
2025-08-08,Subbase application,Road,m2,2727.8667884141573
2025-11-12,Ballast,Railway,m3,1925.4511116622552
2025-04-29,Subbase application,Road,m2,4611.7967108764915
2025-01-17,Subbase application,Road,m2,4457.515220166206
2025-08-13,Anchorage,Railway,m2,2683.778211402964
2025-04-22,Coat preparation,Road,L,516.080874037187
2025-07-01,Pavement,Road,m2,1323.7298861619984
2025-04-26,Pavement,Road,m2,1884.6179880839325
2025-11-09,Walling,Building,m2,3429.287072316394
2025-02-24,Rolling/Tractor,Road,m2,3699.3875507346606
2025-11-19,Subbase application,Road,m2,175.11256204405245
2025-02-04,Laying steel rail,Railway,m,341.9077648914709
2025-02-19,Coat preparation,Road,L,4355.124983571536
2025-08-19,Pavement,Road,m2,1616.1379175576767
2025-11-01,Walling,Building,m2,3238.2008951976054
2025-04-01,Foundation pouring,Building,m3,3348.3435319832797
2025-06-20,Pavement,Road,m2,2408.620994493408
2025-08-21,Rolling/Tractor,Road,m2,4051.669189737814
2025-09-01,Walling,Building,m2,510.6556169172555
2025-05-09,Terrain leveling,Building,m3,3324.6371862238548
2025-10-18,Terrain leveling,Building,m3,4477.879296591365
2025-09-10,Coat preparation,Road,L,63.47453827650229
2025-12-17,Pavement,Road,m2,2679.6194668476364
2025-09-07,Anchorage,Railway,m2,519.5554888851927
2025-09-08,Terrain leveling,Building,m3,1358.7763400365254
2025-12-29,Terrain leveling,Building,m3,4429.450149933259
2025-06-24,Laying steel rail,Railway,m,838.4090614255584
2025-03-12,Terrain leveling,Building,m3,387.0593761252783
2025-06-08,Walling,Building,m2,2732.112835539681
2025-12-26,Cement making,Building,m3,862.9457092944536
2025-07-28,Coat preparation,Road,L,1970.365966797768
2025-03-27,Terrain leveling,Building,m3,3649.967722291627
2025-04-12,Ballast,Railway,m3,1938.6106999616359
2025-09-16,Pavement,Road,m2,1418.2894173115528
2025-11-16,Iron mining,Railway,m3,2671.6386979602044
2025-04-12,Coat preparation,Road,L,2685.2461441282094
2025-04-12,Pavement,Road,m2,3543.5462050910564
2025-03-08,Walling,Building,m2,2081.7551703587505
2025-10-03,Anchorage,Railway,m2,4585.643430761894
2025-09-29,Pavement,Road,m2,859.1877875903847
2025-03-18,Laying steel rail,Railway,m,730.6601952382164
2025-07-28,Pavement,Road,m2,1207.9738774328314
2025-05-27,Cement making,Building,m3,3366.677210793003
2025-06-07,Iron mining,Railway,m3,3027.663979286295
2025-02-02,Iron mining,Railway,m3,3456.5911796563505
2025-11-15,Ballast,Railway,m3,220.58238760697847
2025-09-02,Removing trees,Building,m2,3678.63486314815
2025-11-29,Terrain leveling,Building,m3,597.2894019412372
2025-03-30,Walling,Building,m2,2032.4249378460745
2025-04-09,Walling,Building,m2,4848.441555430452
2025-06-19,Iron mining,Railway,m3,767.0080104952176
2025-07-07,Foundation pouring,Building,m3,3317.7584133935707
2025-06-04,Anchorage,Railway,m2,4378.059006614104
2025-04-24,Iron mining,Railway,m3,115.04420799766046
2025-02-27,Foundation pouring,Building,m3,4518.318390036823
2025-05-10,Anchorage,Railway,m2,2343.7749886560637
2025-04-22,Walling,Building,m2,3617.9301264162355
2025-06-03,Anchorage,Railway,m2,3338.7737468582386
2025-10-12,Foundation pouring,Building,m3,4640.867708581207
2025-01-18,Foundation pouring,Building,m3,66.91144646360337
2025-08-31,Terrain leveling,Building,m3,953.254340056307
2025-01-01,Coat preparation,Road,L,1535.4601269386615
2025-09-11,Cement making,Building,m3,664.1606681125073
2025-07-20,Subbase application,Road,m2,1773.3957663775761
2025-11-09,Iron mining,Railway,m3,1856.282512202707
2025-11-27,Foundation pouring,Building,m3,2842.224892699926
2025-04-04,Terrain leveling,Building,m3,2861.5845040885656
2025-08-22,Rolling/Tractor,Road,m2,2333.241600248937
2025-08-02,Rolling/Tractor,Road,m2,1586.1732835097876
2025-09-10,Subbase application,Road,m2,902.8883926174991
2025-04-17,Coat preparation,Road,L,4951.9062131045175
2025-05-03,Ballast,Railway,m3,2869.2984366095757
2025-09-04,Foundation pouring,Building,m3,3823.9395310667132
2025-05-21,Terrain leveling,Building,m3,1570.258474439421
2025-08-01,Iron mining,Railway,m3,1529.8732097000645
2025-07-08,Cement making,Building,m3,2691.7143960683097
2025-07-03,Foundation pouring,Building,m3,3865.523740697715
2025-03-30,Rolling/Tractor,Road,m2,2789.4039144544154
2025-03-02,Removing trees,Building,m2,2614.6817455263526
2025-10-22,Walling,Building,m2,713.9671692491295
2025-09-20,Anchorage,Railway,m2,297.4108744730403
2025-03-11,Walling,Building,m2,1128.558192292392
2025-01-29,Foundation pouring,Building,m3,4487.303267796542
2025-08-07,Laying steel rail,Railway,m,3091.0335305271774
2025-05-20,Terrain leveling,Building,m3,1408.2877821482814
2025-03-16,Rolling/Tractor,Road,m2,2120.585385446815
2025-05-26,Terrain leveling,Building,m3,113.63370155592246
2025-10-30,Pavement,Road,m2,4938.430721984562
2025-01-26,Coat preparation,Road,L,4763.110950020077
2025-03-03,Removing trees,Building,m2,1367.98296326812
2025-06-15,Removing trees,Building,m2,3920.161042839592
2025-01-04,Ballast,Railway,m3,3702.7797630880423
2025-05-12,Removing trees,Building,m2,382.5439659447255
2025-04-10,Laying steel rail,Railway,m,4248.180164387213
2025-11-15,Walling,Building,m2,4502.318863664119
2025-07-01,Rolling/Tractor,Road,m2,60.20074825354382
2025-01-16,Pavement,Road,m2,4831.080775157394
2025-01-23,Terrain leveling,Building,m3,4033.434741391821
2025-08-04,Terrain leveling,Building,m3,2.923299266765489
2025-12-13,Terrain leveling,Building,m3,4118.267528305809
2025-08-05,Laying steel rail,Railway,m,221.26853811279435
2025-11-21,Subbase application,Road,m2,1310.9166001503897
2025-02-22,Ballast,Railway,m3,4399.065998063125
2025-04-15,Rolling/Tractor,Road,m2,190.4131040290291
2025-12-29,Laying steel rail,Railway,m,3689.298760440825
2025-06-19,Cement making,Building,m3,1753.6070634570067
2025-06-19,Rolling/Tractor,Road,m2,3780.561623929081
2025-04-25,Terrain leveling,Building,m3,2498.587590536264
2025-06-05,Cement making,Building,m3,4288.834978308845
2025-08-15,Foundation pouring,Building,m3,4551.43193424996
2025-01-30,Rolling/Tractor,Road,m2,4891.527298742041
2025-09-10,Subbase application,Road,m2,1840.6396609905378
2025-06-13,Foundation pouring,Building,m3,485.29777113890503
2025-07-30,Foundation pouring,Building,m3,164.58455198390232
2025-10-27,Removing trees,Building,m2,3738.895484564541
2025-06-03,Anchorage,Railway,m2,4533.303779529051
2025-03-10,Laying steel rail,Railway,m,2511.9290654182287
2025-02-10,Coat preparation,Road,L,3507.284830560704
2025-06-24,Cement making,Building,m3,4947.638754507023
2025-08-10,Iron mining,Railway,m3,4809.8380032530895
2025-06-17,Removing trees,Building,m2,4771.808854863189
2025-03-03,Laying steel rail,Railway,m,2210.2603474309026
2025-04-13,Ballast,Railway,m3,2762.2141676251895
2025-11-01,Coat preparation,Road,L,313.274918680948
2025-03-21,Foundation pouring,Building,m3,4236.600381590377
2025-09-25,Coat preparation,Road,L,4244.020929177188
2025-12-03,Removing trees,Building,m2,2157.207083953521
2025-10-05,Laying steel rail,Railway,m,2381.9102777544695
2025-06-28,Iron mining,Railway,m3,1403.149359312451
2025-07-01,Ballast,Railway,m3,4912.542185622828
2025-11-10,Cement making,Building,m3,3427.3849516752653
2025-02-26,Foundation pouring,Building,m3,3473.0668923698804
2025-11-27,Laying steel rail,Railway,m,823.1667215150801
2025-04-29,Anchorage,Railway,m2,48.25991451147815
2025-07-27,Laying steel rail,Railway,m,878.3446272149048
2025-12-04,Rolling/Tractor,Road,m2,3314.3381656912125
2025-02-17,Subbase application,Road,m2,3519.073853399432
2025-03-07,Walling,Building,m2,154.31375716685014
2025-04-04,Walling,Building,m2,833.6673498960762
2025-01-28,Rolling/Tractor,Road,m2,3208.4273425028987
2025-10-19,Laying steel rail,Railway,m,3740.6919901902525
2025-06-09,Removing trees,Building,m2,4248.774692521749
2025-09-16,Coat preparation,Road,L,1112.967268964734
2025-10-12,Removing trees,Building,m2,4348.3634942175495
2025-05-26,Pavement,Road,m2,2502.8085188294413
2025-02-27,Foundation pouring,Building,m3,2268.1216550378886
2025-03-24,Terrain leveling,Building,m3,3417.450964179641
2025-04-27,Removing trees,Building,m2,1024.2896915849642
2025-01-22,Foundation pouring,Building,m3,172.75543434307593
2025-02-27,Ballast,Railway,m3,1083.5284477126722
2025-04-01,Iron mining,Railway,m3,1685.5772658047208
2025-07-19,Laying steel rail,Railway,m,3221.182461626067
2025-07-21,Laying steel rail,Railway,m,49.984929455011425
2025-04-13,Walling,Building,m2,1473.556596014029
2025-12-21,Rolling/Tractor,Road,m2,3451.1372686344753
2025-02-20,Subbase application,Road,m2,318.7752944044059
2025-11-27,Walling,Building,m2,4396.23074184516
2025-05-25,Anchorage,Railway,m2,1780.6411806277772
2025-06-08,Iron mining,Railway,m3,2549.5481014252996
2025-11-10,Cement making,Building,m3,3410.6237775352997
2025-07-30,Removing trees,Building,m2,3735.1942207520315
2025-03-21,Pavement,Road,m2,3456.2962791644327
2025-06-05,Foundation pouring,Building,m3,175.38245520364148
2025-06-04,Foundation pouring,Building,m3,3158.6636566444326
2025-10-21,Walling,Building,m2,4444.794903193275
2025-02-14,Anchorage,Railway,m2,4271.25220427981
2025-07-10,Pavement,Road,m2,2295.1306722205445
2025-07-01,Pavement,Road,m2,3092.7773129455927
2025-10-21,Ballast,Railway,m3,3712.879913674436
2025-08-08,Walling,Building,m2,1631.7806159799359
2025-09-08,Rolling/Tractor,Road,m2,4763.921249436485
2025-10-08,Laying steel rail,Railway,m,4851.797771630134
2025-05-30,Terrain leveling,Building,m3,4818.883842027261
2025-01-11,Foundation pouring,Building,m3,1202.248970893493
2025-02-28,Rolling/Tractor,Road,m2,3183.3990070785367
2025-11-02,Pavement,Road,m2,2043.0440459761905
2025-05-02,Iron mining,Railway,m3,4439.286930712904
2025-09-24,Pavement,Road,m2,4886.486136555282
2025-03-09,Coat preparation,Road,L,2570.1899094483847
2025-11-29,Ballast,Railway,m3,3171.8951468197006
2025-09-05,Rolling/Tractor,Road,m2,2253.8156400792695
2025-07-25,Laying steel rail,Railway,m,2166.830458293152
2025-09-03,Walling,Building,m2,2280.3554573282713
2025-04-10,Cement making,Building,m3,1461.074754961663
2025-03-06,Terrain leveling,Building,m3,1552.1876388649519
2025-03-02,Pavement,Road,m2,4839.770045642852
2025-03-13,Terrain leveling,Building,m3,4354.96760830478
2025-06-01,Walling,Building,m2,341.2316830080048
2025-08-20,Removing trees,Building,m2,2807.7980282497833
2025-05-06,Coat preparation,Road,L,2320.8735129057577
2025-08-26,Walling,Building,m2,3515.4124057242175
2025-11-20,Coat preparation,Road,L,2950.066642845789
2025-05-08,Coat preparation,Road,L,295.10137700768826
2025-01-16,Pavement,Road,m2,2919.2509937571544
2025-10-31,Iron mining,Railway,m3,4444.253854070237
2025-07-24,Removing trees,Building,m2,2126.668195540315
2025-08-15,Laying steel rail,Railway,m,4781.540410411043
2025-04-29,Ballast,Railway,m3,803.0707139879667
2025-05-05,Anchorage,Railway,m2,1738.4709892431615
2025-03-05,Terrain leveling,Building,m3,4130.8866484026175
2025-04-22,Foundation pouring,Building,m3,3122.7283396335147
2025-01-03,Anchorage,Railway,m2,3792.6974469318857
2025-08-24,Rolling/Tractor,Road,m2,16.602451610447932
2025-10-10,Cement making,Building,m3,4654.487671826849
2025-01-31,Cement making,Building,m3,3231.188991531391
2025-04-18,Terrain leveling,Building,m3,3626.810130451567
2025-11-07,Laying steel rail,Railway,m,1099.8142198505766
2025-07-10,Anchorage,Railway,m2,4621.490516464121
2025-05-24,Coat preparation,Road,L,374.3150567510062
2025-01-02,Terrain leveling,Building,m3,2949.389714480442
2025-05-28,Ballast,Railway,m3,1969.1289525827615
2025-02-04,Ballast,Railway,m3,799.5129426972436
2025-03-15,Iron mining,Railway,m3,3086.3021847301784
2025-08-02,Removing trees,Building,m2,1961.7635604920713
2025-03-18,Cement making,Building,m3,1327.0340666885772
2025-10-30,Rolling/Tractor,Road,m2,2362.105227844164
2025-04-30,Laying steel rail,Railway,m,4151.670665530614
2025-05-21,Walling,Building,m2,2473.9267791319926
2025-10-08,Removing trees,Building,m2,4061.4118369327985
2025-05-29,Ballast,Railway,m3,4253.972079574681
2025-12-15,Subbase application,Road,m2,4134.587588318695
2025-01-08,Pavement,Road,m2,2973.1532901187147
2025-08-19,Cement making,Building,m3,1723.2106661536534
2025-06-21,Subbase application,Road,m2,1516.6450904839928
2025-10-04,Laying steel rail,Railway,m,1788.5532624071027
2025-01-20,Pavement,Road,m2,305.44566527464957
2025-11-15,Walling,Building,m2,3286.504856620517
2025-08-10,Anchorage,Railway,m2,631.5814557790522
2025-05-22,Foundation pouring,Building,m3,2385.117521172247
2025-06-17,Anchorage,Railway,m2,1636.6657861828594
2025-09-19,Walling,Building,m2,3960.5634095807695
2025-05-09,Foundation pouring,Building,m3,4430.829427785117
2025-07-02,Removing trees,Building,m2,1548.144301872551
2025-08-01,Iron mining,Railway,m3,4525.22162120432
2025-01-13,Foundation pouring,Building,m3,668.2806731345592
2025-10-25,Walling,Building,m2,1212.3151622963335
2025-02-13,Rolling/Tractor,Road,m2,3571.7418370385117
2025-08-05,Iron mining,Railway,m3,3196.981428680488
2025-05-01,Removing trees,Building,m2,993.7910691736384
2025-12-22,Foundation pouring,Building,m3,1377.4699677334918
2025-12-15,Ballast,Railway,m3,4435.330218913126
2025-08-05,Coat preparation,Road,L,465.6189745262207
2025-02-04,Laying steel rail,Railway,m,2934.3231077595315
2025-04-07,Ballast,Railway,m3,1183.3285929080762
2025-06-30,Walling,Building,m2,808.4177255892544
2025-09-24,Walling,Building,m2,2187.888213638041
2025-05-06,Ballast,Railway,m3,667.3209726680763
2025-08-10,Laying steel rail,Railway,m,3069.398290219572
2025-10-28,Walling,Building,m2,2260.5098001170104
2025-10-06,Coat preparation,Road,L,4683.360452319926
2025-03-15,Foundation pouring,Building,m3,1763.5880243963447
2025-08-12,Iron mining,Railway,m3,481.5059693523599
2025-11-05,Ballast,Railway,m3,4658.1750345559885
2025-09-21,Ballast,Railway,m3,181.94894113922223
2025-08-21,Iron mining,Railway,m3,3840.6864362779093
2025-12-23,Foundation pouring,Building,m3,2170.500877364612
2025-02-19,Pavement,Road,m2,3341.6464431537734
2025-03-31,Walling,Building,m2,1090.0841919155612
2025-11-21,Pavement,Road,m2,3558.0504246705946
2025-09-20,Walling,Building,m2,1593.0999566862592
2025-09-12,Subbase application,Road,m2,127.43462283539341
2025-05-15,Pavement,Road,m2,687.690602112982
2025-11-28,Foundation pouring,Building,m3,3106.2487783729466
2025-03-10,Laying steel rail,Railway,m,1285.3301498539072
2025-02-23,Foundation pouring,Building,m3,3481.2835688822606
2025-06-10,Walling,Building,m2,783.1575377436407
2025-11-14,Ballast,Railway,m3,3937.558035899417
2025-02-21,Laying steel rail,Railway,m,4915.932580727611
2025-01-02,Anchorage,Railway,m2,1347.4005513321686
2025-11-14,Subbase application,Road,m2,862.2838020596785
2025-03-30,Subbase application,Road,m2,4423.485842900413
2025-09-03,Ballast,Railway,m3,1157.762275089927
2025-09-25,Walling,Building,m2,1105.242437545999
2025-05-13,Cement making,Building,m3,3369.7150992196894
2025-11-12,Foundation pouring,Building,m3,2407.108040329232
2025-11-12,Pavement,Road,m2,3539.625634999044
2025-09-03,Coat preparation,Road,L,954.243286148993
2025-03-13,Rolling/Tractor,Road,m2,957.6826117162524
2025-06-19,Subbase application,Road,m2,244.06294521741088
2025-06-19,Rolling/Tractor,Road,m2,4059.167783233136
2025-03-29,Cement making,Building,m3,1699.7202235312498
2025-01-02,Rolling/Tractor,Road,m2,3826.8911709545455
2025-05-21,Rolling/Tractor,Road,m2,3895.768008525773
2025-02-22,Subbase application,Road,m2,549.3296772933464
2025-01-11,Iron mining,Railway,m3,2429.7928209932297
2025-05-23,Removing trees,Building,m2,3668.1916025032256
2025-10-13,Coat preparation,Road,L,3951.907238023236
2025-01-03,Cement making,Building,m3,3596.565814196359
2025-11-26,Pavement,Road,m2,2933.508531469288
2025-06-19,Pavement,Road,m2,191.21484706826897
2025-04-30,Coat preparation,Road,L,116.45749906429637
2025-04-20,Iron mining,Railway,m3,3208.420362076676
2025-11-11,Anchorage,Railway,m2,4914.461538366147
2025-04-15,Walling,Building,m2,1797.4308665363064
2025-03-15,Laying steel rail,Railway,m,1692.5029374281469
2025-05-09,Foundation pouring,Building,m3,3421.230155075959
2025-05-30,Laying steel rail,Railway,m,3102.0500218935276
2025-10-31,Iron mining,Railway,m3,3620.1364035294937
2025-09-10,Iron mining,Railway,m3,4945.811648171694
2025-12-16,Walling,Building,m2,4625.631246101598
2025-05-02,Pavement,Road,m2,1254.1141890352808
2025-01-21,Rolling/Tractor,Road,m2,3912.6658162982985
2025-08-21,Coat preparation,Road,L,3915.625910902902
2025-07-05,Walling,Building,m2,3568.21509711796
2025-02-15,Rolling/Tractor,Road,m2,1780.0514293350184
2025-12-06,Foundation pouring,Building,m3,3618.6534665626914
2025-12-07,Iron mining,Railway,m3,4273.342503663245
2025-02-07,Removing trees,Building,m2,4762.090137065813
2025-10-31,Coat preparation,Road,L,1292.6046230911925
2025-07-28,Subbase application,Road,m2,3904.4723029837874
2025-12-03,Iron mining,Railway,m3,205.73801012499726
2025-02-25,Walling,Building,m2,4407.270799071406
2025-01-17,Ballast,Railway,m3,2819.3736585520664
2025-07-10,Cement making,Building,m3,2474.00609983872
2025-08-18,Ballast,Railway,m3,2019.1196130902372
2025-09-28,Iron mining,Railway,m3,3883.7305441272592
2025-07-12,Walling,Building,m2,3671.698104952458
2025-08-06,Coat preparation,Road,L,1619.7044074058426
2025-12-10,Iron mining,Railway,m3,2224.257974085303
2025-01-31,Coat preparation,Road,L,4435.616744820626
2025-08-01,Anchorage,Railway,m2,1078.9157144084932
2025-07-29,Terrain leveling,Building,m3,4191.410110802089
2025-07-09,Coat preparation,Road,L,269.1869987986184
2025-05-09,Subbase application,Road,m2,2814.544219777264
2025-04-10,Anchorage,Railway,m2,650.0969457220973
2025-02-26,Ballast,Railway,m3,2985.734213131406
2025-08-07,Foundation pouring,Building,m3,837.9291737123012
2025-02-03,Anchorage,Railway,m2,4393.041529285488
2025-09-02,Rolling/Tractor,Road,m2,523.2124432911268
2025-08-22,Subbase application,Road,m2,4473.796032469676
2025-02-20,Removing trees,Building,m2,2727.935533870402
2025-02-26,Iron mining,Railway,m3,596.1455695714624
2025-01-11,Pavement,Road,m2,1703.2893655934677
2025-09-06,Anchorage,Railway,m2,4293.932741126854
2025-06-29,Anchorage,Railway,m2,4757.501433159566
2025-02-19,Cement making,Building,m3,1429.7981192748582
2025-10-21,Terrain leveling,Building,m3,2576.4636983977975
2025-07-04,Pavement,Road,m2,4538.523267318849
2025-07-17,Removing trees,Building,m2,1936.6499750634503
2025-12-08,Iron mining,Railway,m3,1409.1150740601577
2025-01-25,Walling,Building,m2,2915.939729490753
2025-10-22,Cement making,Building,m3,1560.3597537055834
2025-05-23,Laying steel rail,Railway,m,4260.9477578072365
2025-12-19,Cement making,Building,m3,3307.763233064273
2025-01-11,Rolling/Tractor,Road,m2,4868.715465579994
2025-08-06,Removing trees,Building,m2,2814.0385259803584
2025-11-16,Iron mining,Railway,m3,1957.4486608929915
2025-02-19,Coat preparation,Road,L,3861.591642601065
2025-07-06,Subbase application,Road,m2,428.5392118253117
2025-10-29,Terrain leveling,Building,m3,2131.632463875868
2025-11-16,Pavement,Road,m2,4825.432347306346
2025-08-21,Subbase application,Road,m2,3865.3301716475585
2025-12-26,Terrain leveling,Building,m3,1760.909556243061
2025-11-12,Coat preparation,Road,L,4809.445998444285
2025-10-10,Coat preparation,Road,L,4471.83576426983
2025-02-16,Walling,Building,m2,2000.5824962593365
2025-01-12,Removing trees,Building,m2,2450.0350708059214
2025-03-23,Iron mining,Railway,m3,1953.9404480988942
2025-10-24,Foundation pouring,Building,m3,1742.2503139348362
2025-06-26,Walling,Building,m2,2226.502367075997
2025-07-22,Anchorage,Railway,m2,4285.522217723571
2025-02-07,Subbase application,Road,m2,2699.9602158866674
2025-10-26,Iron mining,Railway,m3,2493.0828784928253
2025-03-04,Laying steel rail,Railway,m,3651.458748591363
2025-10-03,Walling,Building,m2,598.1580724719105
2025-10-23,Rolling/Tractor,Road,m2,3173.1769103139595
2025-06-19,Ballast,Railway,m3,3038.9576825153836
2025-07-26,Walling,Building,m2,4484.657986663155
2025-08-07,Coat preparation,Road,L,3389.5103165564374
2025-11-19,Iron mining,Railway,m3,2421.2075879618687
2025-08-17,Anchorage,Railway,m2,2141.6612043680007
2025-05-18,Iron mining,Railway,m3,2941.1056167933802
2025-09-18,Removing trees,Building,m2,2579.1660586227067
2025-05-29,Foundation pouring,Building,m3,2984.15422854007
2025-05-31,Pavement,Road,m2,4282.909372701957
2025-08-30,Removing trees,Building,m2,2841.4538642973494
2025-12-16,Cement making,Building,m3,1616.2821295430235
2025-09-07,Walling,Building,m2,2315.3478344386217
2025-03-17,Cement making,Building,m3,4182.941378022162
2025-07-25,Coat preparation,Road,L,110.19681036878615
2025-05-03,Coat preparation,Road,L,4468.7233850773155
2025-12-28,Removing trees,Building,m2,896.8726280593143
2025-08-26,Foundation pouring,Building,m3,90.42496923103272
2025-03-26,Coat preparation,Road,L,3431.3365271895645
2025-09-17,Cement making,Building,m3,4613.4141174947235
2025-09-29,Laying steel rail,Railway,m,3621.9822273473987
2025-08-29,Walling,Building,m2,3276.37904068667
2025-12-24,Removing trees,Building,m2,2970.060353414558
2025-11-06,Ballast,Railway,m3,2105.633293114669
2025-11-07,Pavement,Road,m2,2837.810620296424
2025-06-18,Coat preparation,Road,L,3415.800837761149
2025-12-24,Terrain leveling,Building,m3,312.13078722007293
2025-03-18,Coat preparation,Road,L,102.8300832639356
2025-10-20,Ballast,Railway,m3,4356.818856688664
2025-06-18,Coat preparation,Road,L,4135.408293666922
2025-04-01,Cement making,Building,m3,609.6062444974542
2025-08-26,Terrain leveling,Building,m3,2360.1444678973844
2025-02-23,Cement making,Building,m3,1754.2070572282692
2025-12-06,Ballast,Railway,m3,4944.387013539319
2025-01-07,Coat preparation,Road,L,4352.173031912212
2025-07-25,Ballast,Railway,m3,3200.1631576143204
2025-10-19,Walling,Building,m2,4371.0626181806065
2025-10-07,Walling,Building,m2,47.25678118355003
2025-12-02,Ballast,Railway,m3,1207.783321979089
2025-11-19,Iron mining,Railway,m3,1288.5476173840855
2025-11-11,Walling,Building,m2,639.3012425164179
2025-04-11,Cement making,Building,m3,1163.947681288308
2025-08-04,Pavement,Road,m2,1994.4591999088502
2025-07-09,Rolling/Tractor,Road,m2,3220.018094876454
2025-01-20,Cement making,Building,m3,634.4992047733427
2025-07-22,Pavement,Road,m2,451.90622068153607
2025-08-10,Foundation pouring,Building,m3,2057.035030955407
2025-11-17,Foundation pouring,Building,m3,2435.7835117973254
2025-03-11,Subbase application,Road,m2,146.50292360037676
2025-04-10,Anchorage,Railway,m2,938.5240833352199
2025-01-03,Rolling/Tractor,Road,m2,128.27550730254933
2025-11-11,Pavement,Road,m2,3353.8537631472223
2025-08-19,Subbase application,Road,m2,3035.2415082133557
2025-07-21,Subbase application,Road,m2,529.4128310983831
2025-07-09,Removing trees,Building,m2,1153.2220184632035
2025-03-04,Rolling/Tractor,Road,m2,4797.779024957434
2025-08-11,Removing trees,Building,m2,4210.457302093029
2025-07-06,Removing trees,Building,m2,1659.0192331689495
2025-03-14,Ballast,Railway,m3,4548.780382325945
2025-11-10,Anchorage,Railway,m2,857.2035717493848
2025-11-28,Subbase application,Road,m2,2239.1072280973976
2025-03-28,Ballast,Railway,m3,1994.8099513185452
2025-10-30,Rolling/Tractor,Road,m2,957.4815883953336
2025-03-27,Removing trees,Building,m2,1205.2322077673844
2025-06-05,Terrain leveling,Building,m3,3342.9780415558853
2025-04-05,Foundation pouring,Building,m3,2294.721595066311
2025-12-27,Subbase application,Road,m2,735.007723663017
2025-05-05,Pavement,Road,m2,1632.9528638928898
2025-06-05,Coat preparation,Road,L,2401.597547562854
2025-05-09,Walling,Building,m2,549.8083796394276
2025-05-09,Anchorage,Railway,m2,1185.4910114546778
2025-03-15,Removing trees,Building,m2,4140.562152848046
2025-05-24,Pavement,Road,m2,1521.8125531788862
2025-01-27,Anchorage,Railway,m2,1919.9877402737425
2025-02-11,Iron mining,Railway,m3,1926.758338012936
2025-06-04,Removing trees,Building,m2,4347.393140669841
2025-08-18,Removing trees,Building,m2,2775.443177109298
2025-09-27,Ballast,Railway,m3,1690.5164657058447
2025-04-04,Pavement,Road,m2,3729.6050568646483
2025-02-11,Foundation pouring,Building,m3,2249.7456864373034
2025-09-16,Anchorage,Railway,m2,3840.212352177873
2025-08-01,Laying steel rail,Railway,m,3540.303636328908
2025-05-29,Anchorage,Railway,m2,730.8502309607101
2025-01-10,Foundation pouring,Building,m3,465.76987189760945
2025-03-02,Laying steel rail,Railway,m,3506.68930207886
2025-06-16,Rolling/Tractor,Road,m2,2820.3955229911453
2025-12-09,Subbase application,Road,m2,4069.3351509482236
2025-07-16,Walling,Building,m2,2060.75727985174
2025-08-04,Rolling/Tractor,Road,m2,3335.273696757025
2025-01-06,Pavement,Road,m2,4291.940146913635
2025-11-27,Removing trees,Building,m2,1737.194420521796
2025-08-04,Laying steel rail,Railway,m,2844.0440207123124
2025-08-24,Iron mining,Railway,m3,2162.285996060466
2025-05-26,Subbase application,Road,m2,867.6716619593244
2025-04-08,Foundation pouring,Building,m3,4775.6403430287855
2025-08-13,Removing trees,Building,m2,670.3316461740854
2025-01-28,Subbase application,Road,m2,1663.0204456326119
2025-04-24,Pavement,Road,m2,4339.424671249587
2025-08-17,Ballast,Railway,m3,3875.1675807142565
2025-10-05,Removing trees,Building,m2,1763.5857883136014
2025-03-12,Subbase application,Road,m2,3782.1541083765446
2025-01-02,Subbase application,Road,m2,856.4217354017961
2025-09-15,Coat preparation,Road,L,2964.4975955234586
2025-10-19,Terrain leveling,Building,m3,1410.7685064560605
2025-11-09,Anchorage,Railway,m2,4538.1955753111715
2025-01-17,Rolling/Tractor,Road,m2,3045.04684736101
2025-04-05,Cement making,Building,m3,2490.747476720471
2025-11-15,Ballast,Railway,m3,3545.5196254287835
2025-02-14,Walling,Building,m2,3498.695311332731
2025-09-04,Anchorage,Railway,m2,2130.552298161872
2025-03-12,Walling,Building,m2,4805.2205728538365
2025-11-28,Terrain leveling,Building,m3,758.496495155308
2025-04-29,Anchorage,Railway,m2,4106.730722668139
2025-06-05,Removing trees,Building,m2,2234.6150700624307
2025-03-04,Subbase application,Road,m2,2374.882163715844
2025-06-27,Subbase application,Road,m2,3131.437936563038
2025-07-31,Cement making,Building,m3,2016.713893950466
2025-01-16,Coat preparation,Road,L,179.89050208642388
2025-09-08,Rolling/Tractor,Road,m2,1438.9957498964063
2025-04-07,Rolling/Tractor,Road,m2,996.1174399825056
2025-12-26,Foundation pouring,Building,m3,1668.863733045835
2025-01-19,Pavement,Road,m2,2633.686255596893
2025-05-16,Foundation pouring,Building,m3,4223.560661812973
2025-05-18,Walling,Building,m2,3267.203827455358
2025-01-13,Iron mining,Railway,m3,496.72066424366335
2025-02-24,Foundation pouring,Building,m3,3267.605344130023
2025-09-24,Iron mining,Railway,m3,1913.1050518504633
2025-12-15,Removing trees,Building,m2,4389.64712906057
2025-01-30,Subbase application,Road,m2,420.87056193168826
2025-03-29,Removing trees,Building,m2,798.4841509194163
2025-04-19,Removing trees,Building,m2,3260.0538067716293
2025-09-13,Rolling/Tractor,Road,m2,4176.56102961213
2025-10-30,Ballast,Railway,m3,2634.586733023852
2025-04-08,Foundation pouring,Building,m3,4308.178449221368
2025-07-17,Walling,Building,m2,4986.302318876793
2025-08-11,Subbase application,Road,m2,892.6735398017177
2025-12-28,Foundation pouring,Building,m3,4133.382963298819
2025-03-03,Laying steel rail,Railway,m,115.72634712417707
2025-08-18,Rolling/Tractor,Road,m2,4999.794441786232
2025-03-16,Removing trees,Building,m2,3861.2693779341307
2025-05-12,Coat preparation,Road,L,2980.516013925941
2025-11-16,Subbase application,Road,m2,4695.142768564394
2025-05-22,Cement making,Building,m3,2910.8141857423266
2025-02-15,Pavement,Road,m2,2639.1496482326916
2025-10-11,Coat preparation,Road,L,3934.258200911151
2025-01-09,Coat preparation,Road,L,695.5796535997266
2025-07-05,Subbase application,Road,m2,4388.365836265683
2025-09-22,Terrain leveling,Building,m3,414.4849066314171
2025-06-02,Anchorage,Railway,m2,1790.305441984817
2025-12-14,Ballast,Railway,m3,3027.808263225139
2025-04-23,Removing trees,Building,m2,1546.4328560885692
2025-04-07,Subbase application,Road,m2,4736.540563828105
2025-12-03,Terrain leveling,Building,m3,1613.9717313874357
2025-12-08,Pavement,Road,m2,4231.960974925623
2025-10-27,Anchorage,Railway,m2,793.0659695482267
2025-05-22,Subbase application,Road,m2,3984.103870764477
2025-11-10,Cement making,Building,m3,2951.861410178796
2025-09-29,Removing trees,Building,m2,2936.1929164238963
2025-06-07,Subbase application,Road,m2,2412.169908695786
2025-02-19,Cement making,Building,m3,3121.0437104570465
2025-02-20,Ballast,Railway,m3,4121.499952143134
2025-07-02,Iron mining,Railway,m3,1154.403086324469
2025-06-08,Coat preparation,Road,L,2578.5177948119886
2025-03-02,Subbase application,Road,m2,2272.787858708058
2025-08-30,Laying steel rail,Railway,m,2779.9416125346547
2025-07-16,Walling,Building,m2,453.3784796598334
2025-06-07,Coat preparation,Road,L,3530.9399192123446
2025-11-02,Terrain leveling,Building,m3,1486.5994515700131
2025-11-02,Ballast,Railway,m3,168.66295717614997
2025-12-22,Terrain leveling,Building,m3,3645.704349580775
2025-07-22,Pavement,Road,m2,1246.7939779406329
2025-10-15,Ballast,Railway,m3,4711.39120277409
2025-11-30,Rolling/Tractor,Road,m2,3722.090159910905
2025-03-11,Ballast,Railway,m3,2634.508290259212
2025-11-19,Coat preparation,Road,L,2172.742773950887
2025-11-24,Ballast,Railway,m3,549.413525187416
2025-07-25,Removing trees,Building,m2,1110.894878103102
2025-08-16,Iron mining,Railway,m3,4349.581057435493
2025-08-10,Ballast,Railway,m3,1372.523581648689
2025-02-16,Iron mining,Railway,m3,1692.506623944328
2025-06-06,Removing trees,Building,m2,3268.736162882424
2025-05-20,Iron mining,Railway,m3,371.6485398782865
2025-07-31,Removing trees,Building,m2,3851.813049438789
2025-03-24,Removing trees,Building,m2,4159.706935930296
2025-07-15,Laying steel rail,Railway,m,4522.411716159225
2025-09-17,Cement making,Building,m3,1842.540219021833
2025-04-13,Cement making,Building,m3,3813.451164029828
2025-07-03,Terrain leveling,Building,m3,1500.8501316846073
2025-12-12,Rolling/Tractor,Road,m2,4610.422716520529
2025-11-15,Cement making,Building,m3,4603.72872967715
2025-01-10,Pavement,Road,m2,3183.2053715774928
2025-09-14,Iron mining,Railway,m3,3022.41485591901
2025-01-16,Rolling/Tractor,Road,m2,133.74472685632577
2025-02-17,Iron mining,Railway,m3,194.19329974346812
2025-08-23,Laying steel rail,Railway,m,926.9163206261977
2025-08-28,Terrain leveling,Building,m3,3827.2027166661787
2025-02-28,Anchorage,Railway,m2,1835.1366677561243
2025-03-28,Pavement,Road,m2,1370.7818348788564
2025-09-15,Walling,Building,m2,3454.285133926537
2025-09-29,Terrain leveling,Building,m3,3038.551113103083
2025-06-14,Iron mining,Railway,m3,4049.6083316893178
2025-09-01,Cement making,Building,m3,1190.22787134395
2025-06-30,Rolling/Tractor,Road,m2,3772.7217922491977
2025-03-23,Rolling/Tractor,Road,m2,2.62803197375705
2025-12-15,Pavement,Road,m2,3708.706733419351
2025-10-16,Foundation pouring,Building,m3,2411.7025593861945
2025-11-19,Coat preparation,Road,L,3016.59181258625
2025-04-04,Iron mining,Railway,m3,1528.9585149964007
2025-12-08,Coat preparation,Road,L,3415.0707303444533
2025-06-03,Foundation pouring,Building,m3,4042.2570522691053
2025-04-28,Walling,Building,m2,2532.8598440304545
2025-12-13,Rolling/Tractor,Road,m2,1339.684606454134
2025-09-27,Pavement,Road,m2,1331.2397908498385
2025-11-01,Removing trees,Building,m2,4254.742601295616
2025-11-22,Iron mining,Railway,m3,2853.545188517499
2025-12-20,Removing trees,Building,m2,852.1627412209332
2025-04-16,Cement making,Building,m3,4947.997715168814
2025-10-23,Cement making,Building,m3,3658.7648489112344
2025-07-24,Rolling/Tractor,Road,m2,2628.5656712327104
2025-02-14,Cement making,Building,m3,3217.351599520481
2025-08-06,Foundation pouring,Building,m3,1212.5630954354942
2025-04-09,Pavement,Road,m2,4999.961570751008
2025-04-26,Rolling/Tractor,Road,m2,929.4630931298659
2025-02-06,Walling,Building,m2,178.04956854539589
2025-04-29,Laying steel rail,Railway,m,2005.735961456116
2025-04-01,Terrain leveling,Building,m3,4801.36694256073
2025-01-13,Walling,Building,m2,265.1655628955346
2025-10-06,Ballast,Railway,m3,3796.386603813283
2025-09-16,Removing trees,Building,m2,1559.6414646629576
2025-03-26,Cement making,Building,m3,4242.851400642635
2025-06-19,Foundation pouring,Building,m3,175.35729993926162
2025-08-17,Iron mining,Railway,m3,2429.0829755575583
2025-11-06,Pavement,Road,m2,1104.0061835496901
2025-06-03,Pavement,Road,m2,700.6047718836455
2025-09-10,Ballast,Railway,m3,2385.189361156544
2025-09-17,Iron mining,Railway,m3,2501.8339462394806
2025-05-12,Walling,Building,m2,818.9386359008938
2025-06-07,Subbase application,Road,m2,2838.3548659977946
2025-01-13,Foundation pouring,Building,m3,3216.9798661637265
2025-11-20,Iron mining,Railway,m3,4650.783778897881
2025-03-08,Rolling/Tractor,Road,m2,55.975000767994885
2025-09-03,Foundation pouring,Building,m3,955.4920459688703
2025-02-26,Foundation pouring,Building,m3,2260.216251174626
2025-08-01,Subbase application,Road,m2,4659.403446653992
2025-04-14,Walling,Building,m2,3766.6915022231083
2025-03-22,Ballast,Railway,m3,454.4951957517335
2025-11-11,Laying steel rail,Railway,m,3200.5854667242565
2025-02-08,Walling,Building,m2,1323.187354021571
2025-07-26,Anchorage,Railway,m2,1149.4729601741842
2025-01-19,Foundation pouring,Building,m3,4791.0326926034595
2025-07-26,Ballast,Railway,m3,3201.9220411384563
2025-03-12,Foundation pouring,Building,m3,4922.436929865189
2025-05-04,Rolling/Tractor,Road,m2,1690.0647571120348
2025-07-26,Anchorage,Railway,m2,114.83683395184573
2025-03-12,Coat preparation,Road,L,1321.880199127154
2025-01-19,Terrain leveling,Building,m3,1374.999235599969
2025-02-21,Pavement,Road,m2,4030.3287150350848
2025-11-10,Anchorage,Railway,m2,1997.928594508805
2025-10-20,Ballast,Railway,m3,4122.7961849758385
2025-01-11,Walling,Building,m2,3376.181965940753
2025-09-15,Removing trees,Building,m2,4452.156477741809
2025-07-13,Subbase application,Road,m2,178.99466935980712
2025-10-22,Coat preparation,Road,L,2913.6251956624587
2025-02-08,Pavement,Road,m2,912.1663682174019
2025-03-28,Walling,Building,m2,4209.788407865934
2025-12-25,Rolling/Tractor,Road,m2,128.69585742585065
2025-02-03,Walling,Building,m2,1926.9989796742327
2025-10-06,Walling,Building,m2,4456.0913638412985
2025-01-23,Coat preparation,Road,L,3483.822289440206
2025-12-01,Ballast,Railway,m3,460.4124983098268
2025-12-29,Coat preparation,Road,L,197.36399402594418
2025-04-04,Anchorage,Railway,m2,4922.584851384077
2025-02-11,Pavement,Road,m2,4363.986196339804
2025-02-18,Laying steel rail,Railway,m,2774.4090431162654
2025-06-24,Walling,Building,m2,1961.826333011238
2025-12-24,Iron mining,Railway,m3,66.86793061109475
2025-06-19,Anchorage,Railway,m2,995.2871136596314
2025-02-16,Cement making,Building,m3,430.627033959301
2025-03-18,Iron mining,Railway,m3,1054.7413694998843
2025-11-15,Anchorage,Railway,m2,2468.6610181985584
2025-06-27,Foundation pouring,Building,m3,1843.4394785593279
2025-10-26,Subbase application,Road,m2,4996.290807316148
2025-10-23,Iron mining,Railway,m3,4010.250708213155
2025-06-29,Ballast,Railway,m3,4538.971717301646
2025-12-01,Coat preparation,Road,L,1950.5131478848004
2025-06-05,Walling,Building,m2,3709.238785583584
2025-10-20,Laying steel rail,Railway,m,4423.884256180698
2025-04-23,Laying steel rail,Railway,m,1129.4450898056045
2025-06-02,Coat preparation,Road,L,2060.5323345309503
2025-11-10,Coat preparation,Road,L,3236.367605054969
2025-02-09,Pavement,Road,m2,2555.007913767462
2025-01-05,Coat preparation,Road,L,309.3101951800592
2025-10-20,Anchorage,Railway,m2,1597.2931170602294
2025-03-17,Coat preparation,Road,L,4288.805934786647
2025-05-10,Iron mining,Railway,m3,4176.31167807773
2025-08-05,Terrain leveling,Building,m3,2704.056740927385
2025-06-03,Rolling/Tractor,Road,m2,3672.960032534176
2025-07-08,Coat preparation,Road,L,3281.407376007327
2025-06-22,Laying steel rail,Railway,m,1294.6982331486295
2025-01-30,Ballast,Railway,m3,4462.828546145044
2025-09-01,Iron mining,Railway,m3,2596.0373332064487
2025-11-10,Coat preparation,Road,L,1193.8823460148328
2025-04-11,Foundation pouring,Building,m3,4579.843684271917
2025-11-15,Terrain leveling,Building,m3,3438.120663773866
2025-11-08,Terrain leveling,Building,m3,2731.1017307576267
2025-08-27,Rolling/Tractor,Road,m2,1104.3618466940625
2025-12-27,Anchorage,Railway,m2,3142.3698863024774
2025-06-04,Rolling/Tractor,Road,m2,2521.720250132161
2025-02-02,Coat preparation,Road,L,2040.2233420377381
2025-05-24,Iron mining,Railway,m3,4523.416695062233
2025-11-15,Rolling/Tractor,Road,m2,1702.9771402811689
2025-04-28,Pavement,Road,m2,3284.931353851685
2025-12-25,Coat preparation,Road,L,4207.288448694396
2025-07-26,Rolling/Tractor,Road,m2,2657.527909337091
2025-03-17,Anchorage,Railway,m2,3187.054845017509
2025-03-09,Coat preparation,Road,L,2118.9759357421162
2025-07-11,Coat preparation,Road,L,4911.476954020624
2025-11-27,Foundation pouring,Building,m3,2075.732921632335
2025-01-07,Subbase application,Road,m2,1366.1981090508996
2025-07-28,Walling,Building,m2,4963.0655402534185
2025-03-28,Removing trees,Building,m2,574.9393618801118
2025-04-24,Ballast,Railway,m3,4941.65045341419
2025-02-16,Walling,Building,m2,3348.724435234895
2025-09-06,Pavement,Road,m2,442.9887024698681
2025-06-27,Coat preparation,Road,L,1762.2531779156152
2025-07-26,Cement making,Building,m3,2005.3086543683319
2025-12-21,Cement making,Building,m3,495.6983384404051
2025-02-06,Ballast,Railway,m3,4822.16092515302
2025-07-17,Walling,Building,m2,3355.530402475244
2025-09-01,Pavement,Road,m2,1925.183307639372
2025-11-16,Removing trees,Building,m2,3707.134413149404
2025-09-17,Rolling/Tractor,Road,m2,589.9363022070386
2025-04-30,Subbase application,Road,m2,4669.086115011727
2025-08-31,Coat preparation,Road,L,3210.5737888205954
2025-04-06,Cement making,Building,m3,4984.9659238996555
2025-12-03,Walling,Building,m2,3778.5805864119134
2025-11-09,Anchorage,Railway,m2,4801.367064435061
2025-02-16,Iron mining,Railway,m3,137.92742741250365
2025-06-10,Walling,Building,m2,1735.027879475534
2025-06-19,Anchorage,Railway,m2,3210.657382567
2025-07-07,Iron mining,Railway,m3,1749.3770399014468
2025-11-28,Pavement,Road,m2,1401.9431473017962
2025-06-02,Iron mining,Railway,m3,3419.717923977516
2025-08-25,Iron mining,Railway,m3,2832.6810002163643
2025-02-23,Iron mining,Railway,m3,3132.12923281779
2025-06-25,Laying steel rail,Railway,m,13.265704925745636
2025-01-31,Iron mining,Railway,m3,1916.1649364201805
2025-08-02,Removing trees,Building,m2,1088.7407268419374
2025-04-13,Anchorage,Railway,m2,1784.6874535785978
2025-01-29,Removing trees,Building,m2,49.30774803105442
2025-01-28,Removing trees,Building,m2,2271.6440660333883
2025-09-09,Ballast,Railway,m3,3929.4028513860835
2025-06-20,Foundation pouring,Building,m3,993.1560989253824
2025-12-14,Iron mining,Railway,m3,303.21260564789065
2025-06-02,Walling,Building,m2,4478.647712506403
2025-01-04,Laying steel rail,Railway,m,536.5480086496044
2025-11-10,Cement making,Building,m3,1743.508532628021
2025-08-05,Walling,Building,m2,1658.197830206648
2025-10-21,Iron mining,Railway,m3,4416.430027598448
2025-03-11,Coat preparation,Road,L,3173.904115643718
2025-01-08,Walling,Building,m2,3053.441476771928
2025-11-30,Subbase application,Road,m2,4140.496853534168
2025-04-04,Anchorage,Railway,m2,3224.0096225367374
2025-07-05,Pavement,Road,m2,4745.885680570711
2025-10-23,Iron mining,Railway,m3,1246.4739465540692
2025-10-09,Rolling/Tractor,Road,m2,1073.8402625105998
2025-07-19,Rolling/Tractor,Road,m2,4081.529766034589
2025-01-14,Iron mining,Railway,m3,4663.951787517472
2025-02-23,Foundation pouring,Building,m3,4911.30627872252
2025-08-08,Coat preparation,Road,L,1571.8979391329085
2025-08-07,Laying steel rail,Railway,m,3682.5370035528804
2025-03-07,Removing trees,Building,m2,480.0476696746553
2025-02-07,Subbase application,Road,m2,4266.985343601341
2025-09-01,Removing trees,Building,m2,3762.3276167569074
2025-08-11,Laying steel rail,Railway,m,2579.154674132105
2025-11-11,Rolling/Tractor,Road,m2,4450.79445762841
2025-10-05,Ballast,Railway,m3,1725.719173602771
2025-06-21,Cement making,Building,m3,4637.052475015373
2025-06-23,Laying steel rail,Railway,m,4075.2932979317725
2025-03-22,Anchorage,Railway,m2,743.9460266035658
2025-12-17,Terrain leveling,Building,m3,4610.2184829430425
2025-11-11,Coat preparation,Road,L,3268.11747362032
2025-07-22,Anchorage,Railway,m2,429.94914605291757
2025-02-05,Pavement,Road,m2,390.23095819469665
2025-09-04,Foundation pouring,Building,m3,1241.2316263282396
2025-01-03,Cement making,Building,m3,2316.950911929799
2025-07-06,Cement making,Building,m3,2813.313142163972
2025-10-13,Pavement,Road,m2,2319.049077696883
2025-09-11,Cement making,Building,m3,2963.4812879942624
2025-08-12,Laying steel rail,Railway,m,3297.0815890902954
2025-06-26,Ballast,Railway,m3,2732.81992147845
2025-04-13,Foundation pouring,Building,m3,4895.597168745629
2025-09-26,Subbase application,Road,m2,2124.4984541126732
2025-02-23,Laying steel rail,Railway,m,3926.3435085794995
2025-05-14,Laying steel rail,Railway,m,2514.435303108537
2025-09-27,Coat preparation,Road,L,3299.8447111142004
2025-11-25,Removing trees,Building,m2,4560.8882596997555
2025-02-22,Walling,Building,m2,1124.3221102296447
2025-06-28,Removing trees,Building,m2,886.3911393018548
2025-05-15,Iron mining,Railway,m3,3854.386536153832
2025-11-06,Removing trees,Building,m2,4780.3512531443175
2025-09-14,Cement making,Building,m3,774.2731254467533
2025-06-19,Cement making,Building,m3,1768.2446142380231
2025-08-15,Coat preparation,Road,L,2018.5488307263176
2025-11-08,Foundation pouring,Building,m3,2755.3247224748047
2025-01-26,Anchorage,Railway,m2,275.97592174571804
2025-05-01,Removing trees,Building,m2,17.549004203699646
2025-08-29,Subbase application,Road,m2,1220.2256186675143
2025-03-10,Ballast,Railway,m3,3065.3937818795407
2025-05-13,Laying steel rail,Railway,m,2166.953772815198
2025-08-30,Coat preparation,Road,L,2129.589059700102
2025-02-06,Removing trees,Building,m2,4994.7774655490075
2025-12-29,Pavement,Road,m2,40.66604945391017
2025-03-16,Cement making,Building,m3,1684.2238276658834
2025-07-20,Coat preparation,Road,L,2722.549152290823
2025-07-05,Cement making,Building,m3,41.92195893758688
2025-04-01,Anchorage,Railway,m2,1567.0878841888175
2025-02-24,Subbase application,Road,m2,3077.215798920848
2025-10-01,Removing trees,Building,m2,4071.1434625610086
2025-10-04,Anchorage,Railway,m2,2796.9003705681666
2025-09-20,Foundation pouring,Building,m3,4317.222620263962
2025-03-26,Subbase application,Road,m2,3764.7238242329186
2025-08-27,Removing trees,Building,m2,976.1540836574434
2025-02-13,Ballast,Railway,m3,1941.3036958235014
2025-07-12,Rolling/Tractor,Road,m2,4366.2992247688335
2025-06-28,Cement making,Building,m3,2054.7327368296287
2025-12-07,Laying steel rail,Railway,m,1875.4870053915117
2025-01-17,Walling,Building,m2,3951.795761570844
2025-12-23,Laying steel rail,Railway,m,4443.3781539211395
2025-01-04,Rolling/Tractor,Road,m2,3115.687962279792
2025-01-10,Cement making,Building,m3,4314.267377801816
2025-12-09,Coat preparation,Road,L,3301.5689277777665
2025-12-15,Foundation pouring,Building,m3,2451.2713082970513
2025-04-06,Walling,Building,m2,4201.251925317345
2025-09-28,Foundation pouring,Building,m3,3697.163245592881
2025-07-26,Subbase application,Road,m2,3289.7245786243684
2025-05-16,Pavement,Road,m2,366.39138775722336
2025-06-18,Anchorage,Railway,m2,3787.8206768420364
2025-09-04,Ballast,Railway,m3,3645.537163405231
2025-07-14,Walling,Building,m2,2677.864945398143
2025-05-23,Walling,Building,m2,3200.9956763850805
2025-05-15,Anchorage,Railway,m2,285.0457477422297
2025-12-05,Coat preparation,Road,L,4275.192647591285
2025-04-05,Removing trees,Building,m2,2361.0435855419278
2025-09-08,Coat preparation,Road,L,4375.3278136520175
2025-05-16,Terrain leveling,Building,m3,4324.338194025903
2025-02-07,Removing trees,Building,m2,1297.3943290608563
2025-11-17,Pavement,Road,m2,191.81411660168902
2025-10-11,Pavement,Road,m2,1605.9491007400945
2025-10-31,Terrain leveling,Building,m3,4318.803331758903
2025-05-20,Pavement,Road,m2,4026.5044689058354
2025-12-21,Cement making,Building,m3,811.4752156890986
2025-03-06,Ballast,Railway,m3,1269.0932678697814
2025-07-05,Cement making,Building,m3,3020.286408602757
2025-09-19,Rolling/Tractor,Road,m2,4151.995823043738
2025-07-20,Laying steel rail,Railway,m,921.7075478380387
2025-11-02,Removing trees,Building,m2,4144.16399020999
2025-06-03,Cement making,Building,m3,3175.180112657432
2025-01-27,Terrain leveling,Building,m3,4500.758655518066
2025-07-22,Rolling/Tractor,Road,m2,3852.652838170325
2025-11-21,Anchorage,Railway,m2,1482.5348564305812
2025-11-10,Foundation pouring,Building,m3,3100.3775501530718
2025-09-19,Foundation pouring,Building,m3,2977.5420677352527
2025-03-10,Cement making,Building,m3,550.0828205083358
2025-05-06,Terrain leveling,Building,m3,2480.6029418802395
2025-03-21,Walling,Building,m2,3064.225587464056
2025-07-23,Laying steel rail,Railway,m,1427.0252913532177
2025-06-24,Subbase application,Road,m2,2214.661850694333
2025-12-22,Subbase application,Road,m2,2463.5803045093176
2025-12-20,Coat preparation,Road,L,764.563441012398
2025-05-08,Pavement,Road,m2,2310.4358938139844
2025-03-09,Laying steel rail,Railway,m,2780.406218202058
2025-04-21,Foundation pouring,Building,m3,407.80480873813974
2025-10-16,Laying steel rail,Railway,m,3946.906923357606
2025-08-11,Laying steel rail,Railway,m,2832.7906554262977
2025-07-22,Subbase application,Road,m2,2217.2931497420195
2025-09-14,Laying steel rail,Railway,m,4844.382962679761
2025-08-19,Walling,Building,m2,300.5641364736539
2025-11-20,Coat preparation,Road,L,1493.7526531256763
2025-08-03,Rolling/Tractor,Road,m2,4284.578314368455
2025-09-23,Foundation pouring,Building,m3,3695.771612197561
2025-10-15,Anchorage,Railway,m2,4208.947592698171
2025-11-24,Ballast,Railway,m3,965.7589588322901
2025-05-16,Anchorage,Railway,m2,4846.728602024845
2025-08-07,Anchorage,Railway,m2,1199.4428506912002
2025-05-24,Walling,Building,m2,1712.5712033613288
2025-10-29,Walling,Building,m2,3727.490666230666
2025-07-15,Walling,Building,m2,4192.979573491636
2025-09-19,Ballast,Railway,m3,3769.064752334099
2025-01-25,Cement making,Building,m3,4169.199778556235
2025-11-26,Terrain leveling,Building,m3,2998.917958316729
2025-05-10,Foundation pouring,Building,m3,3974.3788304004534
2025-01-23,Cement making,Building,m3,1433.6707853305297
2025-09-09,Pavement,Road,m2,2565.343868638393
2025-02-04,Cement making,Building,m3,1236.069465620175
2025-10-12,Iron mining,Railway,m3,1388.778076388596
2025-01-07,Anchorage,Railway,m2,2379.079806870828
2025-10-09,Ballast,Railway,m3,3246.768940727875
2025-06-05,Ballast,Railway,m3,1749.3375558589191
2025-09-23,Removing trees,Building,m2,104.5885051381118
2025-03-10,Subbase application,Road,m2,93.36556327543765
2025-07-17,Removing trees,Building,m2,1992.9168843795858
2025-04-10,Removing trees,Building,m2,908.5459964282544
2025-02-20,Iron mining,Railway,m3,4118.214271812755
2025-05-17,Removing trees,Building,m2,689.4679619826161
2025-12-28,Anchorage,Railway,m2,1861.1099194235858
2025-05-12,Removing trees,Building,m2,3891.1702143033513
2025-09-11,Coat preparation,Road,L,2287.932098656791
2025-10-21,Removing trees,Building,m2,2143.0719532966746
2025-01-29,Subbase application,Road,m2,1071.1393466002473
2025-02-28,Subbase application,Road,m2,1017.0159003546175
2025-11-14,Cement making,Building,m3,2678.585572787485
2025-04-18,Foundation pouring,Building,m3,2442.6735522237295
2025-10-16,Ballast,Railway,m3,389.312556834413
2025-08-22,Coat preparation,Road,L,4393.321590666453
2025-08-16,Rolling/Tractor,Road,m2,2086.8151083639673
2025-11-19,Subbase application,Road,m2,1.289431462176971
2025-05-22,Laying steel rail,Railway,m,3.262308445981521
2025-02-21,Ballast,Railway,m3,868.671199465157
2025-05-22,Coat preparation,Road,L,2195.645215564442
2025-12-24,Pavement,Road,m2,2125.555342864748
2025-10-23,Laying steel rail,Railway,m,3754.7964745332497
2025-07-03,Coat preparation,Road,L,2162.2604779245326
2025-02-08,Coat preparation,Road,L,4730.1022528547655
2025-10-31,Subbase application,Road,m2,877.9992274364968
2025-06-23,Subbase application,Road,m2,3817.7949095200674
2025-03-08,Subbase application,Road,m2,1496.979605687332
2025-09-15,Subbase application,Road,m2,3752.1386094131067
2025-08-23,Ballast,Railway,m3,302.0618887602816
2025-10-14,Coat preparation,Road,L,1471.6333221911232
2025-06-20,Coat preparation,Road,L,3120.4363451513595
2025-02-01,Iron mining,Railway,m3,3843.489695009162
2025-05-08,Rolling/Tractor,Road,m2,4706.979429263803
2025-03-25,Coat preparation,Road,L,4527.84704811841
2025-06-17,Laying steel rail,Railway,m,1747.4575549781762
2025-08-16,Anchorage,Railway,m2,3379.191855906695
2025-06-02,Terrain leveling,Building,m3,4530.928491274806
2025-08-04,Subbase application,Road,m2,4218.714533691501
2025-09-12,Terrain leveling,Building,m3,3200.77405109897
2025-07-13,Iron mining,Railway,m3,2392.3411208662496
2025-10-31,Ballast,Railway,m3,4215.8761245098285
2025-10-02,Rolling/Tractor,Road,m2,3951.177833861211
2025-12-05,Laying steel rail,Railway,m,363.5034958337246
2025-07-16,Cement making,Building,m3,4672.274213047598
2025-07-23,Rolling/Tractor,Road,m2,536.3645600190947
2025-09-09,Iron mining,Railway,m3,4267.984507997255
2025-08-17,Ballast,Railway,m3,4987.7138348256285
2025-04-10,Anchorage,Railway,m2,3723.7051375952205
2025-07-28,Coat preparation,Road,L,4926.999468334282
2025-07-02,Cement making,Building,m3,2640.168108261481
2025-04-26,Removing trees,Building,m2,927.7614822079394
2025-04-17,Removing trees,Building,m2,2043.4512318071922
2025-09-14,Subbase application,Road,m2,4549.7010988458205
2025-02-18,Anchorage,Railway,m2,3340.95788415269
2025-01-09,Pavement,Road,m2,2985.264556589702
2025-12-20,Cement making,Building,m3,2844.234899776241
2025-02-08,Subbase application,Road,m2,4131.814258243903
2025-12-04,Walling,Building,m2,1620.9362334666494
2025-05-01,Coat preparation,Road,L,2764.4826808441208
2025-07-30,Foundation pouring,Building,m3,2871.6491855831887
2025-04-29,Anchorage,Railway,m2,3989.9658935110238
2025-06-03,Coat preparation,Road,L,2717.7383318307443
2025-11-15,Removing trees,Building,m2,3742.5416826275537
2025-06-05,Terrain leveling,Building,m3,4320.725676424439
2025-07-27,Anchorage,Railway,m2,4132.0924532344725
2025-10-07,Walling,Building,m2,4890.815399460517
2025-02-24,Laying steel rail,Railway,m,2158.354880339794
2025-09-21,Removing trees,Building,m2,3062.646812344196
2025-09-05,Rolling/Tractor,Road,m2,4901.355859679689
2025-12-04,Coat preparation,Road,L,1672.7593522000338
2025-10-08,Laying steel rail,Railway,m,3317.2550440548807
2025-08-02,Pavement,Road,m2,4439.992422810183
2025-12-10,Foundation pouring,Building,m3,1290.6973288306729
2025-01-16,Subbase application,Road,m2,1873.4122832611426
2025-05-29,Walling,Building,m2,4495.267500189336
2025-11-23,Terrain leveling,Building,m3,1780.5171133801418
2025-11-15,Coat preparation,Road,L,815.5752835221242
2025-09-04,Cement making,Building,m3,1561.4643987631455
2025-08-27,Ballast,Railway,m3,807.6181242799152
2025-01-13,Rolling/Tractor,Road,m2,1514.8030322559457
2025-05-20,Laying steel rail,Railway,m,3684.9675625488667
2025-05-25,Removing trees,Building,m2,280.4638575386864
2025-04-07,Ballast,Railway,m3,4180.481702837601
2025-01-22,Terrain leveling,Building,m3,2362.2334775417885
2025-11-19,Ballast,Railway,m3,3957.00818423359
2025-08-30,Subbase application,Road,m2,4132.146403158893
2025-02-12,Ballast,Railway,m3,2933.1461775949942
2025-10-16,Ballast,Railway,m3,4472.5889221810285
2025-02-27,Foundation pouring,Building,m3,1405.670531509763
2025-06-26,Anchorage,Railway,m2,1079.7130390055859
2025-04-14,Rolling/Tractor,Road,m2,439.6735912765548
2025-03-15,Foundation pouring,Building,m3,2677.1623906002446
2025-08-01,Anchorage,Railway,m2,958.6940150115975
2025-01-13,Terrain leveling,Building,m3,3887.1639038212543
2025-08-19,Rolling/Tractor,Road,m2,894.812362884621
2025-09-21,Terrain leveling,Building,m3,1113.6488158389318
2025-11-23,Foundation pouring,Building,m3,4794.493004967328
2025-05-17,Anchorage,Railway,m2,3518.021277854686
2025-03-05,Foundation pouring,Building,m3,3358.3205050000947
2025-09-24,Pavement,Road,m2,4443.159494554208
2025-02-28,Subbase application,Road,m2,1507.0756396284967
2025-10-11,Cement making,Building,m3,567.7538997406007
2025-05-26,Foundation pouring,Building,m3,1995.0304989681283
2025-11-10,Iron mining,Railway,m3,3675.567187754127
2025-02-01,Ballast,Railway,m3,2163.0376566641457
2025-03-30,Foundation pouring,Building,m3,4398.936133641582
2025-09-06,Coat preparation,Road,L,764.8972420090805
2025-12-16,Pavement,Road,m2,2260.9889095829626
2025-07-07,Laying steel rail,Railway,m,4583.4874227763485
2025-10-25,Terrain leveling,Building,m3,4086.6595585425057
2025-08-21,Walling,Building,m2,4747.933066721507
2025-06-07,Laying steel rail,Railway,m,590.5634205675681
2025-01-13,Anchorage,Railway,m2,4786.295703195044
2025-11-05,Rolling/Tractor,Road,m2,2063.933317244209
2025-02-23,Removing trees,Building,m2,2813.3532255101395
2025-02-16,Walling,Building,m2,4378.78358930123
2025-06-05,Laying steel rail,Railway,m,3220.3537496791255
2025-07-23,Anchorage,Railway,m2,482.79189530137046
2025-08-01,Iron mining,Railway,m3,2460.4131762552333
2025-06-26,Ballast,Railway,m3,4572.4937745970055
2025-10-14,Subbase application,Road,m2,3213.562640425986
2025-07-18,Cement making,Building,m3,1776.5525481475436
2025-06-19,Walling,Building,m2,2370.3372567357433
2025-05-29,Cement making,Building,m3,3448.266435749396
2025-08-25,Laying steel rail,Railway,m,4940.064509297619
2025-05-01,Removing trees,Building,m2,3722.1429180047976
2025-06-27,Foundation pouring,Building,m3,1514.4005771558673
2025-04-09,Iron mining,Railway,m3,3420.220690452442
2025-09-21,Walling,Building,m2,189.76675085069118
2025-10-17,Foundation pouring,Building,m3,458.64376370712336
2025-07-31,Subbase application,Road,m2,562.6403137355878
2025-10-18,Foundation pouring,Building,m3,1784.4496094990864
2025-03-17,Ballast,Railway,m3,1294.4987134388725
2025-04-24,Coat preparation,Road,L,4419.171106972395
2025-05-05,Coat preparation,Road,L,1830.8378596179552
2025-11-08,Rolling/Tractor,Road,m2,1174.0726063469726
2025-09-25,Subbase application,Road,m2,1730.1791048184218
2025-06-21,Iron mining,Railway,m3,4977.945600089535
2025-09-01,Pavement,Road,m2,3090.3238198777217
2025-11-20,Terrain leveling,Building,m3,1890.5326926301775
2025-07-18,Terrain leveling,Building,m3,1173.1629723600352
2025-10-24,Laying steel rail,Railway,m,2802.8763888688113
2025-03-17,Terrain leveling,Building,m3,3245.827855796586
2025-08-24,Subbase application,Road,m2,3512.1091457194816
2025-04-08,Rolling/Tractor,Road,m2,4141.473350157983
2025-05-28,Pavement,Road,m2,4436.211526703601
2025-08-13,Pavement,Road,m2,4161.002687069479
2025-10-31,Cement making,Building,m3,4259.7163576482535
2025-04-28,Terrain leveling,Building,m3,3797.915216867487
2025-01-22,Subbase application,Road,m2,4501.783498210827
2025-04-14,Rolling/Tractor,Road,m2,2779.420438116777
2025-09-16,Iron mining,Railway,m3,2522.9137764752422
2025-08-26,Foundation pouring,Building,m3,1032.1048699481594
2025-12-16,Coat preparation,Road,L,3157.105740084932
2025-07-27,Foundation pouring,Building,m3,1150.7524573347055
2025-02-08,Coat preparation,Road,L,715.6517158108688
2025-12-19,Subbase application,Road,m2,3572.240871788871
2025-10-08,Anchorage,Railway,m2,3972.0531594353915
2025-02-28,Anchorage,Railway,m2,4027.5062593500925
2025-02-22,Subbase application,Road,m2,2241.629505266053
2025-06-22,Ballast,Railway,m3,604.976895154461
2025-08-11,Anchorage,Railway,m2,2323.084087288853
2025-07-08,Subbase application,Road,m2,4347.1083948941105
2025-10-25,Terrain leveling,Building,m3,2803.2439723354823
2025-04-29,Walling,Building,m2,203.051535542762
2025-04-20,Pavement,Road,m2,1642.9395726464775
2025-11-03,Pavement,Road,m2,1157.2879781275403
2025-11-13,Removing trees,Building,m2,2585.959223828225
2025-11-19,Ballast,Railway,m3,4775.363487158533
2025-10-04,Cement making,Building,m3,4460.482087501476
2025-04-13,Foundation pouring,Building,m3,2379.625144580088
2025-09-05,Terrain leveling,Building,m3,991.528140518711
2025-12-23,Coat preparation,Road,L,3762.974227500367
2025-01-14,Rolling/Tractor,Road,m2,2103.81210873865
2025-07-18,Anchorage,Railway,m2,1236.7972225042988
2025-08-04,Iron mining,Railway,m3,578.8479471806729
2025-03-02,Pavement,Road,m2,2907.0572376704363
2025-04-28,Coat preparation,Road,L,1222.0265512697226
2025-05-04,Removing trees,Building,m2,193.46730467734108
2025-11-27,Cement making,Building,m3,1700.3368951030102
2025-02-12,Removing trees,Building,m2,611.1002520356096
2025-04-29,Pavement,Road,m2,1906.9618949364774
2025-04-16,Pavement,Road,m2,4878.924296219567
2025-10-12,Laying steel rail,Railway,m,3994.564872664047
2025-11-19,Iron mining,Railway,m3,4209.711191268201
2025-10-14,Foundation pouring,Building,m3,1165.9899230807441
2025-05-07,Walling,Building,m2,2671.4972575935576
2025-08-13,Iron mining,Railway,m3,412.47835417331623
2025-12-19,Iron mining,Railway,m3,2340.1615546934854
2025-03-14,Pavement,Road,m2,1810.4095945728488
2025-10-24,Laying steel rail,Railway,m,1430.4321212696098
2025-12-08,Foundation pouring,Building,m3,3814.9067092011774
2025-07-05,Walling,Building,m2,4090.343396848413
2025-10-18,Anchorage,Railway,m2,481.2076092347245
2025-05-05,Terrain leveling,Building,m3,3260.3310907392197
2025-07-16,Foundation pouring,Building,m3,383.14286409138145
2025-04-09,Subbase application,Road,m2,1168.1054447652778
2025-07-28,Terrain leveling,Building,m3,4534.93509939825
2025-05-26,Cement making,Building,m3,1186.4213096786148
2025-07-12,Coat preparation,Road,L,3132.238156850117
2025-04-10,Cement making,Building,m3,1001.9716188283805
2025-06-06,Anchorage,Railway,m2,857.1743992563835
2025-11-16,Rolling/Tractor,Road,m2,3205.830552895625
2025-02-11,Laying steel rail,Railway,m,2708.257657084528
2025-03-02,Anchorage,Railway,m2,1442.0335107908584
2025-10-12,Coat preparation,Road,L,359.54726363628674
2025-06-24,Subbase application,Road,m2,3360.7157346699464
2025-04-17,Iron mining,Railway,m3,1386.0898311900594
2025-09-03,Terrain leveling,Building,m3,1582.3503769268443
2025-09-26,Ballast,Railway,m3,4948.441546640776
2025-09-16,Terrain leveling,Building,m3,3253.499382505695
2025-03-25,Rolling/Tractor,Road,m2,4763.5079717088
2025-08-04,Cement making,Building,m3,3172.476236576016
2025-07-16,Ballast,Railway,m3,4129.611604109799
2025-04-12,Ballast,Railway,m3,4792.637319514657
2025-11-02,Laying steel rail,Railway,m,4070.0324555907514
2025-12-14,Subbase application,Road,m2,3125.7746788670115
2025-04-06,Iron mining,Railway,m3,1132.5308779490117
2025-09-08,Terrain leveling,Building,m3,919.2532570182593
2025-03-27,Pavement,Road,m2,275.7432450329378
2025-01-28,Cement making,Building,m3,4765.97000106181
2025-10-01,Walling,Building,m2,3501.856293574127
2025-10-15,Removing trees,Building,m2,620.6384829372869
2025-10-02,Rolling/Tractor,Road,m2,4295.545268972786
2025-04-27,Coat preparation,Road,L,3680.922577575985
2025-07-08,Cement making,Building,m3,510.5863412095096
2025-01-01,Iron mining,Railway,m3,2686.032482031349
2025-12-22,Laying steel rail,Railway,m,538.4880470973208
2025-05-10,Ballast,Railway,m3,3373.9064422648557
2025-09-27,Ballast,Railway,m3,4500.473812788309
2025-10-18,Subbase application,Road,m2,4403.26129463191
2025-08-01,Rolling/Tractor,Road,m2,3849.5978073855276
2025-11-11,Iron mining,Railway,m3,1317.7036366862894
2025-09-12,Iron mining,Railway,m3,349.98089000942645
2025-12-14,Terrain leveling,Building,m3,1731.7252165019759
2025-12-12,Foundation pouring,Building,m3,2533.2743920904604
2025-06-01,Coat preparation,Road,L,2525.6225450061875
2025-10-23,Foundation pouring,Building,m3,1708.5377316440415
2025-11-01,Anchorage,Railway,m2,1417.8927855968598
2025-06-19,Pavement,Road,m2,2632.6641618500466
2025-06-02,Walling,Building,m2,356.0826419458274
2025-02-10,Subbase application,Road,m2,4418.0977358744685
2025-11-18,Terrain leveling,Building,m3,3043.870613538247
2025-10-31,Pavement,Road,m2,968.5168476836232
2025-09-30,Coat preparation,Road,L,2963.7002033018034
2025-03-24,Ballast,Railway,m3,1668.9530652173396
2025-03-19,Coat preparation,Road,L,117.78297089659273
2025-04-04,Ballast,Railway,m3,1613.887641448018
2025-10-02,Coat preparation,Road,L,3599.8471697110026
2025-01-21,Ballast,Railway,m3,1906.5048711501042
2025-11-30,Iron mining,Railway,m3,4026.610455352259
2025-01-17,Terrain leveling,Building,m3,2497.647486748092
2025-12-18,Pavement,Road,m2,3849.4437288912377
2025-01-03,Cement making,Building,m3,4319.159041763373
2025-07-15,Anchorage,Railway,m2,2977.7974509977967
2025-05-25,Ballast,Railway,m3,690.115502897497
2025-12-01,Iron mining,Railway,m3,868.2874188067658
2025-03-10,Cement making,Building,m3,2894.7407401423943
2025-08-28,Foundation pouring,Building,m3,4955.358401119298
2025-01-08,Pavement,Road,m2,1628.2295324453532
2025-01-19,Ballast,Railway,m3,2756.504764582438
2025-02-21,Cement making,Building,m3,3533.8036598420217
2025-05-23,Foundation pouring,Building,m3,4209.36999444823
2025-12-09,Pavement,Road,m2,4085.5217128494432
2025-08-02,Ballast,Railway,m3,368.75807176830756
2025-07-23,Subbase application,Road,m2,4552.931190077256
2025-01-24,Removing trees,Building,m2,4884.655016539855
2025-05-17,Foundation pouring,Building,m3,4083.768938835982
2025-11-26,Walling,Building,m2,4120.622366084122
2025-02-12,Walling,Building,m2,4099.607046202341
2025-01-07,Rolling/Tractor,Road,m2,3075.127005298298
2025-05-20,Pavement,Road,m2,2178.537143375576
2025-09-23,Subbase application,Road,m2,703.0897349313881
2025-11-19,Cement making,Building,m3,3532.4557659008906
2025-01-04,Anchorage,Railway,m2,4864.677070550632
2025-03-11,Subbase application,Road,m2,4629.9429442620385
2025-12-24,Foundation pouring,Building,m3,2063.4483443032477
2025-11-02,Laying steel rail,Railway,m,3696.6346679941444
2025-03-22,Cement making,Building,m3,2783.650283862227
2025-04-16,Pavement,Road,m2,4892.805427651748
2025-12-27,Removing trees,Building,m2,2550.818866569265
2025-10-03,Anchorage,Railway,m2,1243.8810590415028
2025-05-13,Subbase application,Road,m2,1571.8717639255597
2025-01-02,Subbase application,Road,m2,2626.9630887622952
2025-02-06,Foundation pouring,Building,m3,4758.424774962004
2025-05-15,Ballast,Railway,m3,4710.197150164566
2025-11-13,Subbase application,Road,m2,1194.848009814984
2025-11-15,Ballast,Railway,m3,3038.883392019707
2025-07-16,Coat preparation,Road,L,322.20661101673096
2025-10-07,Anchorage,Railway,m2,4971.382266145982
2025-07-26,Rolling/Tractor,Road,m2,709.1815067394541
2025-04-26,Coat preparation,Road,L,4819.792515086079
2025-10-17,Terrain leveling,Building,m3,3756.68492235195
2025-01-20,Removing trees,Building,m2,1947.5966712736076
2025-08-18,Rolling/Tractor,Road,m2,816.4020326024413
2025-12-13,Laying steel rail,Railway,m,243.40529725977777
2025-04-27,Anchorage,Railway,m2,324.0121324708589
2025-11-17,Coat preparation,Road,L,4022.869438565879
2025-01-05,Removing trees,Building,m2,781.33113878114
2025-09-07,Walling,Building,m2,1127.9367209456886
2025-10-25,Laying steel rail,Railway,m,2940.9430312164795
2025-12-07,Laying steel rail,Railway,m,3583.938513978805
2025-11-06,Terrain leveling,Building,m3,1821.7612864022303
2025-12-18,Subbase application,Road,m2,4352.428575911553
2025-12-17,Pavement,Road,m2,3230.9932878476634
2025-06-08,Walling,Building,m2,1365.0381257431359
2025-09-20,Pavement,Road,m2,4100.644290222861
2025-09-01,Iron mining,Railway,m3,446.52456458800617
2025-07-18,Walling,Building,m2,3025.3454629250605
2025-08-07,Rolling/Tractor,Road,m2,3911.2254709959147
2025-10-08,Cement making,Building,m3,3070.1484832901924
2025-01-09,Removing trees,Building,m2,3445.681080786104
2025-10-08,Rolling/Tractor,Road,m2,4906.098630509447
2025-08-12,Walling,Building,m2,2442.5633892143896
2025-03-05,Cement making,Building,m3,3128.8581316766818
2025-03-29,Iron mining,Railway,m3,4720.4004422117305
2025-06-20,Cement making,Building,m3,3769.248667183315
2025-09-26,Removing trees,Building,m2,2714.955880707043
2025-06-01,Cement making,Building,m3,2359.0506096550457
2025-02-11,Rolling/Tractor,Road,m2,2848.427196230643
2025-07-15,Subbase application,Road,m2,862.3244410588005
2025-05-02,Walling,Building,m2,4130.65528850949
2025-03-13,Cement making,Building,m3,1510.4058559008276
2025-06-02,Ballast,Railway,m3,802.9453706334139
2025-01-30,Iron mining,Railway,m3,2322.8948635675524
2025-02-28,Cement making,Building,m3,2352.4416148657047
2025-11-04,Rolling/Tractor,Road,m2,3389.660118745842
2025-12-15,Coat preparation,Road,L,777.6732370710931
2025-02-12,Foundation pouring,Building,m3,909.2008887727532
2025-10-16,Iron mining,Railway,m3,3020.1952999507976
2025-04-17,Pavement,Road,m2,402.63520896407056
2025-03-31,Pavement,Road,m2,861.3452487726142
2025-09-19,Rolling/Tractor,Road,m2,2372.9532710607327
2025-01-17,Pavement,Road,m2,4857.067276857975
2025-09-08,Laying steel rail,Railway,m,3175.7373071419383
2025-02-20,Ballast,Railway,m3,1509.4294495406075
2025-01-09,Foundation pouring,Building,m3,1776.8803865736727
2025-03-24,Iron mining,Railway,m3,3484.6716578701707
2025-11-26,Subbase application,Road,m2,1958.431034773716
2025-05-04,Pavement,Road,m2,3340.026452798041
2025-03-31,Laying steel rail,Railway,m,5.895412945566281
2025-07-31,Subbase application,Road,m2,2642.706746704703
2025-01-25,Laying steel rail,Railway,m,4876.361997375851
2025-07-01,Foundation pouring,Building,m3,1203.7478842794808
2025-06-20,Coat preparation,Road,L,1760.7930254213738
2025-07-14,Laying steel rail,Railway,m,2228.1331910089384
2025-05-14,Rolling/Tractor,Road,m2,3066.712497708189
2025-08-23,Rolling/Tractor,Road,m2,2743.975958170822
2025-08-17,Removing trees,Building,m2,3457.1745331530065
2025-05-20,Coat preparation,Road,L,2632.518368516853
2025-04-29,Ballast,Railway,m3,2283.0417734961584
2025-12-06,Anchorage,Railway,m2,2774.254610554499
2025-07-26,Rolling/Tractor,Road,m2,2679.8406981598455
2025-11-07,Anchorage,Railway,m2,2263.379457353242
2025-08-03,Foundation pouring,Building,m3,3706.2715689023416
2025-02-25,Rolling/Tractor,Road,m2,2753.6660316680695
2025-10-09,Anchorage,Railway,m2,164.17634757024234
2025-04-05,Laying steel rail,Railway,m,4886.3355498883
2025-04-10,Foundation pouring,Building,m3,3441.6486543440183
2025-01-25,Foundation pouring,Building,m3,2438.8966221173564
2025-09-09,Removing trees,Building,m2,691.097145635905
2025-04-15,Walling,Building,m2,519.6069364345545
2025-10-11,Rolling/Tractor,Road,m2,518.4231056503775
2025-09-02,Cement making,Building,m3,3433.301021898974
2025-03-17,Rolling/Tractor,Road,m2,790.9099370606493
2025-04-02,Coat preparation,Road,L,3050.8726905807243
2025-09-27,Walling,Building,m2,2139.65014747887
2025-06-05,Anchorage,Railway,m2,1838.6189608708414
2025-03-04,Anchorage,Railway,m2,3753.9831881903274
2025-04-05,Removing trees,Building,m2,4528.7293431181015
2025-09-07,Walling,Building,m2,2453.934860360942
2025-12-11,Rolling/Tractor,Road,m2,4544.106626672761
2025-05-29,Anchorage,Railway,m2,1142.4099172546055
2025-01-17,Terrain leveling,Building,m3,206.96458834235264
2025-09-11,Foundation pouring,Building,m3,2239.104445111413
2025-02-25,Terrain leveling,Building,m3,860.6940106372663
2025-10-28,Pavement,Road,m2,4786.885902707778
2025-04-24,Terrain leveling,Building,m3,4889.59089058639
2025-02-23,Cement making,Building,m3,1599.7053270905826
2025-09-03,Foundation pouring,Building,m3,3224.378234408146
2025-12-10,Ballast,Railway,m3,4136.814780308836
2025-02-09,Walling,Building,m2,4938.05830789261
2025-04-07,Pavement,Road,m2,1085.888796970369
2025-04-12,Rolling/Tractor,Road,m2,2553.4205361074846
2025-01-05,Foundation pouring,Building,m3,809.1900024977
2025-04-11,Cement making,Building,m3,1459.291646874765
2025-01-05,Walling,Building,m2,3540.6595874823824
2025-04-02,Pavement,Road,m2,548.0093512429706
2025-09-12,Walling,Building,m2,253.09369853317776
2025-03-21,Rolling/Tractor,Road,m2,3694.176592237002
2025-05-06,Cement making,Building,m3,4475.629666621148
2025-03-13,Anchorage,Railway,m2,2768.9100606753377
2025-03-01,Coat preparation,Road,L,4611.691186020888
2025-02-01,Cement making,Building,m3,2470.842881343649
2025-08-28,Pavement,Road,m2,2862.330728859827
2025-04-13,Pavement,Road,m2,2723.2169718039963
2025-10-17,Foundation pouring,Building,m3,1122.3882869572483
2025-03-13,Terrain leveling,Building,m3,1775.570647504307
2025-09-02,Anchorage,Railway,m2,1906.8031473693663
2025-10-23,Foundation pouring,Building,m3,3420.681250226818
2025-01-27,Anchorage,Railway,m2,1748.35900392873
2025-09-26,Subbase application,Road,m2,2026.3727002843395
2025-09-04,Terrain leveling,Building,m3,649.5964375091772
2025-03-09,Walling,Building,m2,3943.1838994671402
2025-01-23,Ballast,Railway,m3,2180.9388207682014
2025-01-06,Subbase application,Road,m2,1510.2818647581323
2025-07-22,Terrain leveling,Building,m3,2101.4742815202326
2025-06-17,Walling,Building,m2,4492.779859335883
2025-04-30,Foundation pouring,Building,m3,1892.4188986711272
2025-02-18,Rolling/Tractor,Road,m2,2665.0987132030473
2025-06-22,Cement making,Building,m3,2087.038675176534
2025-06-06,Iron mining,Railway,m3,4150.3362524255435
2025-02-13,Walling,Building,m2,1552.5645711887948
2025-08-20,Ballast,Railway,m3,2449.831539320708
2025-08-12,Subbase application,Road,m2,24.144615943542114
2025-09-08,Anchorage,Railway,m2,1187.1433795671921
2025-08-20,Subbase application,Road,m2,4849.721971968487
2025-10-19,Terrain leveling,Building,m3,955.288438761992
2025-10-21,Removing trees,Building,m2,3516.39622807738
2025-03-30,Removing trees,Building,m2,1225.974932049959
2025-06-19,Pavement,Road,m2,3578.6645892302045
2025-03-10,Foundation pouring,Building,m3,4657.255580610679
2025-03-15,Iron mining,Railway,m3,2879.1764514507654
2025-05-15,Foundation pouring,Building,m3,3845.928952166076
2025-01-09,Foundation pouring,Building,m3,2772.370532528947
2025-10-07,Pavement,Road,m2,309.42430368092135
2025-08-09,Coat preparation,Road,L,4556.57747765123
2025-10-13,Rolling/Tractor,Road,m2,3366.979625134983
2025-01-26,Removing trees,Building,m2,1663.7108733158927
2025-05-09,Coat preparation,Road,L,2411.705172930804
2025-06-11,Ballast,Railway,m3,3817.262411128806
2025-10-26,Iron mining,Railway,m3,4535.5236475831125
2025-01-30,Laying steel rail,Railway,m,1365.5692831578287
2025-01-03,Terrain leveling,Building,m3,1471.7937573133777
2025-06-28,Ballast,Railway,m3,2141.7038156585454
2025-03-12,Terrain leveling,Building,m3,3661.304898826567
2025-05-28,Laying steel rail,Railway,m,1354.1996169116155
2025-02-17,Anchorage,Railway,m2,1903.8307154834645
2025-12-28,Cement making,Building,m3,3331.4086733782246
2025-11-12,Iron mining,Railway,m3,428.9551153200605
2025-10-13,Removing trees,Building,m2,4130.670311399198
2025-04-20,Rolling/Tractor,Road,m2,2377.7224355352582
2025-11-09,Foundation pouring,Building,m3,4582.651015599627
2025-12-20,Cement making,Building,m3,123.9858794901555
2025-12-13,Walling,Building,m2,819.0315408352933
2025-04-08,Rolling/Tractor,Road,m2,2746.1686981982803
2025-12-07,Anchorage,Railway,m2,4572.902320192737
2025-01-10,Pavement,Road,m2,373.4229358903479
2025-07-11,Ballast,Railway,m3,4937.38028999331
2025-06-16,Ballast,Railway,m3,333.66825170387415
2025-07-14,Pavement,Road,m2,7.558051730063853
2025-07-29,Removing trees,Building,m2,705.3732605794078
2025-07-13,Subbase application,Road,m2,2149.2888317740862
2025-01-22,Walling,Building,m2,4372.748729891025
2025-06-29,Coat preparation,Road,L,67.72879949490051
2025-03-30,Subbase application,Road,m2,2279.666703976987
2025-05-18,Iron mining,Railway,m3,468.09928063561546
2025-02-15,Walling,Building,m2,717.3971422927883
2025-03-30,Laying steel rail,Railway,m,4786.772130515691
2025-03-27,Terrain leveling,Building,m3,4033.3162110990183
2025-01-18,Terrain leveling,Building,m3,3145.3779407959582
2025-04-27,Subbase application,Road,m2,4652.141232154914
2025-05-29,Iron mining,Railway,m3,3563.9114049280124
2025-11-22,Cement making,Building,m3,219.89277645594385
2025-10-18,Ballast,Railway,m3,327.36010611464917
2025-09-21,Removing trees,Building,m2,2647.457786167087
2025-06-20,Terrain leveling,Building,m3,3797.698121949999
2025-04-30,Terrain leveling,Building,m3,2901.011327846778
2025-07-03,Cement making,Building,m3,509.5069927288598
2025-09-19,Subbase application,Road,m2,4288.164393860852
2025-03-18,Anchorage,Railway,m2,1990.2385856546139
2025-12-10,Removing trees,Building,m2,1370.9761986555884
2025-03-22,Ballast,Railway,m3,3859.335113864174
2025-04-02,Subbase application,Road,m2,3321.1736781714762
2025-06-12,Rolling/Tractor,Road,m2,635.0220868995455
2025-11-20,Foundation pouring,Building,m3,3762.237357868387
2025-05-11,Ballast,Railway,m3,1611.4656818374112
2025-10-08,Laying steel rail,Railway,m,1832.4671371245377
2025-09-15,Ballast,Railway,m3,3756.8496857100254
2025-06-13,Removing trees,Building,m2,4189.657321081538
2025-03-31,Iron mining,Railway,m3,3966.382835032678
2025-11-20,Rolling/Tractor,Road,m2,3970.373266010033
2025-04-30,Subbase application,Road,m2,2121.7764546009516
2025-01-04,Anchorage,Railway,m2,1745.6937970572424
2025-07-21,Foundation pouring,Building,m3,3245.678379074073
2025-03-06,Laying steel rail,Railway,m,383.2093345730991
2025-05-23,Laying steel rail,Railway,m,878.1474959116154
2025-11-22,Terrain leveling,Building,m3,456.45174339300434
2025-06-07,Coat preparation,Road,L,4471.598344620467
2025-10-09,Coat preparation,Road,L,1634.0744821803398
2025-10-20,Cement making,Building,m3,2726.7166582337427
2025-03-19,Pavement,Road,m2,1950.161712975319
2025-11-05,Walling,Building,m2,2047.4967989656623
2025-04-29,Walling,Building,m2,3294.0567365743254
2025-08-23,Rolling/Tractor,Road,m2,3648.506317974167
2025-12-21,Iron mining,Railway,m3,74.9924645606076
2025-11-10,Subbase application,Road,m2,3818.341056133242
2025-04-17,Subbase application,Road,m2,2197.3446407111414
2025-09-11,Pavement,Road,m2,743.4774159919727
2025-02-26,Iron mining,Railway,m3,4032.2067977254087
2025-03-30,Foundation pouring,Building,m3,2486.70269064188
2025-02-18,Terrain leveling,Building,m3,2467.709501328285
2025-12-02,Coat preparation,Road,L,2851.2434395443115
2025-10-15,Terrain leveling,Building,m3,3763.522987750461
2025-12-13,Foundation pouring,Building,m3,4149.704836636588
2025-10-04,Ballast,Railway,m3,1395.552291236592
2025-04-22,Foundation pouring,Building,m3,4336.977534256308
2025-02-15,Foundation pouring,Building,m3,3348.1424401572895
2025-08-15,Terrain leveling,Building,m3,4606.189024482182
2025-07-14,Anchorage,Railway,m2,4058.1831648417933
2025-04-09,Anchorage,Railway,m2,731.3243216792225
2025-08-23,Cement making,Building,m3,25.260221611606013
2025-04-07,Terrain leveling,Building,m3,1060.90130718674
2025-06-05,Walling,Building,m2,1733.2318883975106
2025-07-13,Laying steel rail,Railway,m,1812.5423516120886
2025-03-25,Iron mining,Railway,m3,3161.9715938923
2025-12-10,Subbase application,Road,m2,4923.787195908312
2025-04-20,Pavement,Road,m2,2656.060608409407
2025-11-19,Removing trees,Building,m2,3212.2691367122134
2025-11-14,Pavement,Road,m2,4034.3449206832083
2025-03-23,Walling,Building,m2,567.5245300304193
2025-01-17,Terrain leveling,Building,m3,4516.778502402057
2025-02-02,Coat preparation,Road,L,1713.211321957638
2025-04-13,Cement making,Building,m3,3681.0264597946825
2025-07-25,Walling,Building,m2,165.21128824915743
2025-01-05,Cement making,Building,m3,1280.9347174381653
2025-07-27,Pavement,Road,m2,2087.7296541788332
2025-05-10,Anchorage,Railway,m2,2324.100406496645
2025-12-27,Pavement,Road,m2,1082.6658241336224
2025-07-14,Cement making,Building,m3,2450.191677849827
2025-04-01,Laying steel rail,Railway,m,4600.701457323157
2025-09-14,Cement making,Building,m3,4931.024796627076
2025-07-10,Ballast,Railway,m3,4746.085314330386
2025-05-02,Walling,Building,m2,755.2585383533244
2025-04-08,Iron mining,Railway,m3,2168.2055656093175
2025-09-16,Laying steel rail,Railway,m,3414.3165297779506
2025-12-21,Anchorage,Railway,m2,4445.846724167658
2025-06-21,Anchorage,Railway,m2,4493.088386113679
2025-01-01,Subbase application,Road,m2,4625.493495345135
2025-01-11,Coat preparation,Road,L,1732.2617667598156
2025-12-05,Walling,Building,m2,4171.024963003292
2025-12-14,Subbase application,Road,m2,3283.824303802934
2025-01-23,Rolling/Tractor,Road,m2,4613.367942009385
2025-04-19,Foundation pouring,Building,m3,764.2779389450872
2025-08-18,Laying steel rail,Railway,m,1296.740798916165
2025-05-15,Rolling/Tractor,Road,m2,930.2009373807335
2025-07-28,Subbase application,Road,m2,241.5107297056329
2025-09-29,Terrain leveling,Building,m3,288.65490132560956
2025-09-17,Pavement,Road,m2,2767.740850599488
2025-10-21,Pavement,Road,m2,1313.0872015759237
2025-04-20,Cement making,Building,m3,3930.4606657216773
2025-06-20,Foundation pouring,Building,m3,688.256558284866
2025-08-04,Coat preparation,Road,L,2336.650742356573
2025-01-25,Pavement,Road,m2,2851.5825916145914
2025-08-19,Iron mining,Railway,m3,4670.85934288525
2025-09-03,Pavement,Road,m2,2151.362917081513
2025-05-28,Subbase application,Road,m2,424.13193505232647
2025-06-14,Ballast,Railway,m3,3994.5550711870455
2025-10-03,Cement making,Building,m3,2369.246077626613
2025-10-14,Rolling/Tractor,Road,m2,4120.186037152375
2025-04-16,Rolling/Tractor,Road,m2,3270.710894586204
2025-08-17,Foundation pouring,Building,m3,1492.7358032176269
2025-09-04,Subbase application,Road,m2,2974.096715019143
2025-01-02,Ballast,Railway,m3,2568.695038047189
2025-09-21,Cement making,Building,m3,4246.339557191687
2025-09-25,Removing trees,Building,m2,4826.461579923963
2025-12-14,Laying steel rail,Railway,m,1693.9651970872194
2025-02-17,Iron mining,Railway,m3,2364.2357266448485
2025-07-19,Rolling/Tractor,Road,m2,2473.7839527793585
2025-08-09,Pavement,Road,m2,4133.884385792191
2025-05-28,Removing trees,Building,m2,3831.5011303119654
2025-09-11,Pavement,Road,m2,1484.0315169284606
2025-02-12,Foundation pouring,Building,m3,2305.7284945259153
2025-02-06,Removing trees,Building,m2,297.9414918595363
2025-01-26,Subbase application,Road,m2,3562.7813260470202
2025-10-23,Foundation pouring,Building,m3,3218.006676211509
2025-11-18,Cement making,Building,m3,1673.0196079068921
2025-07-24,Removing trees,Building,m2,4507.607623770526
2025-01-29,Laying steel rail,Railway,m,390.8058157753319
2025-01-09,Terrain leveling,Building,m3,1693.4719721422641
2025-07-14,Subbase application,Road,m2,2892.765827293684
2025-02-28,Coat preparation,Road,L,609.9277050400536
2025-01-30,Ballast,Railway,m3,995.1742281887776
2025-04-07,Ballast,Railway,m3,105.063891142963
2025-06-08,Iron mining,Railway,m3,1190.0452457620343
2025-02-26,Terrain leveling,Building,m3,1914.0539292748292
2025-02-28,Rolling/Tractor,Road,m2,786.8712925372051
2025-03-29,Subbase application,Road,m2,4924.9330922687595
2025-02-03,Subbase application,Road,m2,3945.765454962777
2025-06-04,Iron mining,Railway,m3,4796.987664524085
2025-01-19,Coat preparation,Road,L,4657.755966990264
2025-10-30,Foundation pouring,Building,m3,3103.526710102329
2025-10-10,Coat preparation,Road,L,2535.7561872536394
2025-04-12,Rolling/Tractor,Road,m2,4492.955088462423
2025-10-12,Laying steel rail,Railway,m,188.76109790229023
2025-10-15,Removing trees,Building,m2,2850.411168906716
2025-05-26,Walling,Building,m2,3572.4664180024547
2025-04-11,Foundation pouring,Building,m3,3824.3187892298074
2025-09-04,Anchorage,Railway,m2,3948.975109297114
2025-09-25,Ballast,Railway,m3,2007.435082667443
2025-01-26,Subbase application,Road,m2,2400.6750477170726
2025-12-22,Terrain leveling,Building,m3,3351.6576898890626
2025-10-05,Cement making,Building,m3,2479.691840927684
2025-07-14,Rolling/Tractor,Road,m2,1293.131047010841
2025-09-09,Rolling/Tractor,Road,m2,3832.4152100392866
2025-08-04,Subbase application,Road,m2,1484.1212280706295
2025-07-27,Cement making,Building,m3,4113.178627362493
2025-04-21,Rolling/Tractor,Road,m2,2807.609992514757
2025-03-27,Laying steel rail,Railway,m,3333.848770538107
2025-03-08,Ballast,Railway,m3,498.39192232859097
2025-04-02,Cement making,Building,m3,925.3250711315642
2025-11-05,Foundation pouring,Building,m3,2141.2985555619953
2025-01-28,Coat preparation,Road,L,1198.1197509353758
2025-08-11,Ballast,Railway,m3,4165.566950037611
2025-10-28,Anchorage,Railway,m2,1864.5016704936113
2025-12-03,Anchorage,Railway,m2,228.72770611231385
2025-03-06,Subbase application,Road,m2,2653.251685494241
2025-06-05,Rolling/Tractor,Road,m2,4779.995414916159
2025-04-04,Coat preparation,Road,L,3435.8703212243313
2025-08-20,Foundation pouring,Building,m3,3730.175735221873
2025-06-27,Iron mining,Railway,m3,3362.9442000704785
2025-12-06,Subbase application,Road,m2,1822.58381898464
2025-11-18,Cement making,Building,m3,3251.0512237464545
2025-06-15,Iron mining,Railway,m3,209.32605529951186
2025-03-17,Removing trees,Building,m2,2380.6638549139643
2025-02-23,Coat preparation,Road,L,1273.3118227654622
2025-08-02,Rolling/Tractor,Road,m2,4277.468107331605
2025-07-24,Foundation pouring,Building,m3,1704.1978257211504
2025-03-24,Cement making,Building,m3,3313.712541137264
2025-10-04,Ballast,Railway,m3,3713.6725029348727
2025-10-03,Foundation pouring,Building,m3,3739.854979648754
2025-12-01,Removing trees,Building,m2,2461.4613532868584
2025-03-04,Rolling/Tractor,Road,m2,4243.993616851924
2025-03-22,Terrain leveling,Building,m3,829.4821662033613
2025-12-27,Foundation pouring,Building,m3,338.3215397933148
2025-01-26,Ballast,Railway,m3,3620.8503238043
2025-02-06,Rolling/Tractor,Road,m2,2835.9917941118497
2025-10-04,Subbase application,Road,m2,3737.9776626321045
2025-01-27,Rolling/Tractor,Road,m2,1753.0426697383616
2025-10-18,Walling,Building,m2,4496.735381799223
2025-12-21,Pavement,Road,m2,40.01191199989596
2025-10-18,Walling,Building,m2,2720.3486640252318
2025-07-05,Rolling/Tractor,Road,m2,1305.044322179915
2025-12-23,Removing trees,Building,m2,1808.0248137097515
2025-07-28,Subbase application,Road,m2,3870.0208858108085
2025-03-02,Anchorage,Railway,m2,1441.8279536472328
2025-07-24,Foundation pouring,Building,m3,3135.729505516419
2025-03-24,Ballast,Railway,m3,4755.410043067411
2025-07-02,Ballast,Railway,m3,3900.468607383103
2025-08-28,Ballast,Railway,m3,4586.187690556989
2025-04-26,Coat preparation,Road,L,4354.696213048664
2025-10-11,Anchorage,Railway,m2,236.57325936600193
2025-06-30,Removing trees,Building,m2,2385.25607194969
2025-12-25,Terrain leveling,Building,m3,1019.9684846847467
2025-11-24,Removing trees,Building,m2,286.06893834959016
2025-11-15,Foundation pouring,Building,m3,3725.330120219942
2025-02-03,Foundation pouring,Building,m3,4254.558887849535
2025-07-15,Anchorage,Railway,m2,133.99394386004403
2025-08-08,Anchorage,Railway,m2,217.97220071196165
2025-10-23,Ballast,Railway,m3,2419.77763489012
2025-03-20,Pavement,Road,m2,691.4999479426203
2025-06-13,Foundation pouring,Building,m3,1885.699558594246
2025-01-22,Terrain leveling,Building,m3,927.9464368304008
2025-06-03,Anchorage,Railway,m2,3187.3711809863203
2025-02-03,Terrain leveling,Building,m3,4530.708177515368
2025-04-11,Anchorage,Railway,m2,1285.5310020019033
2025-04-03,Removing trees,Building,m2,3719.0153107006986
2025-01-09,Pavement,Road,m2,3601.456258949878
2025-03-28,Walling,Building,m2,354.58497861093394
2025-01-17,Foundation pouring,Building,m3,634.1447799383803
2025-07-21,Terrain leveling,Building,m3,2756.7789951854616
2025-09-26,Removing trees,Building,m2,4974.131987929489
2025-03-03,Coat preparation,Road,L,2890.6448170141252
2025-09-05,Subbase application,Road,m2,2724.369721429317
2025-05-03,Foundation pouring,Building,m3,3147.3225371971776
2025-01-09,Removing trees,Building,m2,1744.4228527591765
2025-09-04,Coat preparation,Road,L,4134.577727223639
2025-10-16,Laying steel rail,Railway,m,472.8642555202711
2025-04-13,Pavement,Road,m2,1438.8930770689963
2025-05-06,Terrain leveling,Building,m3,1878.5912440864688
2025-05-07,Subbase application,Road,m2,2538.7292194830097
2025-05-27,Removing trees,Building,m2,3041.131852287979
2025-09-20,Foundation pouring,Building,m3,4067.2107261296005
2025-07-14,Rolling/Tractor,Road,m2,3081.0192029802765
2025-03-12,Walling,Building,m2,1614.4743787615334
2025-08-10,Anchorage,Railway,m2,444.03295423665446
2025-10-11,Rolling/Tractor,Road,m2,694.9470121830515
2025-09-05,Iron mining,Railway,m3,4599.445317772978
2025-01-03,Pavement,Road,m2,399.5078743172703
2025-04-27,Iron mining,Railway,m3,2926.15797779278
2025-04-30,Laying steel rail,Railway,m,4420.3127580194605
2025-07-13,Ballast,Railway,m3,4237.438678648287
2025-02-28,Terrain leveling,Building,m3,4437.356159266464
2025-11-17,Walling,Building,m2,3012.403193662369
2025-02-21,Removing trees,Building,m2,4447.8677560941
2025-03-29,Subbase application,Road,m2,4859.847781259401
2025-04-09,Laying steel rail,Railway,m,3206.46140591378
2025-02-26,Coat preparation,Road,L,2108.81838183842
2025-10-05,Subbase application,Road,m2,4026.57238564285
2025-08-19,Rolling/Tractor,Road,m2,4193.560775586269
2025-03-19,Foundation pouring,Building,m3,3319.971930659193
2025-08-17,Walling,Building,m2,4843.269047305356
2025-11-30,Cement making,Building,m3,2265.770899160921
2025-09-08,Cement making,Building,m3,1086.2675933384053
2025-07-18,Terrain leveling,Building,m3,1294.9150936875797
2025-05-03,Pavement,Road,m2,2992.686361736323
2025-06-02,Walling,Building,m2,2839.206249204774
2025-07-19,Walling,Building,m2,590.0136021502866
2025-07-01,Cement making,Building,m3,260.7186117970223
2025-11-16,Subbase application,Road,m2,1844.6519007081013
2025-09-16,Iron mining,Railway,m3,580.3319350454428
2025-05-28,Ballast,Railway,m3,4284.187021261923
2025-02-16,Pavement,Road,m2,1642.0809488238701
2025-05-11,Iron mining,Railway,m3,185.79098839282048
2025-04-15,Pavement,Road,m2,3559.101610352005
2025-08-26,Ballast,Railway,m3,1144.185411095321
2025-03-25,Subbase application,Road,m2,609.9872639481785
2025-02-16,Laying steel rail,Railway,m,797.9266267153301
2025-04-30,Rolling/Tractor,Road,m2,3411.077786480122
2025-02-27,Anchorage,Railway,m2,2997.355200745209
2025-02-21,Coat preparation,Road,L,2947.199418773072
2025-02-07,Anchorage,Railway,m2,1375.1702836777608
2025-12-24,Anchorage,Railway,m2,464.11940805775043
2025-12-24,Iron mining,Railway,m3,2186.9016071136643
2025-05-02,Pavement,Road,m2,920.8429955096209
2025-12-20,Foundation pouring,Building,m3,1151.1055591742181
2025-08-31,Removing trees,Building,m2,2576.0682006383754
2025-10-24,Rolling/Tractor,Road,m2,2487.3186157801856
2025-03-21,Ballast,Railway,m3,1794.7505227565891
2025-11-25,Ballast,Railway,m3,1244.9421525746573
2025-11-04,Subbase application,Road,m2,2558.7705444043113
2025-03-25,Terrain leveling,Building,m3,2581.4872545025046
2025-05-14,Removing trees,Building,m2,4748.009020089765
2025-05-09,Terrain leveling,Building,m3,1799.0008157211146
2025-09-18,Terrain leveling,Building,m3,3619.4342608952084
2025-04-24,Terrain leveling,Building,m3,4519.945849819041
2025-09-09,Removing trees,Building,m2,193.70222852058026
2025-05-04,Cement making,Building,m3,1387.1111713879802
2025-01-10,Coat preparation,Road,L,399.73422098604607
2025-07-03,Terrain leveling,Building,m3,2536.9340104568196
2025-12-17,Walling,Building,m2,4813.121644425375
2025-12-12,Cement making,Building,m3,3924.4819626565313
2025-05-11,Anchorage,Railway,m2,4936.24418611809
2025-04-04,Laying steel rail,Railway,m,395.6657666547997
2025-03-22,Walling,Building,m2,1035.7653893176393
2025-12-28,Anchorage,Railway,m2,404.33285368255855
2025-12-04,Anchorage,Railway,m2,2202.687835833655
2025-12-23,Subbase application,Road,m2,3076.8890870056066
2025-06-14,Anchorage,Railway,m2,1204.2272280592892
2025-09-04,Removing trees,Building,m2,2225.0490882746453
2025-10-31,Removing trees,Building,m2,3825.1639995513497
2025-11-25,Ballast,Railway,m3,1110.1376273998176
2025-01-31,Iron mining,Railway,m3,4265.623461135613
2025-09-03,Walling,Building,m2,4653.850403239752
2025-07-12,Rolling/Tractor,Road,m2,1085.91655377693
2025-09-09,Walling,Building,m2,3176.186619950777
2025-06-12,Cement making,Building,m3,1527.4872579488513
2025-05-05,Laying steel rail,Railway,m,3098.939656006485
2025-01-19,Subbase application,Road,m2,4449.383126675442
2025-06-03,Removing trees,Building,m2,4782.072413647646
2025-08-12,Iron mining,Railway,m3,2806.106281900551
2025-11-11,Walling,Building,m2,1331.8253894408356
2025-04-05,Subbase application,Road,m2,1556.1709053069917
2025-01-13,Terrain leveling,Building,m3,2826.6384890331965
2025-07-13,Anchorage,Railway,m2,179.06254267883614
2025-11-05,Rolling/Tractor,Road,m2,4614.987229339197
2025-02-11,Rolling/Tractor,Road,m2,3936.2717217933787
2025-08-09,Removing trees,Building,m2,2734.9234534372754
2025-06-20,Pavement,Road,m2,3531.276542454966
2025-05-12,Foundation pouring,Building,m3,1847.2804463532145
2025-08-10,Laying steel rail,Railway,m,4592.2422032358045
2025-10-24,Terrain leveling,Building,m3,1543.8044088916497
2025-05-15,Pavement,Road,m2,155.14449484098802
2025-08-12,Walling,Building,m2,4340.452488780209
2025-10-09,Pavement,Road,m2,4096.2407885540615
2025-07-07,Laying steel rail,Railway,m,1869.165806369718
2025-09-12,Laying steel rail,Railway,m,4830.397597739036
2025-05-24,Pavement,Road,m2,4684.871817398314
2025-08-17,Coat preparation,Road,L,1931.7240204552772
2025-11-23,Removing trees,Building,m2,3076.460011419866
2025-10-21,Laying steel rail,Railway,m,2068.1013397571746
2025-12-27,Pavement,Road,m2,2351.042807436454
2025-08-24,Subbase application,Road,m2,2491.2723784525697
2025-09-05,Terrain leveling,Building,m3,2211.8823927372355
2025-11-16,Anchorage,Railway,m2,3555.7509872056007
2025-09-03,Foundation pouring,Building,m3,3205.7118957864304
2025-11-22,Cement making,Building,m3,1416.427692701488
2025-09-17,Subbase application,Road,m2,3330.4810627067204
2025-11-05,Ballast,Railway,m3,1286.7094915353978
2025-11-23,Ballast,Railway,m3,2997.3415132826344
2025-05-14,Removing trees,Building,m2,2833.588213055186
2025-11-01,Removing trees,Building,m2,4780.3762112564555
2025-09-03,Pavement,Road,m2,397.27302070175386
2025-02-28,Terrain leveling,Building,m3,85.45932182706994
2025-09-27,Removing trees,Building,m2,1501.9227345824593
2025-03-31,Coat preparation,Road,L,4768.863317475734
2025-07-21,Walling,Building,m2,368.43767386532164
2025-12-12,Anchorage,Railway,m2,251.8640360112373
2025-02-10,Rolling/Tractor,Road,m2,944.9277765324399
2025-05-14,Anchorage,Railway,m2,1146.5271890592298
2025-09-02,Laying steel rail,Railway,m,3976.979655664648
2025-06-28,Coat preparation,Road,L,1338.8963030123118
2025-09-15,Foundation pouring,Building,m3,4286.668009359552
2025-04-16,Rolling/Tractor,Road,m2,1799.5958189328514
2025-03-25,Removing trees,Building,m2,201.75346774901237
2025-10-14,Terrain leveling,Building,m3,2710.9608371925115
2025-02-07,Iron mining,Railway,m3,3756.9010577511976
2025-11-09,Walling,Building,m2,2338.612300727336
2025-04-28,Ballast,Railway,m3,206.14630240238853
2025-05-25,Cement making,Building,m3,4130.211202269473
2025-08-03,Foundation pouring,Building,m3,2666.205025028644
2025-01-04,Terrain leveling,Building,m3,2913.1077802379605
2025-06-24,Anchorage,Railway,m2,4526.420496872914
2025-05-30,Foundation pouring,Building,m3,575.7849549364586
2025-01-13,Laying steel rail,Railway,m,82.88873939550301
2025-07-05,Ballast,Railway,m3,967.3078353009706
2025-04-24,Pavement,Road,m2,4698.21390672311
2025-07-10,Iron mining,Railway,m3,3818.205799510284
2025-07-02,Removing trees,Building,m2,3467.8805755485578
2025-02-18,Pavement,Road,m2,1581.0060731981923
2025-12-24,Walling,Building,m2,3749.754479953522
2025-09-04,Anchorage,Railway,m2,3186.542683427627
2025-07-06,Removing trees,Building,m2,3141.9548271026993
2025-04-09,Laying steel rail,Railway,m,1712.592708817487
2025-10-03,Pavement,Road,m2,2280.3885799824625
2025-06-04,Laying steel rail,Railway,m,1935.6448620909262
2025-10-30,Laying steel rail,Railway,m,4671.567976347455
2025-05-12,Ballast,Railway,m3,4177.823721168768
2025-01-19,Terrain leveling,Building,m3,226.80840967246095
2025-04-30,Removing trees,Building,m2,1934.2475654576635
2025-01-03,Laying steel rail,Railway,m,1065.2435102561485
2025-12-03,Laying steel rail,Railway,m,1558.2713660341851
2025-12-19,Walling,Building,m2,3896.9036298681003
2025-10-08,Coat preparation,Road,L,3051.9688076675393
2025-01-21,Removing trees,Building,m2,1071.8554913120715
2025-09-24,Pavement,Road,m2,4437.496608023953
2025-05-03,Ballast,Railway,m3,3422.4538581876163
2025-02-25,Coat preparation,Road,L,4624.195659532861
2025-11-01,Foundation pouring,Building,m3,2865.3267747900973
2025-07-20,Removing trees,Building,m2,2410.8346100980616
2025-10-04,Removing trees,Building,m2,2446.9129383720324
2025-12-11,Rolling/Tractor,Road,m2,4718.585344175116
2025-09-12,Rolling/Tractor,Road,m2,3987.1710886317655
2025-01-30,Terrain leveling,Building,m3,206.28898644839467
2025-04-10,Pavement,Road,m2,4623.32922762957
2025-02-28,Ballast,Railway,m3,3615.3794657139356
2025-04-03,Coat preparation,Road,L,3598.9728832673795
2025-01-08,Iron mining,Railway,m3,4989.378356679548
2025-06-20,Removing trees,Building,m2,349.98450301652605
2025-08-06,Walling,Building,m2,945.9619507485895
2025-12-24,Foundation pouring,Building,m3,1871.3117129203715
2025-10-28,Laying steel rail,Railway,m,4503.884364112064
2025-01-30,Foundation pouring,Building,m3,2117.6204182009824
2025-12-03,Rolling/Tractor,Road,m2,1310.0620852968486
2025-08-08,Iron mining,Railway,m3,3703.8038444603303
2025-06-30,Foundation pouring,Building,m3,4123.297496493148
2025-03-19,Coat preparation,Road,L,2882.163423060551
2025-10-25,Terrain leveling,Building,m3,911.7353450843235
2025-12-04,Foundation pouring,Building,m3,4932.846024723286
2025-09-24,Pavement,Road,m2,4154.362537243584
2025-06-04,Walling,Building,m2,4010.6472282326567
2025-05-24,Subbase application,Road,m2,2817.7277691461304
2025-02-12,Ballast,Railway,m3,3739.3109818672165
2025-02-12,Foundation pouring,Building,m3,1844.474899974915
2025-01-22,Foundation pouring,Building,m3,2575.5709488311777
2025-01-09,Coat preparation,Road,L,849.0582736918212
2025-12-12,Ballast,Railway,m3,3117.859800661158
2025-05-05,Laying steel rail,Railway,m,498.78028148773626
2025-02-06,Iron mining,Railway,m3,2094.2194314449116
2025-11-05,Ballast,Railway,m3,1867.6292749495183
2025-11-14,Removing trees,Building,m2,2012.6969096590774
2025-03-31,Anchorage,Railway,m2,910.683753868039
2025-01-30,Iron mining,Railway,m3,1224.5118933920608
2025-09-17,Terrain leveling,Building,m3,3314.401744937703
2025-03-15,Removing trees,Building,m2,3061.5120139950554
2025-04-04,Ballast,Railway,m3,2951.074271640666
2025-04-04,Subbase application,Road,m2,1437.7353614802507
2025-11-15,Subbase application,Road,m2,2294.149641068566
2025-12-01,Pavement,Road,m2,3820.0129137305744
2025-01-20,Ballast,Railway,m3,2646.9216616116864
2025-07-07,Pavement,Road,m2,2291.0554228185865
2025-08-30,Removing trees,Building,m2,4284.03166297435
2025-03-19,Anchorage,Railway,m2,863.8709006231649
2025-06-20,Terrain leveling,Building,m3,2409.0068321395142
2025-02-11,Anchorage,Railway,m2,1618.988923359831
2025-06-08,Anchorage,Railway,m2,3669.198387472131
2025-08-17,Iron mining,Railway,m3,2283.0610521781164
2025-04-18,Rolling/Tractor,Road,m2,4241.395926630139
2025-07-04,Ballast,Railway,m3,2753.0605184634464
2025-03-29,Pavement,Road,m2,4778.378094213999
2025-08-09,Iron mining,Railway,m3,3795.498291064237
2025-05-24,Rolling/Tractor,Road,m2,2781.8703704380728
2025-02-19,Rolling/Tractor,Road,m2,1762.6548444445589
2025-06-11,Subbase application,Road,m2,905.8591926338416
2025-09-29,Rolling/Tractor,Road,m2,2012.5281474866185
2025-07-02,Ballast,Railway,m3,1882.8784876702791
2025-02-03,Ballast,Railway,m3,4687.614070461544
2025-11-17,Ballast,Railway,m3,4963.517428292265
2025-11-21,Removing trees,Building,m2,288.25169970233986
2025-05-02,Removing trees,Building,m2,146.67224998520578
2025-02-11,Rolling/Tractor,Road,m2,2804.4217725907224
2025-06-18,Subbase application,Road,m2,3907.509615673987
2025-10-12,Ballast,Railway,m3,3077.8225121171854
2025-01-04,Subbase application,Road,m2,2376.1491429735142
2025-06-23,Pavement,Road,m2,3132.850101890265
2025-12-16,Anchorage,Railway,m2,4928.983541766422
2025-08-19,Iron mining,Railway,m3,3816.771967560393
2025-06-26,Iron mining,Railway,m3,294.51591768471286
2025-08-28,Terrain leveling,Building,m3,1648.7399420900351
2025-05-14,Laying steel rail,Railway,m,4586.630024385646
2025-08-03,Removing trees,Building,m2,4014.080244500943
2025-07-08,Rolling/Tractor,Road,m2,2122.2457932005036
2025-10-04,Laying steel rail,Railway,m,3021.118865145002
2025-07-23,Terrain leveling,Building,m3,2591.1296048498184
2025-07-14,Coat preparation,Road,L,2526.1260616357567
2025-10-13,Walling,Building,m2,1678.9002288178879
2025-01-05,Pavement,Road,m2,3138.154244429797
2025-02-15,Ballast,Railway,m3,4827.522335678413
2025-05-13,Terrain leveling,Building,m3,3846.8114528435785
2025-02-06,Foundation pouring,Building,m3,3600.240749676716
2025-07-26,Coat preparation,Road,L,4226.475464785939
2025-11-05,Ballast,Railway,m3,421.2574217387288
2025-03-03,Foundation pouring,Building,m3,2711.07301332987
2025-02-18,Cement making,Building,m3,2027.6527470545657
2025-03-18,Subbase application,Road,m2,2002.1898342449952
2025-01-24,Walling,Building,m2,217.15442522791227
2025-05-29,Coat preparation,Road,L,4364.653430010321
2025-11-06,Rolling/Tractor,Road,m2,737.2616516126584
2025-05-06,Anchorage,Railway,m2,19.455221046966177
2025-02-11,Ballast,Railway,m3,3947.7335979001323
2025-06-11,Anchorage,Railway,m2,502.4225617522915
2025-10-24,Walling,Building,m2,3130.217137141648
2025-12-28,Coat preparation,Road,L,3203.7604741986725
2025-03-20,Coat preparation,Road,L,618.3528617741324
2025-04-30,Subbase application,Road,m2,120.70132316044146
2025-08-13,Anchorage,Railway,m2,803.4757780964947
2025-04-07,Laying steel rail,Railway,m,472.1063595853103
2025-08-30,Anchorage,Railway,m2,1231.311324774753
2025-01-08,Laying steel rail,Railway,m,2365.9544471782524
2025-03-21,Ballast,Railway,m3,4562.014488461331
2025-12-28,Laying steel rail,Railway,m,351.0665628979004
2025-08-24,Rolling/Tractor,Road,m2,4909.558817028403
2025-08-02,Cement making,Building,m3,4892.884103711967
2025-06-24,Walling,Building,m2,1718.7561122483703
2025-12-06,Iron mining,Railway,m3,3606.2468318808205
2025-02-12,Anchorage,Railway,m2,3762.8762184471097
2025-04-07,Ballast,Railway,m3,1269.3681812103869
2025-01-23,Laying steel rail,Railway,m,3357.5941049409575
2025-02-04,Anchorage,Railway,m2,3092.9535338694063
2025-11-17,Terrain leveling,Building,m3,3465.3682047571892
2025-07-08,Coat preparation,Road,L,4583.854183384411
2025-11-29,Anchorage,Railway,m2,4907.748874656741
2025-05-25,Laying steel rail,Railway,m,3327.915516587359
2025-10-09,Rolling/Tractor,Road,m2,482.83593405946846
2025-06-18,Foundation pouring,Building,m3,1622.7300095779517
2025-10-19,Ballast,Railway,m3,2894.297064026703
2025-01-03,Walling,Building,m2,665.6983520131548
2025-10-05,Anchorage,Railway,m2,3202.0751840864004
2025-04-10,Pavement,Road,m2,2790.8603817982635
2025-11-13,Subbase application,Road,m2,90.06032469247805
2025-02-24,Ballast,Railway,m3,4440.985984602652
2025-02-27,Laying steel rail,Railway,m,2871.370763175645
2025-05-13,Removing trees,Building,m2,2347.8888685280617
2025-12-09,Laying steel rail,Railway,m,498.1462548107535
2025-06-12,Ballast,Railway,m3,9.192597636660803
2025-06-05,Iron mining,Railway,m3,1262.4352749698837
2025-04-08,Pavement,Road,m2,1526.0724051145353
2025-02-06,Walling,Building,m2,4642.281988027498
2025-02-08,Walling,Building,m2,1282.9115507900297
2025-11-12,Coat preparation,Road,L,308.76549466511193
2025-04-20,Removing trees,Building,m2,3682.326821396446
2025-05-11,Walling,Building,m2,4533.686160771299
2025-06-19,Coat preparation,Road,L,3120.491093834136
2025-03-19,Subbase application,Road,m2,4663.869493292882
2025-02-13,Iron mining,Railway,m3,817.8261314111618
2025-07-08,Pavement,Road,m2,1418.573114782079
2025-09-30,Iron mining,Railway,m3,2775.570502923562
2025-05-02,Terrain leveling,Building,m3,1155.0397090604386
2025-06-12,Foundation pouring,Building,m3,4572.91544103614
2025-11-25,Pavement,Road,m2,2989.4879971130445
2025-10-12,Removing trees,Building,m2,4562.696169188069
2025-08-24,Foundation pouring,Building,m3,4484.327131911551
2025-02-24,Laying steel rail,Railway,m,2173.257005462793
2025-06-25,Coat preparation,Road,L,166.51904233985437
2025-12-06,Cement making,Building,m3,2934.179746502288
2025-02-18,Anchorage,Railway,m2,1248.0972712462578
2025-12-10,Foundation pouring,Building,m3,3765.04522656643
2025-11-23,Removing trees,Building,m2,1821.0403016708121
2025-03-24,Coat preparation,Road,L,1297.1437920954227
2025-11-21,Rolling/Tractor,Road,m2,4410.025205085128
2025-11-29,Removing trees,Building,m2,2132.7925150014094
2025-03-03,Coat preparation,Road,L,3924.9835594495157
2025-01-18,Pavement,Road,m2,2127.2469108450287
2025-12-08,Walling,Building,m2,2769.6120051682888
2025-12-22,Iron mining,Railway,m3,3942.5968751643654
2025-04-10,Removing trees,Building,m2,2562.744202895523
2025-08-07,Terrain leveling,Building,m3,3256.8623019954052
2025-03-29,Removing trees,Building,m2,4719.285349098604
2025-05-15,Iron mining,Railway,m3,3396.971013871387
2025-07-04,Pavement,Road,m2,3040.675994561865
2025-06-27,Walling,Building,m2,630.5277767540802
2025-04-26,Terrain leveling,Building,m3,2677.868564534147
2025-01-09,Ballast,Railway,m3,4524.224663857902
2025-06-11,Walling,Building,m2,4970.730446399986
2025-08-07,Coat preparation,Road,L,4329.271873699041
2025-07-17,Anchorage,Railway,m2,4026.684073117034
2025-08-11,Cement making,Building,m3,2256.0552937061516
2025-05-01,Ballast,Railway,m3,690.1490761115708
2025-09-08,Terrain leveling,Building,m3,2267.959853470232
2025-10-27,Anchorage,Railway,m2,1156.7783516680197
2025-11-03,Subbase application,Road,m2,4971.418489615907
2025-03-27,Coat preparation,Road,L,1708.2184839179865
2025-07-23,Removing trees,Building,m2,4666.093614705265
2025-09-27,Iron mining,Railway,m3,2361.738307909317
2025-04-23,Ballast,Railway,m3,2302.9110380135626
2025-09-06,Ballast,Railway,m3,43.948399451005926
2025-02-27,Foundation pouring,Building,m3,2182.5385554254744
2025-04-04,Terrain leveling,Building,m3,1780.2884181567413
2025-12-26,Iron mining,Railway,m3,1713.8153814876534
2025-05-16,Coat preparation,Road,L,3335.136010005683
2025-03-11,Pavement,Road,m2,1488.4362454392424
2025-10-08,Rolling/Tractor,Road,m2,406.34225824128345
2025-04-04,Cement making,Building,m3,659.6180015036301
2025-06-27,Removing trees,Building,m2,4459.631001008719
2025-03-23,Anchorage,Railway,m2,4030.107439815204
2025-12-02,Walling,Building,m2,1341.4014485629066
2025-10-19,Walling,Building,m2,3047.227517374743
2025-05-30,Pavement,Road,m2,3113.7166798885146
2025-08-01,Ballast,Railway,m3,1805.030491643434
2025-07-20,Walling,Building,m2,965.1761282185329
2025-09-10,Iron mining,Railway,m3,4198.282893705718
2025-12-21,Subbase application,Road,m2,3340.3734645979866
2025-06-18,Cement making,Building,m3,3139.0286202201446
2025-04-21,Foundation pouring,Building,m3,3545.0271822812592
2025-04-11,Walling,Building,m2,2609.856925888755
2025-02-09,Iron mining,Railway,m3,2391.7966662097074
2025-02-18,Foundation pouring,Building,m3,1711.578729075182
2025-11-23,Removing trees,Building,m2,4993.304029230445
2025-04-18,Anchorage,Railway,m2,4486.52236850237
2025-07-29,Removing trees,Building,m2,2545.88530956156
2025-01-19,Foundation pouring,Building,m3,3428.7035134481976
2025-06-23,Rolling/Tractor,Road,m2,2013.8828160204314
2025-03-13,Anchorage,Railway,m2,3292.164464671106
2025-07-25,Ballast,Railway,m3,3575.5270057726134
2025-02-26,Laying steel rail,Railway,m,3189.1888549013497
2025-06-17,Removing trees,Building,m2,755.1816770287189
2025-12-11,Iron mining,Railway,m3,1438.0855084088496
2025-03-21,Laying steel rail,Railway,m,4492.350209093529
2025-06-11,Cement making,Building,m3,2129.913275829006
2025-03-09,Foundation pouring,Building,m3,4306.661214617271
2025-06-11,Walling,Building,m2,4685.862696834861
2025-09-14,Terrain leveling,Building,m3,3953.2211646871774
2025-05-04,Coat preparation,Road,L,569.862868923105
2025-02-04,Foundation pouring,Building,m3,939.2901817634774
2025-10-18,Walling,Building,m2,1899.0840189610187
2025-03-08,Terrain leveling,Building,m3,4328.110155125055
2025-03-02,Subbase application,Road,m2,2599.945472599846
2025-05-29,Laying steel rail,Railway,m,4897.686447069678
2025-06-03,Pavement,Road,m2,3427.500741192726
2025-11-23,Laying steel rail,Railway,m,4882.0570454398485
2025-05-05,Pavement,Road,m2,87.00500394917043
2025-04-05,Coat preparation,Road,L,3802.617617844485
2025-02-18,Walling,Building,m2,650.2994102819326
2025-12-27,Laying steel rail,Railway,m,4821.814484815551
2025-08-21,Pavement,Road,m2,1775.4781620078752
2025-10-18,Terrain leveling,Building,m3,1317.2743206551868
2025-11-15,Laying steel rail,Railway,m,2042.11053166645
2025-10-05,Cement making,Building,m3,2099.351485939813
2025-02-26,Anchorage,Railway,m2,2178.922831429962
2025-04-28,Laying steel rail,Railway,m,669.2036716221322
2025-01-21,Pavement,Road,m2,2556.034971407844
2025-12-23,Foundation pouring,Building,m3,3849.7495928412222
2025-04-03,Anchorage,Railway,m2,56.188645572516904
2025-05-24,Removing trees,Building,m2,3902.017914308975
2025-09-14,Iron mining,Railway,m3,3142.3824497831565
2025-06-28,Terrain leveling,Building,m3,4170.126138784748
2025-01-04,Rolling/Tractor,Road,m2,2463.286516947052
2025-11-23,Ballast,Railway,m3,3356.9699850783027
2025-02-01,Coat preparation,Road,L,839.9825222491536
2025-07-02,Rolling/Tractor,Road,m2,4619.070834740604
2025-03-06,Pavement,Road,m2,2662.056091729151
2025-05-31,Pavement,Road,m2,854.2152998407804
2025-06-16,Anchorage,Railway,m2,2088.8398029067266
2025-03-24,Removing trees,Building,m2,2332.6839356389637
2025-01-03,Walling,Building,m2,3550.5167086910615
2025-07-29,Coat preparation,Road,L,1357.051232751469
2025-02-01,Removing trees,Building,m2,2718.571935031513
2025-12-06,Rolling/Tractor,Road,m2,13.653302325780658
2025-08-08,Anchorage,Railway,m2,2757.3269606785143
2025-02-03,Removing trees,Building,m2,1559.6600109579545
2025-08-08,Walling,Building,m2,2466.480596397512
2025-04-29,Anchorage,Railway,m2,1253.9141681503556
2025-09-25,Cement making,Building,m3,1114.0694745249664
2025-09-07,Pavement,Road,m2,4839.848320740322
2025-03-05,Pavement,Road,m2,4872.27188272359
2025-12-10,Rolling/Tractor,Road,m2,3699.2808530034545
2025-05-26,Terrain leveling,Building,m3,2884.1114318346117
2025-10-24,Laying steel rail,Railway,m,2363.011560432851
2025-10-23,Walling,Building,m2,4983.354843002675
2025-07-17,Foundation pouring,Building,m3,1456.0460981042017
2025-06-29,Subbase application,Road,m2,3885.586870867867
2025-12-04,Coat preparation,Road,L,812.0213899664003
2025-07-10,Removing trees,Building,m2,2485.311631688959
2025-09-07,Ballast,Railway,m3,1874.8930169938865
2025-05-15,Laying steel rail,Railway,m,2498.580096971664
2025-01-23,Iron mining,Railway,m3,249.96518702435688
2025-10-20,Anchorage,Railway,m2,1646.5475340510966
2025-06-13,Foundation pouring,Building,m3,426.5673773537826
2025-12-18,Laying steel rail,Railway,m,3492.881968778154
2025-01-17,Laying steel rail,Railway,m,998.641144066491
2025-03-13,Walling,Building,m2,1834.2915537576525
2025-11-04,Laying steel rail,Railway,m,806.6069663705977
2025-08-11,Cement making,Building,m3,652.7296047506281
2025-11-13,Removing trees,Building,m2,1135.4396598607914
2025-07-10,Laying steel rail,Railway,m,3321.034211903524
2025-09-04,Foundation pouring,Building,m3,673.0302822168094
2025-06-07,Laying steel rail,Railway,m,1308.7269577240052
2025-11-08,Iron mining,Railway,m3,1274.71823300493
2025-06-02,Walling,Building,m2,2656.1516161613013
2025-09-27,Foundation pouring,Building,m3,1531.2348032082034
2025-08-27,Iron mining,Railway,m3,4114.685886426473
2025-11-09,Terrain leveling,Building,m3,707.0028806875283
2025-09-05,Walling,Building,m2,26.879603508028204
2025-09-23,Iron mining,Railway,m3,4234.459248909905
2025-11-03,Ballast,Railway,m3,728.4136367078925
2025-04-26,Foundation pouring,Building,m3,3720.328355959809
2025-12-09,Terrain leveling,Building,m3,2775.966679367387
2025-11-27,Ballast,Railway,m3,4366.013462519979
2025-05-22,Anchorage,Railway,m2,2470.5135366580357
2025-01-08,Cement making,Building,m3,2022.7512432130345
2025-11-29,Laying steel rail,Railway,m,4580.246589787587
2025-07-02,Rolling/Tractor,Road,m2,4411.083198997868
2025-05-14,Anchorage,Railway,m2,4544.05413092208
2025-05-31,Pavement,Road,m2,3623.552255779674
2025-06-01,Terrain leveling,Building,m3,3725.037302462986
2025-11-05,Rolling/Tractor,Road,m2,2111.267524525434
2025-12-05,Pavement,Road,m2,3000.500463509369
2025-10-16,Iron mining,Railway,m3,312.8649859011734
2025-02-19,Iron mining,Railway,m3,1433.6858589511337
2025-09-25,Terrain leveling,Building,m3,1724.1083393512529
2025-03-31,Pavement,Road,m2,3333.591627889509
2025-02-12,Foundation pouring,Building,m3,5.449944945352114
2025-11-16,Walling,Building,m2,2329.7441783183813
2025-11-05,Removing trees,Building,m2,2082.7226417114275
2025-12-21,Ballast,Railway,m3,4372.886344311519
2025-03-07,Walling,Building,m2,1684.0556092021868
2025-10-19,Foundation pouring,Building,m3,3821.172885155545
2025-01-15,Coat preparation,Road,L,2367.251535574797
2025-01-11,Removing trees,Building,m2,2032.4885614851446
2025-08-22,Subbase application,Road,m2,4491.286658952854
2025-10-30,Removing trees,Building,m2,4501.636127526713
2025-02-19,Rolling/Tractor,Road,m2,3360.1882733522675
2025-04-10,Rolling/Tractor,Road,m2,4448.003442680092
2025-11-10,Removing trees,Building,m2,3676.125619166344
2025-03-06,Laying steel rail,Railway,m,3563.3635119324863
2025-03-23,Pavement,Road,m2,3661.752662862169
2025-07-21,Iron mining,Railway,m3,3106.062745597318
2025-09-27,Ballast,Railway,m3,4602.230584857157
2025-06-27,Pavement,Road,m2,3709.2193635681115
2025-09-08,Pavement,Road,m2,1889.3288858155443
2025-04-04,Anchorage,Railway,m2,3735.7995527033395
2025-08-07,Coat preparation,Road,L,1869.8586428365172
2025-10-22,Anchorage,Railway,m2,4138.534372025652
2025-01-24,Foundation pouring,Building,m3,2276.5845803763477
2025-04-04,Coat preparation,Road,L,990.4384760422064
2025-11-01,Iron mining,Railway,m3,3791.740345180545
2025-02-18,Removing trees,Building,m2,2861.917175883523
2025-06-28,Cement making,Building,m3,2323.2429446185038
2025-12-18,Iron mining,Railway,m3,2299.709874709694
2025-05-22,Terrain leveling,Building,m3,2995.4587245004677
2025-10-23,Rolling/Tractor,Road,m2,3874.6790877761896
2025-09-29,Cement making,Building,m3,2225.579617398838
2025-08-12,Ballast,Railway,m3,3720.082171168424
2025-02-18,Cement making,Building,m3,1800.8608320620972
2025-10-01,Terrain leveling,Building,m3,4586.668898146667
2025-01-31,Rolling/Tractor,Road,m2,1740.5668076520253
2025-10-28,Coat preparation,Road,L,4149.848743469469
2025-02-16,Anchorage,Railway,m2,1240.7579285332904
2025-09-04,Terrain leveling,Building,m3,2368.227266012809
2025-08-05,Ballast,Railway,m3,903.1917016347757
2025-11-17,Rolling/Tractor,Road,m2,3909.891842191935
2025-02-04,Foundation pouring,Building,m3,156.6469737268339
2025-04-21,Walling,Building,m2,1127.636898637391
2025-08-28,Removing trees,Building,m2,1626.8239258712124
2025-11-22,Pavement,Road,m2,4418.4882740099765
2025-10-17,Ballast,Railway,m3,708.4108716462783
2025-09-02,Rolling/Tractor,Road,m2,4484.856225755989
2025-11-13,Removing trees,Building,m2,2670.6120865945572
2025-05-24,Pavement,Road,m2,2509.8075422595757
2025-11-15,Walling,Building,m2,3887.9338418865855
2025-04-17,Cement making,Building,m3,1349.4899757171409
2025-02-04,Foundation pouring,Building,m3,755.7374666980427
2025-08-16,Pavement,Road,m2,860.7940635878175
2025-05-22,Terrain leveling,Building,m3,3221.294080926855
2025-02-05,Ballast,Railway,m3,2547.863478521163
2025-09-15,Walling,Building,m2,753.9579201977475
2025-01-22,Cement making,Building,m3,4999.913910673631
2025-08-21,Subbase application,Road,m2,1782.6705587356346
2025-08-06,Walling,Building,m2,3574.7320815743146
2025-08-09,Walling,Building,m2,2857.224046973152
2025-04-22,Cement making,Building,m3,2473.7852757679148
2025-01-31,Subbase application,Road,m2,1925.330849395507
2025-11-30,Iron mining,Railway,m3,3569.5693407367435
2025-06-30,Cement making,Building,m3,4466.252095807646
2025-11-13,Walling,Building,m2,944.0005084125557
2025-10-07,Terrain leveling,Building,m3,3761.0396531557526
2025-08-14,Coat preparation,Road,L,4235.545688562789
2025-12-26,Terrain leveling,Building,m3,4208.789931704772
2025-09-01,Removing trees,Building,m2,4276.488611853697
2025-06-03,Iron mining,Railway,m3,2388.9581071069565
2025-07-27,Coat preparation,Road,L,4631.217660808969
2025-04-04,Walling,Building,m2,14.914037624197963
2025-07-18,Anchorage,Railway,m2,4069.5518436912344
2025-06-29,Coat preparation,Road,L,188.57690335498444
2025-03-22,Laying steel rail,Railway,m,3570.617715473022
2025-08-04,Coat preparation,Road,L,2537.0457090712666
2025-05-18,Cement making,Building,m3,3544.2557680450805
2025-06-20,Rolling/Tractor,Road,m2,4148.455420727951
2025-12-05,Iron mining,Railway,m3,766.8441521081476
2025-10-26,Terrain leveling,Building,m3,4406.478706803633
2025-08-06,Foundation pouring,Building,m3,1292.1334915010207
2025-06-02,Coat preparation,Road,L,4203.514246877383
2025-01-28,Subbase application,Road,m2,847.4170672886871
2025-06-28,Rolling/Tractor,Road,m2,4866.059568579467
2025-05-06,Ballast,Railway,m3,4040.211164106742
2025-03-19,Rolling/Tractor,Road,m2,1898.3552845750285
2025-10-12,Iron mining,Railway,m3,956.5804261669803
2025-11-29,Laying steel rail,Railway,m,3210.26411353187
2025-06-20,Rolling/Tractor,Road,m2,352.1444549865327
2025-11-27,Anchorage,Railway,m2,4382.561279495776
2025-05-08,Laying steel rail,Railway,m,2840.3926370908166
2025-07-03,Rolling/Tractor,Road,m2,3199.267837791379
2025-02-15,Terrain leveling,Building,m3,1036.8003242343011
2025-09-15,Cement making,Building,m3,1776.151277018852
2025-04-01,Anchorage,Railway,m2,4084.863552641669
2025-05-16,Iron mining,Railway,m3,4192.704286143951
2025-07-08,Pavement,Road,m2,1981.903401945223
2025-06-02,Removing trees,Building,m2,1319.3460985325312
2025-11-12,Laying steel rail,Railway,m,545.5607119037093
2025-01-18,Cement making,Building,m3,3171.6618241872834
2025-10-21,Terrain leveling,Building,m3,1170.4070742582912
2025-09-03,Walling,Building,m2,4440.525517665551
2025-01-02,Cement making,Building,m3,2969.0180109806997
2025-02-14,Foundation pouring,Building,m3,84.06883933330556
2025-01-08,Removing trees,Building,m2,3771.0388870538013
2025-02-17,Iron mining,Railway,m3,2939.7331355358697
2025-02-10,Foundation pouring,Building,m3,361.949848833612
2025-12-02,Pavement,Road,m2,2058.9681647145617
2025-02-27,Walling,Building,m2,2422.0079614697083
2025-08-06,Pavement,Road,m2,2892.3127815326297
2025-04-14,Pavement,Road,m2,813.681015191986
2025-09-11,Rolling/Tractor,Road,m2,4989.285161220525
2025-06-09,Laying steel rail,Railway,m,4148.1509323372175
2025-07-20,Ballast,Railway,m3,4628.237951545726
2025-10-19,Subbase application,Road,m2,2220.373020111199
2025-07-29,Foundation pouring,Building,m3,3780.5434059709196
2025-12-11,Ballast,Railway,m3,766.8338120934415
2025-07-13,Anchorage,Railway,m2,4237.419390121513
2025-12-23,Removing trees,Building,m2,696.5378903887575
2025-05-12,Removing trees,Building,m2,204.58462209579142
2025-08-15,Anchorage,Railway,m2,1146.7135921965294
2025-12-02,Coat preparation,Road,L,1489.7560065773553
2025-11-20,Removing trees,Building,m2,3389.994460089505
2025-06-01,Subbase application,Road,m2,4782.701097905529
2025-09-24,Terrain leveling,Building,m3,1286.005454335961
2025-02-18,Laying steel rail,Railway,m,840.917253089426
2025-04-25,Removing trees,Building,m2,4940.838519757783
2025-02-20,Foundation pouring,Building,m3,1451.689532409773
2025-09-27,Anchorage,Railway,m2,1873.1870303513692
2025-07-19,Pavement,Road,m2,1320.8257863386286
2025-02-12,Foundation pouring,Building,m3,2943.161050061246
2025-03-11,Removing trees,Building,m2,939.1885104551611
2025-06-13,Ballast,Railway,m3,2783.1140063213184
2025-08-24,Iron mining,Railway,m3,2571.530696134949
2025-11-24,Anchorage,Railway,m2,2480.160832825144
2025-04-25,Terrain leveling,Building,m3,791.2602784232914
2025-01-17,Rolling/Tractor,Road,m2,4845.307356655914
2025-06-12,Foundation pouring,Building,m3,3114.644154625971
2025-08-04,Laying steel rail,Railway,m,3108.9666797755626
2025-07-31,Subbase application,Road,m2,1855.5338264491445
2025-09-04,Removing trees,Building,m2,1198.7132411295597
2025-11-12,Walling,Building,m2,3085.7349214309165
2025-03-27,Pavement,Road,m2,3570.8926144334864
2025-03-23,Iron mining,Railway,m3,2727.32193354087
2025-10-18,Coat preparation,Road,L,3618.5244275247046
2025-11-28,Pavement,Road,m2,2174.053085069092
2025-12-24,Walling,Building,m2,4996.018415689731
2025-06-07,Walling,Building,m2,213.9820750402094
2025-05-31,Subbase application,Road,m2,3365.693645940659
2025-04-13,Walling,Building,m2,4350.68533809383
2025-10-29,Anchorage,Railway,m2,2457.8992071807843
2025-05-16,Cement making,Building,m3,264.3883953810516
2025-12-25,Cement making,Building,m3,1368.5542560524084
2025-11-21,Subbase application,Road,m2,4156.715901439788
2025-04-06,Anchorage,Railway,m2,2414.872281536537
2025-05-03,Walling,Building,m2,45.73674744024147
2025-08-16,Subbase application,Road,m2,3898.5068423380512
2025-12-07,Walling,Building,m2,4855.196124735711
2025-08-03,Anchorage,Railway,m2,4848.845294743588
2025-03-11,Coat preparation,Road,L,2929.0029368266773
2025-08-03,Cement making,Building,m3,2348.0167943573942
2025-04-10,Cement making,Building,m3,1626.7024409652774
2025-02-22,Coat preparation,Road,L,3780.609232129287
2025-06-21,Anchorage,Railway,m2,4067.2291217612064
2025-01-29,Cement making,Building,m3,4259.207712347799
2025-09-28,Laying steel rail,Railway,m,3207.9865537824166
2025-03-05,Pavement,Road,m2,3302.6414308257586
2025-01-10,Subbase application,Road,m2,17.41400341896904
2025-08-06,Iron mining,Railway,m3,2385.125771486128
2025-06-11,Anchorage,Railway,m2,2936.7020521723243
2025-08-10,Coat preparation,Road,L,3326.0183436742086
2025-11-28,Iron mining,Railway,m3,1467.1308603828593
2025-01-26,Iron mining,Railway,m3,4293.285616729386
2025-03-29,Cement making,Building,m3,72.41459444433163
2025-05-10,Foundation pouring,Building,m3,4887.481601257592
2025-02-07,Terrain leveling,Building,m3,3581.1054806147304
2025-01-06,Ballast,Railway,m3,1842.4025787540543
2025-10-19,Subbase application,Road,m2,4515.0821653219555
2025-03-12,Ballast,Railway,m3,4105.856646672193
2025-10-21,Coat preparation,Road,L,3780.830453784283
2025-02-14,Terrain leveling,Building,m3,2778.2508207483693
2025-01-05,Terrain leveling,Building,m3,2636.9159142415206
2025-09-09,Subbase application,Road,m2,1713.9428937682737
2025-08-06,Cement making,Building,m3,1911.8991084305226
2025-06-29,Terrain leveling,Building,m3,703.3782409038619
2025-01-07,Laying steel rail,Railway,m,3882.0119802604036
2025-11-30,Walling,Building,m2,1522.655269635766
2025-02-18,Rolling/Tractor,Road,m2,2739.0918682285874
2025-10-12,Terrain leveling,Building,m3,4777.946582624328
2025-05-03,Rolling/Tractor,Road,m2,2070.3668646466913
2025-01-06,Walling,Building,m2,1198.613972738502
2025-01-29,Terrain leveling,Building,m3,538.3485277634542
2025-06-10,Iron mining,Railway,m3,1705.2569178200156
2025-03-11,Anchorage,Railway,m2,1968.8700900802503
2025-01-07,Walling,Building,m2,2354.538451229708
2025-12-15,Pavement,Road,m2,227.61392232816536
2025-01-16,Iron mining,Railway,m3,4845.554994288165
2025-09-27,Cement making,Building,m3,661.5910981170631
2025-07-01,Laying steel rail,Railway,m,4163.722874662668
2025-11-08,Rolling/Tractor,Road,m2,3995.143716246612
2025-09-02,Terrain leveling,Building,m3,3685.5067260668834
2025-04-28,Cement making,Building,m3,4565.154654094828
2025-11-16,Rolling/Tractor,Road,m2,515.5262439011876
2025-05-23,Anchorage,Railway,m2,1744.209457684977
2025-01-17,Rolling/Tractor,Road,m2,1368.2652787557936
2025-06-27,Subbase application,Road,m2,1592.2276942733472
2025-05-22,Laying steel rail,Railway,m,128.23182745582028
2025-02-25,Laying steel rail,Railway,m,2877.244739135244
2025-12-06,Foundation pouring,Building,m3,3560.3477859635714
2025-08-22,Foundation pouring,Building,m3,3967.1137836798766
2025-11-06,Cement making,Building,m3,2028.7889194710685
2025-08-22,Pavement,Road,m2,990.322940391975
2025-02-10,Ballast,Railway,m3,3596.5734160632073
2025-03-27,Pavement,Road,m2,542.179809197571
2025-08-04,Ballast,Railway,m3,395.8678584483638
2025-12-23,Subbase application,Road,m2,1940.4625672533377
2025-12-08,Rolling/Tractor,Road,m2,1603.105853913095
2025-09-20,Walling,Building,m2,3152.317101418377
2025-10-13,Pavement,Road,m2,2943.32118029031
2025-11-22,Anchorage,Railway,m2,4483.604329244345
2025-03-18,Iron mining,Railway,m3,4151.182360863506
2025-05-17,Removing trees,Building,m2,4576.8625824247265
2025-09-26,Pavement,Road,m2,795.558421572724
2025-03-27,Terrain leveling,Building,m3,1260.2068933250748
2025-09-12,Coat preparation,Road,L,940.4002908590031
2025-06-20,Foundation pouring,Building,m3,1054.385503803233
2025-07-07,Removing trees,Building,m2,174.5064588602263
2025-12-02,Subbase application,Road,m2,1328.260492402782
2025-06-06,Rolling/Tractor,Road,m2,1050.4702707676915
2025-10-16,Terrain leveling,Building,m3,15.469501864492363
2025-05-29,Walling,Building,m2,2179.7408458378536
2025-05-20,Cement making,Building,m3,3710.118884985335
2025-04-10,Foundation pouring,Building,m3,3434.1358814270807
2025-05-19,Iron mining,Railway,m3,3762.097964518235
2025-08-20,Anchorage,Railway,m2,1499.0382546805197
2025-08-14,Iron mining,Railway,m3,4529.899661424591
2025-02-05,Anchorage,Railway,m2,4551.49723787556
2025-01-07,Foundation pouring,Building,m3,2229.4752534228473
2025-08-21,Iron mining,Railway,m3,3036.0133082267803
2025-09-07,Rolling/Tractor,Road,m2,3272.3084705175897
2025-04-02,Subbase application,Road,m2,367.2658017620295
2025-09-06,Terrain leveling,Building,m3,2717.095426037128
2025-04-05,Terrain leveling,Building,m3,2184.66838144192
2025-11-17,Laying steel rail,Railway,m,1491.590018140318
2025-07-18,Foundation pouring,Building,m3,347.5172347733796
2025-01-18,Walling,Building,m2,1570.5941438011228
2025-11-21,Subbase application,Road,m2,4817.597511470472
2025-12-04,Walling,Building,m2,4940.913685831438
2025-08-14,Foundation pouring,Building,m3,2601.2958839161033
2025-03-20,Anchorage,Railway,m2,2234.3984186399384
2025-08-18,Ballast,Railway,m3,1985.2511222370183
2025-07-14,Anchorage,Railway,m2,2577.8503992362025
2025-09-24,Terrain leveling,Building,m3,1914.9668477788628
2025-05-03,Iron mining,Railway,m3,877.4128310474593
2025-02-14,Cement making,Building,m3,1848.0811051093672
2025-01-05,Ballast,Railway,m3,3230.7019394984377
2025-09-30,Laying steel rail,Railway,m,1123.4981080989464
2025-03-08,Coat preparation,Road,L,4919.959609426368
2025-10-10,Iron mining,Railway,m3,2481.5508189732286
2025-03-28,Iron mining,Railway,m3,2883.291718075644
2025-03-04,Foundation pouring,Building,m3,1052.8957578236625
2025-08-30,Removing trees,Building,m2,1259.916339579515
2025-08-03,Iron mining,Railway,m3,3905.9079813861626
2025-12-17,Pavement,Road,m2,2552.431730186865
2025-09-11,Walling,Building,m2,151.8024648172306
2025-03-01,Laying steel rail,Railway,m,4809.468255701557
2025-07-27,Anchorage,Railway,m2,998.2826759724345
2025-07-13,Cement making,Building,m3,3592.6280199425673
2025-11-25,Cement making,Building,m3,1907.8116965939173
2025-11-30,Cement making,Building,m3,4111.1257589772595
2025-08-02,Subbase application,Road,m2,844.0868313141065
2025-02-25,Removing trees,Building,m2,3966.6924753927874
2025-02-02,Coat preparation,Road,L,1215.3355279952766
2025-12-17,Cement making,Building,m3,4302.625269369497
2025-11-12,Cement making,Building,m3,3577.855533287049
2025-06-28,Foundation pouring,Building,m3,568.7760310101942
2025-06-17,Iron mining,Railway,m3,26.90569513583374
2025-01-04,Coat preparation,Road,L,3545.066342494384
2025-03-30,Removing trees,Building,m2,4850.585012130201
2025-10-07,Laying steel rail,Railway,m,4077.943630764183
2025-03-19,Removing trees,Building,m2,2878.5752163813786
2025-03-26,Walling,Building,m2,2217.1093312293942
2025-08-20,Removing trees,Building,m2,741.2845643248095
2025-08-17,Pavement,Road,m2,4055.7615584245455
2025-01-19,Terrain leveling,Building,m3,4232.627633084909
2025-06-07,Terrain leveling,Building,m3,4710.285410415532
2025-12-25,Ballast,Railway,m3,2204.877329166588
2025-11-30,Foundation pouring,Building,m3,3080.4683374768106
2025-02-26,Coat preparation,Road,L,2027.0893765258606
2025-11-22,Subbase application,Road,m2,1536.4508619122037
2025-03-19,Laying steel rail,Railway,m,1016.7432866113652
2025-01-13,Iron mining,Railway,m3,4633.1525331287785
2025-05-25,Iron mining,Railway,m3,361.5806996935145
2025-03-23,Walling,Building,m2,4678.137470356285
2025-06-10,Coat preparation,Road,L,2636.11868324759
2025-10-26,Pavement,Road,m2,217.9642298217649
2025-01-19,Terrain leveling,Building,m3,3882.8282979349333
2025-11-09,Laying steel rail,Railway,m,1676.034176593924
2025-01-27,Rolling/Tractor,Road,m2,3466.2236970997687
2025-11-15,Subbase application,Road,m2,1808.7353019312363
2025-01-01,Cement making,Building,m3,2160.7036944812467
2025-04-04,Iron mining,Railway,m3,3855.05711447311
2025-10-08,Walling,Building,m2,638.4087337824607
2025-01-01,Ballast,Railway,m3,1168.4870502453687
2025-10-24,Ballast,Railway,m3,4166.938607421872
2025-07-14,Coat preparation,Road,L,1341.4444439583651
2025-10-28,Laying steel rail,Railway,m,1690.772542498513
2025-10-02,Ballast,Railway,m3,2886.155785835546
2025-09-25,Laying steel rail,Railway,m,883.7091453834278
2025-03-27,Rolling/Tractor,Road,m2,2118.0366958982445
2025-10-01,Rolling/Tractor,Road,m2,4348.617342396789
2025-06-13,Rolling/Tractor,Road,m2,3116.4672825626353
2025-12-04,Anchorage,Railway,m2,3078.06831798345
2025-01-29,Ballast,Railway,m3,4303.381601938214
2025-04-05,Subbase application,Road,m2,3044.7738398788165
2025-07-13,Coat preparation,Road,L,994.2419993769553
2025-01-09,Rolling/Tractor,Road,m2,1380.7469545331141
2025-09-25,Ballast,Railway,m3,122.5290835964249
2025-02-11,Foundation pouring,Building,m3,3842.240400135845
2025-02-18,Rolling/Tractor,Road,m2,4523.5183935642835
2025-02-10,Pavement,Road,m2,2004.1308144992747
2025-07-01,Removing trees,Building,m2,1663.356323338106
2025-08-22,Foundation pouring,Building,m3,3039.7448757218554
2025-08-18,Laying steel rail,Railway,m,2414.727201050344
2025-01-18,Rolling/Tractor,Road,m2,3724.2616613107075
2025-03-08,Terrain leveling,Building,m3,2481.9928332345594
2025-11-23,Ballast,Railway,m3,1952.7539462660293
2025-05-09,Rolling/Tractor,Road,m2,2859.7558879101684
2025-12-28,Rolling/Tractor,Road,m2,135.49803586970722
2025-12-14,Terrain leveling,Building,m3,434.38880551109395
2025-09-05,Terrain leveling,Building,m3,1168.1152398730892
2025-12-11,Anchorage,Railway,m2,4595.093261565045
2025-09-17,Iron mining,Railway,m3,664.0125485087945
2025-08-24,Ballast,Railway,m3,768.2990674328621
2025-11-24,Laying steel rail,Railway,m,1969.935250385147
2025-10-28,Subbase application,Road,m2,4807.343568607834
2025-02-18,Terrain leveling,Building,m3,4397.5893320384
2025-11-21,Removing trees,Building,m2,4510.929314241247
2025-09-28,Terrain leveling,Building,m3,627.4574264159838
2025-10-24,Iron mining,Railway,m3,2483.2523651719325
2025-05-01,Foundation pouring,Building,m3,2454.2248675108112
2025-10-12,Rolling/Tractor,Road,m2,532.2199734388622
2025-06-09,Cement making,Building,m3,2822.620293236695
2025-06-20,Rolling/Tractor,Road,m2,4697.990045018042
2025-11-22,Foundation pouring,Building,m3,2370.827112331905
2025-11-18,Pavement,Road,m2,352.2181640128236
2025-04-21,Subbase application,Road,m2,675.6385951851823
2025-09-20,Rolling/Tractor,Road,m2,2070.785475957897
2025-03-23,Anchorage,Railway,m2,1845.84114756085
2025-05-05,Removing trees,Building,m2,2793.2153431192723
2025-12-26,Anchorage,Railway,m2,3601.366057168544
2025-04-05,Coat preparation,Road,L,3196.109682764728
2025-02-24,Terrain leveling,Building,m3,4115.926471367547
2025-04-15,Laying steel rail,Railway,m,953.3044000948587
2025-09-22,Anchorage,Railway,m2,1597.360200539184
2025-09-10,Pavement,Road,m2,1281.4565411699602
2025-09-21,Rolling/Tractor,Road,m2,3286.8415728283558
2025-02-05,Laying steel rail,Railway,m,1697.737920127899
2025-06-24,Subbase application,Road,m2,526.4858322854271
2025-09-16,Foundation pouring,Building,m3,4489.3700316628465
2025-10-12,Removing trees,Building,m2,72.48823258137193
2025-02-12,Ballast,Railway,m3,2927.942391990659
2025-10-23,Laying steel rail,Railway,m,3512.5566084816
2025-07-22,Foundation pouring,Building,m3,4591.722167315738
2025-04-23,Removing trees,Building,m2,1623.6016845398738
2025-01-16,Cement making,Building,m3,1295.275432007797
2025-03-29,Cement making,Building,m3,716.9278491336556
2025-09-29,Coat preparation,Road,L,1498.342272974445
2025-05-24,Foundation pouring,Building,m3,3448.86375046737
2025-09-19,Ballast,Railway,m3,2777.5834802655563
2025-09-24,Cement making,Building,m3,1507.1201165562065
2025-06-17,Cement making,Building,m3,4019.9538412044494
2025-10-10,Subbase application,Road,m2,1846.2566526519165
2025-04-04,Terrain leveling,Building,m3,631.3480976819918
2025-11-26,Walling,Building,m2,3365.4635440694274
2025-01-29,Ballast,Railway,m3,4866.975492760637
2025-10-17,Anchorage,Railway,m2,1771.2604272920335
2025-02-22,Laying steel rail,Railway,m,4670.684307741111
2025-04-14,Anchorage,Railway,m2,816.4209271545553
2025-05-25,Subbase application,Road,m2,371.0928414571196
2025-09-22,Pavement,Road,m2,2671.0406351074294
2025-10-26,Laying steel rail,Railway,m,2606.680493919351
2025-10-22,Coat preparation,Road,L,175.65714650655428
2025-05-05,Removing trees,Building,m2,2745.6119559391527
2025-02-04,Iron mining,Railway,m3,3510.0572912038238
2025-04-21,Anchorage,Railway,m2,3306.5472261826826
2025-08-07,Anchorage,Railway,m2,2042.092059111668
2025-08-21,Anchorage,Railway,m2,4873.455173420499
2025-10-23,Walling,Building,m2,3002.569761344778
2025-08-03,Subbase application,Road,m2,3301.766533977025
2025-08-12,Terrain leveling,Building,m3,3166.0823354014333
2025-08-10,Terrain leveling,Building,m3,4628.261915388069
2025-07-02,Terrain leveling,Building,m3,1951.297691603584
2025-05-08,Cement making,Building,m3,1687.913850675008
2025-09-20,Pavement,Road,m2,2632.546220859559
2025-04-04,Pavement,Road,m2,2594.4076788417187
2025-06-09,Rolling/Tractor,Road,m2,1569.0381149184873
2025-10-12,Rolling/Tractor,Road,m2,4716.046032224112
2025-03-25,Anchorage,Railway,m2,4197.257095377542
2025-01-15,Foundation pouring,Building,m3,3755.859116766004
2025-03-10,Rolling/Tractor,Road,m2,4731.330209581882
2025-10-26,Anchorage,Railway,m2,4876.530244803651
2025-09-05,Laying steel rail,Railway,m,2107.695412325062
2025-02-24,Pavement,Road,m2,271.6305298227406
2025-11-22,Ballast,Railway,m3,1273.2943205780962
2025-09-05,Laying steel rail,Railway,m,120.91231575311446
2025-04-17,Anchorage,Railway,m2,1826.764717768557
2025-09-21,Iron mining,Railway,m3,3847.2121433752195
2025-10-06,Ballast,Railway,m3,3702.564280495779
2025-06-23,Foundation pouring,Building,m3,2055.9007482705415
2025-01-03,Foundation pouring,Building,m3,4758.339794553977
2025-04-30,Coat preparation,Road,L,2446.688934792251
2025-03-03,Subbase application,Road,m2,1052.769265504344
2025-11-15,Removing trees,Building,m2,2475.768499967079
2025-09-22,Iron mining,Railway,m3,2348.0286869682086
2025-02-08,Iron mining,Railway,m3,2169.373991083701
2025-04-03,Subbase application,Road,m2,1048.3110676974873
2025-12-01,Terrain leveling,Building,m3,475.4520220524222
2025-10-14,Cement making,Building,m3,4800.696706006725
2025-04-21,Subbase application,Road,m2,1037.6287072205132
2025-10-30,Pavement,Road,m2,4291.221852243893
2025-11-09,Pavement,Road,m2,2606.3527459657626
2025-03-11,Pavement,Road,m2,3118.2118933104653
2025-05-28,Pavement,Road,m2,2209.145278402992
2025-08-11,Foundation pouring,Building,m3,3814.6766432809313
2025-05-24,Walling,Building,m2,1100.3235404194406
2025-09-21,Walling,Building,m2,216.53722132428277
2025-10-23,Coat preparation,Road,L,4737.318189538711
2025-10-14,Iron mining,Railway,m3,4075.272605236656
2025-12-01,Cement making,Building,m3,94.54903638450752
2025-05-10,Ballast,Railway,m3,2530.7081736384835
2025-01-04,Anchorage,Railway,m2,457.4329974501029
2025-02-27,Walling,Building,m2,277.4783501348116
2025-05-05,Laying steel rail,Railway,m,2041.0044285420875
2025-10-14,Laying steel rail,Railway,m,2759.399157105732
2025-04-29,Rolling/Tractor,Road,m2,874.2524123340728
2025-10-18,Terrain leveling,Building,m3,1838.693779363359
2025-08-11,Subbase application,Road,m2,1078.904867843381
2025-06-09,Laying steel rail,Railway,m,2237.6941993472283
2025-10-01,Laying steel rail,Railway,m,3068.180769683825
2025-07-08,Terrain leveling,Building,m3,2812.1508423746423
2025-08-26,Cement making,Building,m3,2087.035296442409
2025-05-30,Subbase application,Road,m2,2857.3455968768403
2025-12-19,Anchorage,Railway,m2,3622.5400813842907
2025-01-10,Cement making,Building,m3,2187.4243395442054
2025-04-14,Laying steel rail,Railway,m,3415.072433913156
2025-05-08,Terrain leveling,Building,m3,3478.2117619678565
2025-06-23,Terrain leveling,Building,m3,4403.591655326994
2025-11-17,Iron mining,Railway,m3,3184.6118216255945
2025-09-04,Iron mining,Railway,m3,2918.9944092241394
2025-05-10,Anchorage,Railway,m2,4392.737877043899
2025-11-07,Subbase application,Road,m2,3697.790650959901
2025-01-13,Laying steel rail,Railway,m,2948.2787205865925
2025-06-01,Removing trees,Building,m2,895.3930203750399
2025-05-14,Foundation pouring,Building,m3,617.248289814255
2025-05-28,Rolling/Tractor,Road,m2,727.3598156411687
2025-09-08,Iron mining,Railway,m3,2431.0566856905352
2025-05-15,Pavement,Road,m2,4822.984944439641
2025-08-30,Subbase application,Road,m2,589.4912491954645
2025-12-09,Ballast,Railway,m3,925.6221132110581
2025-01-05,Coat preparation,Road,L,734.3188911527216
2025-10-01,Removing trees,Building,m2,4476.843235590414
2025-04-14,Cement making,Building,m3,1251.284937954673
2025-02-21,Ballast,Railway,m3,3557.633231805251
2025-02-02,Anchorage,Railway,m2,3744.649164095743
2025-03-25,Coat preparation,Road,L,1981.8448744495736
2025-05-05,Iron mining,Railway,m3,3488.281899775919
2025-12-03,Cement making,Building,m3,2319.506128768029
2025-02-09,Iron mining,Railway,m3,3569.856433123795
2025-07-03,Iron mining,Railway,m3,4716.562089952324
2025-05-06,Iron mining,Railway,m3,3485.780271293351
2025-05-01,Pavement,Road,m2,3441.42180516066
2025-10-01,Rolling/Tractor,Road,m2,3037.078237382898
2025-11-13,Removing trees,Building,m2,4667.295367816399
2025-09-02,Coat preparation,Road,L,740.1752188741228
2025-10-14,Rolling/Tractor,Road,m2,4554.670942107304
2025-03-03,Ballast,Railway,m3,3368.055911118078
2025-01-26,Subbase application,Road,m2,864.177137453046
2025-06-26,Pavement,Road,m2,2240.0592928070178
2025-05-03,Iron mining,Railway,m3,1162.17419741459
2025-11-13,Walling,Building,m2,3092.94979299723
2025-05-12,Ballast,Railway,m3,1907.2496573695942
2025-04-27,Foundation pouring,Building,m3,4699.141950241415
2025-12-14,Laying steel rail,Railway,m,974.7800106642645
2025-04-13,Cement making,Building,m3,2304.107100256283
2025-01-24,Terrain leveling,Building,m3,3310.148432569157
2025-08-24,Coat preparation,Road,L,2685.07520342182
2025-06-13,Walling,Building,m2,4642.238294357483
2025-06-14,Removing trees,Building,m2,3484.980371661077
2025-09-05,Coat preparation,Road,L,4452.497337661087
2025-08-17,Pavement,Road,m2,43.933790662859515
2025-04-11,Subbase application,Road,m2,4518.104816840452
2025-11-24,Walling,Building,m2,3376.933509882545
2025-08-21,Coat preparation,Road,L,2339.3498938558414
2025-03-22,Removing trees,Building,m2,169.5148004155289
2025-06-19,Anchorage,Railway,m2,1051.9261557417747
2025-03-24,Walling,Building,m2,4667.964400062088
2025-12-11,Laying steel rail,Railway,m,4116.986598242342
2025-09-30,Removing trees,Building,m2,2409.7844374966617
2025-03-13,Cement making,Building,m3,4199.9121388192625
2025-06-12,Anchorage,Railway,m2,1702.4087573950715
2025-05-01,Ballast,Railway,m3,2389.105598106059
2025-11-03,Iron mining,Railway,m3,2239.7131499441525
2025-08-30,Rolling/Tractor,Road,m2,4886.902171927035
2025-10-09,Rolling/Tractor,Road,m2,919.481034399518
2025-04-09,Foundation pouring,Building,m3,1815.9199887809684
2025-07-14,Laying steel rail,Railway,m,1760.4063486540244
2025-11-19,Removing trees,Building,m2,4037.782051416818
2025-08-29,Ballast,Railway,m3,4331.047149560549
2025-12-05,Ballast,Railway,m3,2260.9010807540526
2025-02-23,Walling,Building,m2,4608.849446406199
2025-07-09,Walling,Building,m2,4025.6122724534202
2025-09-18,Anchorage,Railway,m2,3045.310930283653
2025-05-05,Terrain leveling,Building,m3,2875.885365631483
2025-04-20,Laying steel rail,Railway,m,480.7523058253316
2025-03-10,Rolling/Tractor,Road,m2,4556.578087721864
2025-02-23,Terrain leveling,Building,m3,2633.138572603164
2025-02-25,Walling,Building,m2,2984.9870546201096
2025-03-08,Subbase application,Road,m2,4180.8908490836875
2025-09-18,Ballast,Railway,m3,2028.4736894595312
2025-01-12,Coat preparation,Road,L,3017.5309634298847
2025-02-23,Foundation pouring,Building,m3,4441.23750411942
2025-11-29,Laying steel rail,Railway,m,2421.0086552107578
2025-08-04,Laying steel rail,Railway,m,3259.786093521746
2025-10-20,Foundation pouring,Building,m3,2544.2955758113562
2025-01-17,Ballast,Railway,m3,1287.0953619057323
2025-07-18,Subbase application,Road,m2,3484.7536383228507
2025-03-12,Ballast,Railway,m3,1190.5428603362654
2025-11-09,Terrain leveling,Building,m3,3963.25658334311
2025-06-03,Iron mining,Railway,m3,1050.9527339585622
2025-10-25,Removing trees,Building,m2,372.29151448245455
2025-09-15,Laying steel rail,Railway,m,1703.9419759225054
2025-03-04,Ballast,Railway,m3,4214.382340171213
2025-06-10,Ballast,Railway,m3,2856.485130329672
2025-07-14,Terrain leveling,Building,m3,2124.1503070858876
2025-06-05,Anchorage,Railway,m2,2109.3825744075834
2025-05-28,Removing trees,Building,m2,171.99874409978278
2025-09-15,Anchorage,Railway,m2,710.1719703017834
2025-11-26,Coat preparation,Road,L,704.5126339719133
2025-11-02,Pavement,Road,m2,3062.8666290466113
2025-10-21,Anchorage,Railway,m2,3852.7930069877098
2025-12-06,Rolling/Tractor,Road,m2,864.5389110610902
2025-10-20,Walling,Building,m2,2098.591743872176
2025-02-04,Coat preparation,Road,L,1779.844346154958
2025-09-15,Walling,Building,m2,3039.606547286523
2025-02-28,Cement making,Building,m3,30.65334300527467
2025-06-04,Foundation pouring,Building,m3,146.88422640578457
2025-09-09,Iron mining,Railway,m3,318.42611480088544
2025-04-06,Laying steel rail,Railway,m,1813.0493932788156
2025-01-27,Terrain leveling,Building,m3,1433.1259125235279
2025-04-29,Removing trees,Building,m2,101.01286206999072
2025-10-18,Ballast,Railway,m3,3477.4864119712656
2025-06-18,Removing trees,Building,m2,116.76220592647613
2025-06-03,Coat preparation,Road,L,3264.3522925511497
2025-04-04,Terrain leveling,Building,m3,941.5326196805169
2025-04-17,Walling,Building,m2,1464.5370579787752
2025-04-19,Terrain leveling,Building,m3,2209.686500226244
2025-11-05,Iron mining,Railway,m3,4001.9530390485174
2025-09-08,Walling,Building,m2,1147.4900494261835
2025-08-09,Removing trees,Building,m2,2942.346275940219
2025-02-23,Pavement,Road,m2,679.9984586239472
2025-04-07,Anchorage,Railway,m2,1304.3470196998414
2025-04-14,Iron mining,Railway,m3,1850.6876255603893
2025-08-27,Rolling/Tractor,Road,m2,4361.135668965651
2025-05-09,Subbase application,Road,m2,610.3935690408035
2025-09-08,Anchorage,Railway,m2,794.1205876821949
2025-12-26,Removing trees,Building,m2,4144.520469075484
2025-06-20,Pavement,Road,m2,1624.7851096361615
2025-02-07,Iron mining,Railway,m3,2493.206346610108
2025-10-14,Subbase application,Road,m2,2977.3300257908063
2025-09-15,Subbase application,Road,m2,3747.9176650538316
2025-10-19,Laying steel rail,Railway,m,124.8280808842095
2025-06-07,Iron mining,Railway,m3,2596.3809904241607
2025-06-01,Coat preparation,Road,L,829.1033493766625
2025-11-13,Ballast,Railway,m3,1249.3304309769032
2025-10-31,Foundation pouring,Building,m3,4005.1241607861134
2025-05-21,Walling,Building,m2,677.6032221499828
2025-05-12,Laying steel rail,Railway,m,2201.882252405545
2025-06-26,Walling,Building,m2,4773.87951775645
2025-02-06,Iron mining,Railway,m3,192.94186731187602
2025-12-08,Ballast,Railway,m3,2233.940710226265
2025-12-21,Pavement,Road,m2,182.37318555849146
2025-06-17,Rolling/Tractor,Road,m2,4128.682604428572
2025-01-13,Pavement,Road,m2,2248.7916306288917
2025-06-23,Ballast,Railway,m3,858.1275971419072
2025-08-15,Pavement,Road,m2,836.75059456435
2025-04-13,Walling,Building,m2,1287.0500909595428
2025-02-13,Pavement,Road,m2,3447.6976567530796
2025-02-06,Rolling/Tractor,Road,m2,750.1694316518787
2025-11-26,Terrain leveling,Building,m3,1440.8855026867334
2025-03-30,Laying steel rail,Railway,m,1471.6505198542945
2025-03-07,Anchorage,Railway,m2,2708.698125903521
2025-03-09,Ballast,Railway,m3,4.232600267706776
2025-03-24,Cement making,Building,m3,3293.3459294701493
2025-08-05,Walling,Building,m2,2089.9104541699503
2025-05-25,Removing trees,Building,m2,1037.2185120770216
2025-01-03,Terrain leveling,Building,m3,1955.822740903192
2025-10-15,Foundation pouring,Building,m3,1553.644093918028
2025-03-02,Anchorage,Railway,m2,3361.8291247047664
2025-09-27,Laying steel rail,Railway,m,36.55962958949377
2025-05-13,Terrain leveling,Building,m3,4633.043720202232
2025-02-15,Coat preparation,Road,L,236.68135463666863
2025-12-14,Terrain leveling,Building,m3,4661.05031715096
2025-11-04,Pavement,Road,m2,2780.0969969321877
2025-06-13,Laying steel rail,Railway,m,2208.269940899698
2025-03-09,Laying steel rail,Railway,m,3526.5673292847055
2025-06-20,Removing trees,Building,m2,4364.450102437059
2025-01-04,Anchorage,Railway,m2,914.888294252389
2025-03-31,Laying steel rail,Railway,m,2292.852193458559
2025-07-30,Ballast,Railway,m3,4948.9693047832925
2025-05-05,Foundation pouring,Building,m3,3373.6611482204653
2025-09-08,Pavement,Road,m2,290.23748558952565
2025-01-12,Laying steel rail,Railway,m,3957.5173101803907
2025-10-15,Terrain leveling,Building,m3,3660.870498779594
2025-01-18,Cement making,Building,m3,3433.8703841392016
2025-01-17,Removing trees,Building,m2,671.3662395741899
2025-07-01,Terrain leveling,Building,m3,3494.9107202058567
2025-03-30,Pavement,Road,m2,2180.095713964838
2025-03-27,Cement making,Building,m3,930.8879363083433
2025-02-18,Foundation pouring,Building,m3,3208.6934519610154
2025-04-05,Anchorage,Railway,m2,3168.269087341711
2025-10-30,Iron mining,Railway,m3,2284.1868054657048
2025-05-07,Iron mining,Railway,m3,4996.903716603437
2025-12-16,Ballast,Railway,m3,2287.3261969475993
2025-05-08,Subbase application,Road,m2,2511.5014882788396
2025-11-28,Cement making,Building,m3,559.1905256179724
2025-12-09,Iron mining,Railway,m3,498.50693669247437
2025-03-28,Laying steel rail,Railway,m,1179.2183745797374
2025-08-03,Removing trees,Building,m2,2160.9944569098498
2025-12-07,Removing trees,Building,m2,2173.642371798042
2025-02-07,Foundation pouring,Building,m3,1817.4624870692023
2025-07-05,Anchorage,Railway,m2,3562.051910286616
2025-05-12,Coat preparation,Road,L,1708.2453121312763
2025-11-11,Subbase application,Road,m2,891.5134247976303
2025-02-11,Iron mining,Railway,m3,2265.399143145055
2025-08-02,Ballast,Railway,m3,454.24854042495633
2025-08-20,Terrain leveling,Building,m3,664.9705448059995
2025-12-08,Ballast,Railway,m3,120.10667594152092
2025-05-30,Coat preparation,Road,L,1497.9797801981165
2025-05-12,Iron mining,Railway,m3,4444.622694726202
2025-09-06,Terrain leveling,Building,m3,328.61944551376365
2025-11-15,Iron mining,Railway,m3,3914.8727169277654
2025-07-31,Iron mining,Railway,m3,4412.288130260223
2025-10-18,Iron mining,Railway,m3,268.0361981138124
2025-01-10,Pavement,Road,m2,4126.26832094573
2025-06-13,Pavement,Road,m2,3332.835234135466
2025-12-09,Iron mining,Railway,m3,4723.079798824581
2025-08-04,Rolling/Tractor,Road,m2,2795.016217203315
2025-11-30,Terrain leveling,Building,m3,4898.654327491462
2025-04-13,Foundation pouring,Building,m3,2339.797307673973
2025-12-09,Foundation pouring,Building,m3,4719.210183302412
2025-12-13,Ballast,Railway,m3,363.6532432411821
2025-07-21,Removing trees,Building,m2,4563.651528889817
2025-01-30,Subbase application,Road,m2,3633.7247910486763
2025-04-23,Terrain leveling,Building,m3,4600.965394698507
2025-03-22,Removing trees,Building,m2,3086.1917026708434
2025-11-11,Ballast,Railway,m3,4669.776857834909
2025-09-23,Rolling/Tractor,Road,m2,3247.679149468777
2025-07-13,Iron mining,Railway,m3,292.1867377038562
2025-06-18,Ballast,Railway,m3,2310.5831785841456
2025-09-18,Pavement,Road,m2,515.3567694334837
2025-09-02,Cement making,Building,m3,3640.398690992292
2025-11-11,Removing trees,Building,m2,2707.99259165019
2025-10-14,Iron mining,Railway,m3,3808.8699768696183
2025-10-28,Pavement,Road,m2,1767.7698281002458
2025-06-20,Pavement,Road,m2,3171.106146550018
2025-09-04,Rolling/Tractor,Road,m2,4139.567157309369
2025-01-04,Laying steel rail,Railway,m,3499.619259525552
2025-09-12,Laying steel rail,Railway,m,3869.7241502462152
2025-12-13,Coat preparation,Road,L,387.34161160027315
2025-06-18,Subbase application,Road,m2,3691.898127931947
2025-05-23,Laying steel rail,Railway,m,590.7305750061709
2025-03-16,Ballast,Railway,m3,1965.814918167475
2025-04-26,Pavement,Road,m2,4430.603815365706
2025-06-01,Cement making,Building,m3,3578.50982458716
2025-06-29,Cement making,Building,m3,3951.789510392436
2025-05-30,Cement making,Building,m3,2622.6459206439795
2025-05-20,Foundation pouring,Building,m3,3084.3021896614923
2025-12-15,Laying steel rail,Railway,m,1539.1523216052199
2025-08-16,Pavement,Road,m2,3291.7435566072168
2025-08-06,Coat preparation,Road,L,3249.590411922084
2025-08-29,Laying steel rail,Railway,m,2552.0037923077393
2025-01-14,Terrain leveling,Building,m3,1702.072291365732
2025-03-19,Coat preparation,Road,L,2328.0260377760515
2025-03-08,Pavement,Road,m2,4854.803732951785
2025-03-21,Removing trees,Building,m2,2961.1829069777546
2025-06-24,Anchorage,Railway,m2,1861.9030994632424
2025-04-23,Foundation pouring,Building,m3,1587.3563676572444
2025-08-19,Foundation pouring,Building,m3,592.3895144796466
2025-02-12,Subbase application,Road,m2,838.6591620084582
2025-02-15,Iron mining,Railway,m3,4387.377755510457
2025-08-23,Laying steel rail,Railway,m,3776.297650148645
2025-02-27,Rolling/Tractor,Road,m2,471.6613907448741
2025-01-02,Foundation pouring,Building,m3,4398.635356149826
2025-09-19,Iron mining,Railway,m3,809.9817424715455
2025-01-14,Foundation pouring,Building,m3,4801.251713909542
2025-03-15,Iron mining,Railway,m3,1608.2297913393868
2025-09-22,Walling,Building,m2,4422.724437392148
2025-01-11,Coat preparation,Road,L,1575.3262651669886
2025-07-29,Rolling/Tractor,Road,m2,3502.9248117185475
2025-07-21,Laying steel rail,Railway,m,3499.1831666329426
2025-12-26,Ballast,Railway,m3,2793.579546360633
2025-11-02,Ballast,Railway,m3,2463.437566573797
2025-11-05,Terrain leveling,Building,m3,2999.39890989253
2025-11-15,Iron mining,Railway,m3,4000.9225548456407
2025-10-25,Rolling/Tractor,Road,m2,2369.7192333928606
2025-11-06,Rolling/Tractor,Road,m2,2802.320933470257
2025-06-23,Rolling/Tractor,Road,m2,1204.7948595045339
2025-04-18,Coat preparation,Road,L,3978.2459282330924
2025-04-06,Foundation pouring,Building,m3,858.8664493918735
2025-09-04,Foundation pouring,Building,m3,2811.072352615587
2025-08-05,Rolling/Tractor,Road,m2,2607.113885190762
2025-08-25,Pavement,Road,m2,1977.0698498696854
2025-11-08,Walling,Building,m2,2660.5944713590575
2025-05-30,Foundation pouring,Building,m3,3214.4764850120155
2025-04-18,Pavement,Road,m2,2749.198113445852
2025-09-01,Foundation pouring,Building,m3,4750.713478615264
2025-07-05,Laying steel rail,Railway,m,1306.3027812193618
2025-05-14,Cement making,Building,m3,4670.440663899447
2025-10-20,Walling,Building,m2,1060.8494557056813
2025-04-22,Pavement,Road,m2,40.95886991923814
2025-12-24,Iron mining,Railway,m3,1125.519597262904
2025-10-23,Walling,Building,m2,2544.7803052069703
2025-02-26,Coat preparation,Road,L,1738.000834125014
2025-01-22,Removing trees,Building,m2,4680.142877234891
2025-10-04,Ballast,Railway,m3,112.25561754850288
2025-07-28,Removing trees,Building,m2,4154.787423917275
2025-02-07,Pavement,Road,m2,1256.4320473038908
2025-01-08,Terrain leveling,Building,m3,3839.3217163584263
2025-01-13,Laying steel rail,Railway,m,1653.6100605166375
2025-07-06,Rolling/Tractor,Road,m2,783.6724570336911
2025-08-02,Anchorage,Railway,m2,4842.876440230716
2025-11-16,Cement making,Building,m3,1100.0905143371697
2025-07-02,Foundation pouring,Building,m3,815.0567699577848
2025-12-11,Terrain leveling,Building,m3,542.3896750844149
2025-06-26,Cement making,Building,m3,2805.466069776094
2025-01-09,Coat preparation,Road,L,3973.929773151979
2025-03-22,Terrain leveling,Building,m3,1252.8132012377318
2025-01-28,Terrain leveling,Building,m3,523.5162891535716
2025-03-31,Removing trees,Building,m2,1048.312244189571
2025-03-29,Laying steel rail,Railway,m,532.9866990192917
2025-12-25,Coat preparation,Road,L,1543.4251543110568
2025-07-05,Ballast,Railway,m3,2653.7716931002815
2025-01-17,Foundation pouring,Building,m3,3361.623283354441
2025-06-10,Iron mining,Railway,m3,4949.991839162244
2025-10-22,Rolling/Tractor,Road,m2,4784.171606500741
2025-12-15,Anchorage,Railway,m2,2207.4260626311084
2025-04-22,Terrain leveling,Building,m3,1189.1103986321273
2025-01-17,Pavement,Road,m2,2972.548508338915
2025-09-12,Removing trees,Building,m2,2725.126146783889
2025-01-11,Pavement,Road,m2,1092.2629482100888
2025-11-22,Iron mining,Railway,m3,4528.535189214695
2025-08-14,Terrain leveling,Building,m3,2678.322794468281
2025-06-08,Iron mining,Railway,m3,444.6828657285329
2025-01-19,Subbase application,Road,m2,4762.922139924589
2025-12-21,Walling,Building,m2,419.10310608955945
2025-06-10,Iron mining,Railway,m3,1272.698577321018
2025-03-24,Anchorage,Railway,m2,4675.085898394472
2025-08-30,Walling,Building,m2,1953.3668586467707
2025-06-01,Iron mining,Railway,m3,3111.009995788989
2025-07-17,Coat preparation,Road,L,199.25510923238076
2025-11-25,Coat preparation,Road,L,3322.973854438205
2025-10-17,Laying steel rail,Railway,m,350.8799026001558
2025-10-06,Cement making,Building,m3,2497.799108205874
2025-11-26,Coat preparation,Road,L,3435.959092963673
2025-01-17,Laying steel rail,Railway,m,512.1809817417533
2025-05-23,Terrain leveling,Building,m3,3858.4088962050837
2025-01-28,Removing trees,Building,m2,4721.2891003246405
2025-03-07,Walling,Building,m2,2546.2574011329707
2025-08-17,Coat preparation,Road,L,602.0095568285777
2025-02-14,Walling,Building,m2,3210.2451393595798
2025-07-07,Pavement,Road,m2,1031.6816931265432
2025-05-26,Terrain leveling,Building,m3,1844.2894544058513
2025-12-05,Rolling/Tractor,Road,m2,1103.9197389664462
2025-12-29,Terrain leveling,Building,m3,1417.9340381366424
2025-05-29,Terrain leveling,Building,m3,3002.0654943315576
2025-11-07,Rolling/Tractor,Road,m2,2917.233728246649
2025-01-23,Removing trees,Building,m2,3233.05280553813
2025-07-06,Iron mining,Railway,m3,3828.980096430878
2025-04-23,Coat preparation,Road,L,4056.8757216361355
2025-04-06,Rolling/Tractor,Road,m2,4725.33697411651
2025-01-26,Foundation pouring,Building,m3,4988.2370829950205
2025-09-05,Iron mining,Railway,m3,4480.320821466264
2025-01-02,Pavement,Road,m2,3977.979963676284
2025-12-17,Iron mining,Railway,m3,3571.4674136163867
2025-09-23,Foundation pouring,Building,m3,155.0972214873486
2025-12-05,Walling,Building,m2,921.7128201533886
2025-09-20,Foundation pouring,Building,m3,4599.903575429735
2025-11-30,Ballast,Railway,m3,1397.0684489687092
2025-12-27,Terrain leveling,Building,m3,2471.618338771344
2025-06-29,Iron mining,Railway,m3,3771.0816586422607
2025-06-11,Subbase application,Road,m2,1297.3159645961946
2025-08-29,Anchorage,Railway,m2,1120.1826786067038
2025-10-02,Rolling/Tractor,Road,m2,2383.9882047653255
2025-06-13,Anchorage,Railway,m2,4944.5562562335235
2025-02-13,Rolling/Tractor,Road,m2,1103.2478633668375
2025-06-25,Pavement,Road,m2,4083.7519388051196
2025-12-14,Anchorage,Railway,m2,4352.773317742537
2025-03-21,Ballast,Railway,m3,4778.318347001685
2025-08-28,Terrain leveling,Building,m3,4375.610350243491
2025-04-23,Foundation pouring,Building,m3,2128.6891851344653
2025-01-01,Subbase application,Road,m2,545.453998704265
2025-10-12,Removing trees,Building,m2,3127.5662709828343
2025-11-16,Removing trees,Building,m2,2852.4405283222154
2025-11-05,Pavement,Road,m2,346.25773619865464
2025-06-08,Pavement,Road,m2,1971.0782612133771
2025-05-26,Cement making,Building,m3,2989.8002330418763
2025-02-06,Anchorage,Railway,m2,2702.899301663487
2025-10-25,Subbase application,Road,m2,1198.0809384838537
2025-02-28,Rolling/Tractor,Road,m2,676.2630564591437
2025-02-04,Cement making,Building,m3,2255.3079274881356
2025-10-10,Subbase application,Road,m2,1791.3957061946728
2025-11-13,Terrain leveling,Building,m3,1419.6465611629772
2025-10-01,Pavement,Road,m2,1529.0044243971263
2025-07-30,Laying steel rail,Railway,m,4837.135416842559
2025-08-30,Walling,Building,m2,826.3192082671378
2025-03-23,Removing trees,Building,m2,4944.456476186406
2025-06-23,Cement making,Building,m3,4367.729024431022
2025-09-21,Foundation pouring,Building,m3,1675.9988467492044
2025-12-07,Terrain leveling,Building,m3,3362.7067619991603
2025-09-07,Ballast,Railway,m3,3001.0142252869555
2025-01-27,Pavement,Road,m2,1887.7523896403259
2025-01-07,Ballast,Railway,m3,4952.5027929059415
2025-05-14,Foundation pouring,Building,m3,4769.7790577345795
2025-01-11,Cement making,Building,m3,1543.6298202708288
2025-12-04,Subbase application,Road,m2,575.7787895402932
2025-10-16,Terrain leveling,Building,m3,269.69663980090485
2025-01-15,Foundation pouring,Building,m3,259.6252643851099
2025-05-05,Subbase application,Road,m2,1280.5612833355328
2025-04-18,Foundation pouring,Building,m3,1285.3106198791124
2025-06-04,Coat preparation,Road,L,1593.4137108842478
2025-01-23,Walling,Building,m2,1902.4250862380209
2025-03-23,Ballast,Railway,m3,1759.3013162847383
2025-12-20,Removing trees,Building,m2,2671.806357551582
2025-09-30,Removing trees,Building,m2,2356.0021838345974
2025-09-19,Coat preparation,Road,L,4226.440274596781
2025-03-20,Pavement,Road,m2,3258.8567305265888
2025-07-15,Laying steel rail,Railway,m,4676.157378057506
2025-06-23,Subbase application,Road,m2,3340.972281807934
2025-10-21,Terrain leveling,Building,m3,2517.6157017839573
2025-01-22,Coat preparation,Road,L,3622.656458035639
2025-04-19,Laying steel rail,Railway,m,558.5270036282036
2025-05-07,Laying steel rail,Railway,m,3771.744498989872
2025-05-09,Laying steel rail,Railway,m,2293.9782816687894
2025-12-06,Removing trees,Building,m2,1643.2643007791519
2025-04-10,Laying steel rail,Railway,m,4641.823592242653
2025-02-19,Rolling/Tractor,Road,m2,1427.1030760311098
2025-09-03,Coat preparation,Road,L,2634.1248611127517
2025-10-31,Rolling/Tractor,Road,m2,4181.361262659739
2025-02-13,Iron mining,Railway,m3,3925.054574076593
2025-08-26,Iron mining,Railway,m3,599.1177694856864
2025-08-18,Coat preparation,Road,L,86.94070700940249
2025-10-05,Cement making,Building,m3,866.4997908431876
2025-04-14,Iron mining,Railway,m3,71.53746854809128
2025-01-27,Coat preparation,Road,L,3296.2146797138794
2025-01-13,Terrain leveling,Building,m3,3781.293738347795
2025-06-10,Laying steel rail,Railway,m,2985.9243438755802
2025-12-12,Foundation pouring,Building,m3,3965.417162769591
2025-12-28,Terrain leveling,Building,m3,4274.739059729649
2025-08-22,Walling,Building,m2,1089.7986768654077
2025-08-30,Coat preparation,Road,L,2020.2888969289068
2025-01-04,Coat preparation,Road,L,3062.1677237948893
2025-09-08,Foundation pouring,Building,m3,4256.76804232263
2025-08-20,Rolling/Tractor,Road,m2,1779.848828579394
2025-04-29,Terrain leveling,Building,m3,3231.39257165045
2025-12-15,Pavement,Road,m2,2134.7327373573894
2025-01-11,Laying steel rail,Railway,m,3060.094624118433
2025-05-13,Rolling/Tractor,Road,m2,2007.9640347308064
2025-07-10,Subbase application,Road,m2,747.0935789638761
2025-12-22,Cement making,Building,m3,736.6847126526905
2025-07-27,Coat preparation,Road,L,328.21849174992644
2025-02-02,Iron mining,Railway,m3,2780.1049462181777
2025-02-10,Terrain leveling,Building,m3,2722.350205366227
2025-03-23,Removing trees,Building,m2,767.2609445833856
2025-04-16,Pavement,Road,m2,1103.8443669964454
2025-10-14,Terrain leveling,Building,m3,610.9546158125167
2025-03-16,Anchorage,Railway,m2,3382.8763273371687
2025-05-12,Laying steel rail,Railway,m,4930.359040652419
2025-04-23,Ballast,Railway,m3,1638.8000887647036
2025-06-18,Coat preparation,Road,L,1069.272490648977
2025-02-18,Walling,Building,m2,3079.1901395990717
2025-08-12,Anchorage,Railway,m2,1630.5526325608755
2025-11-29,Iron mining,Railway,m3,2576.4535063257003
2025-01-25,Ballast,Railway,m3,3694.273016385639
2025-06-17,Rolling/Tractor,Road,m2,2893.870384511743
2025-11-04,Subbase application,Road,m2,3943.91503791466
2025-01-29,Laying steel rail,Railway,m,1979.6205640950764
2025-02-27,Anchorage,Railway,m2,4409.5877742961
2025-07-01,Laying steel rail,Railway,m,1853.6261437712315
2025-01-27,Removing trees,Building,m2,4739.912611522658
2025-05-26,Rolling/Tractor,Road,m2,4607.618501589555
2025-05-20,Coat preparation,Road,L,4046.717438945031
2025-11-16,Ballast,Railway,m3,2400.3253336171874
2025-05-14,Subbase application,Road,m2,1812.8592437789764
2025-05-23,Ballast,Railway,m3,1370.536813706064
2025-04-16,Terrain leveling,Building,m3,3918.984109250308
2025-07-09,Laying steel rail,Railway,m,3471.413505443574
2025-06-20,Cement making,Building,m3,1007.3975261756046
2025-08-02,Walling,Building,m2,4006.958050369684
2025-07-07,Iron mining,Railway,m3,1559.8437342270245
2025-04-23,Ballast,Railway,m3,330.1966651975657
2025-06-05,Cement making,Building,m3,1792.2010909136936
2025-11-25,Subbase application,Road,m2,4743.278040734544
2025-03-05,Walling,Building,m2,1756.0237514200282
2025-08-06,Iron mining,Railway,m3,1170.2492309341999
2025-05-18,Anchorage,Railway,m2,3549.565441506469
2025-04-05,Rolling/Tractor,Road,m2,3998.436847418296
2025-03-14,Ballast,Railway,m3,4866.296513202878
2025-07-14,Anchorage,Railway,m2,2495.74765389231
2025-01-01,Pavement,Road,m2,2005.7863488733324
2025-03-17,Cement making,Building,m3,1097.2870784372917
2025-09-16,Ballast,Railway,m3,1120.8085101158233
2025-11-27,Pavement,Road,m2,3350.8185797323968
2025-06-04,Pavement,Road,m2,3728.1965937322852
2025-12-23,Removing trees,Building,m2,3448.990563732089
2025-10-15,Laying steel rail,Railway,m,1143.7290089113428
2025-02-17,Cement making,Building,m3,2636.0323424894195
2025-04-05,Pavement,Road,m2,2459.4606274419175
2025-12-15,Rolling/Tractor,Road,m2,3733.7467218440834
2025-10-02,Cement making,Building,m3,4333.588786754521
2025-06-22,Walling,Building,m2,4008.956739460401
2025-01-10,Coat preparation,Road,L,4248.20462770355
2025-02-22,Coat preparation,Road,L,2321.8220118770205
2025-11-25,Subbase application,Road,m2,2971.030120025486
2025-09-10,Iron mining,Railway,m3,4218.229790521152
2025-08-23,Removing trees,Building,m2,3867.282121371957
2025-11-05,Pavement,Road,m2,3423.2622357710925
2025-09-19,Coat preparation,Road,L,1002.7878447636335
2025-06-13,Iron mining,Railway,m3,3166.896403912844
2025-09-13,Coat preparation,Road,L,2886.9560215670986
2025-04-11,Ballast,Railway,m3,3334.8355022071887
2025-11-25,Cement making,Building,m3,2373.577235686951
2025-12-22,Pavement,Road,m2,2540.795367356319
2025-12-26,Ballast,Railway,m3,4990.002349720523
2025-02-26,Pavement,Road,m2,2612.66563754074
2025-01-15,Rolling/Tractor,Road,m2,4544.162452729897
2025-09-26,Rolling/Tractor,Road,m2,4471.567415970239
2025-04-18,Laying steel rail,Railway,m,1679.2168337323503
2025-02-18,Removing trees,Building,m2,1054.680138537845
2025-07-09,Iron mining,Railway,m3,3444.233385261512
2025-07-27,Cement making,Building,m3,2431.401444880663
2025-09-23,Foundation pouring,Building,m3,1435.0344811741616
2025-12-21,Cement making,Building,m3,26.41400239741243
2025-04-06,Foundation pouring,Building,m3,1562.8173361719055
2025-04-06,Subbase application,Road,m2,3377.918157582208
2025-09-13,Anchorage,Railway,m2,2631.9463728458936
2025-02-10,Anchorage,Railway,m2,906.8687971455241
2025-12-08,Laying steel rail,Railway,m,1176.8083928832968
2025-02-18,Cement making,Building,m3,3082.6331579607095
2025-05-31,Rolling/Tractor,Road,m2,117.1262476776197
2025-05-05,Laying steel rail,Railway,m,1268.0475017239362
2025-11-03,Iron mining,Railway,m3,4859.791860518746
2025-06-20,Laying steel rail,Railway,m,585.2293562180422
2025-01-21,Ballast,Railway,m3,2293.154951414222
2025-12-19,Laying steel rail,Railway,m,1832.443053367573
2025-02-13,Ballast,Railway,m3,398.7014256015342
2025-05-27,Anchorage,Railway,m2,2818.409687884511
2025-01-15,Laying steel rail,Railway,m,4828.9577455632825
2025-10-23,Anchorage,Railway,m2,2277.178043690796
2025-12-05,Pavement,Road,m2,2074.938653101697
2025-12-04,Pavement,Road,m2,1644.3852588616414
2025-05-23,Pavement,Road,m2,3749.0460315847445
2025-12-15,Ballast,Railway,m3,2571.6526995721097
2025-03-12,Cement making,Building,m3,4939.4453228023585
2025-05-31,Terrain leveling,Building,m3,2834.099903471446
2025-12-07,Anchorage,Railway,m2,4620.881983313073
2025-04-04,Foundation pouring,Building,m3,3747.476126341045
2025-09-22,Cement making,Building,m3,3227.812698499607
2025-02-08,Pavement,Road,m2,4904.074519329055
2025-04-01,Anchorage,Railway,m2,873.660259001024
2025-10-20,Iron mining,Railway,m3,2805.116877768148
2025-03-30,Foundation pouring,Building,m3,3421.8696114317886
2025-08-21,Iron mining,Railway,m3,203.29942503031663
2025-03-17,Iron mining,Railway,m3,2939.027841850354
2025-11-30,Cement making,Building,m3,861.124649327415
2025-03-26,Subbase application,Road,m2,1668.2884916295393
2025-08-25,Rolling/Tractor,Road,m2,1213.887128343063
2025-10-07,Terrain leveling,Building,m3,905.240985437189
2025-02-19,Anchorage,Railway,m2,1632.9382645946234
2025-10-05,Pavement,Road,m2,4312.602408427901
2025-01-31,Pavement,Road,m2,1694.240441802392
2025-12-16,Pavement,Road,m2,1720.98237517101
2025-12-25,Pavement,Road,m2,3945.2095667316726
2025-05-21,Coat preparation,Road,L,4198.626427879421
2025-10-13,Ballast,Railway,m3,52.27820477401946
2025-03-11,Walling,Building,m2,2673.5398564616753
2025-05-06,Laying steel rail,Railway,m,2122.23669865872
2025-08-02,Rolling/Tractor,Road,m2,4118.6295677515245
2025-06-05,Ballast,Railway,m3,1188.8004912518884
2025-11-10,Terrain leveling,Building,m3,898.2742406267258
2025-03-25,Terrain leveling,Building,m3,1905.5144508020837
2025-12-28,Rolling/Tractor,Road,m2,2378.7038912588005
2025-08-24,Coat preparation,Road,L,2997.364642205258
2025-11-11,Laying steel rail,Railway,m,4052.280686477829
2025-12-10,Removing trees,Building,m2,1903.5726076280462
2025-03-01,Terrain leveling,Building,m3,3866.6292990196353
2025-10-28,Subbase application,Road,m2,4747.0805995179535
2025-09-12,Ballast,Railway,m3,4.873286771580609
2025-06-18,Coat preparation,Road,L,1543.1894078325747
2025-12-01,Subbase application,Road,m2,3276.13359822187
2025-08-25,Cement making,Building,m3,1708.5265095664704
2025-02-25,Anchorage,Railway,m2,3461.001128714093
2025-11-22,Pavement,Road,m2,1046.728003404463
2025-05-23,Pavement,Road,m2,251.80162095913673
2025-12-13,Ballast,Railway,m3,3610.5208167828896
2025-01-01,Ballast,Railway,m3,4840.9284233611015
2025-11-13,Removing trees,Building,m2,2109.761602283977
2025-05-22,Terrain leveling,Building,m3,4172.983875827896
2025-03-28,Anchorage,Railway,m2,3836.7794607636793
2025-10-21,Removing trees,Building,m2,1490.490399764227
2025-06-29,Terrain leveling,Building,m3,4696.313875415091
2025-05-31,Ballast,Railway,m3,4092.9115844903667
2025-04-29,Rolling/Tractor,Road,m2,1686.5226155481166
2025-12-03,Rolling/Tractor,Road,m2,3390.960254278115
2025-06-20,Coat preparation,Road,L,705.9569735541716
2025-06-23,Laying steel rail,Railway,m,1990.8235436519105
2025-08-02,Removing trees,Building,m2,1531.8883756685818
2025-10-05,Laying steel rail,Railway,m,4976.042007456724
2025-10-15,Cement making,Building,m3,4197.673650246362
2025-02-06,Terrain leveling,Building,m3,4980.263579748373
2025-02-11,Anchorage,Railway,m2,307.5455522732462
2025-12-16,Iron mining,Railway,m3,1445.7282510416492
2025-03-26,Cement making,Building,m3,379.80230139556426
2025-01-19,Cement making,Building,m3,4445.8069349275975
2025-02-18,Ballast,Railway,m3,3464.190238282328
2025-05-29,Foundation pouring,Building,m3,2092.740002424198
2025-08-15,Removing trees,Building,m2,1693.5506908398563
2025-02-09,Ballast,Railway,m3,2253.3277852667393
2025-11-18,Coat preparation,Road,L,4307.64836817493
2025-02-12,Walling,Building,m2,4626.991071088701
2025-08-29,Anchorage,Railway,m2,4029.4749319596403
2025-09-28,Removing trees,Building,m2,1195.5199754487633
2025-12-15,Terrain leveling,Building,m3,2529.0951705848997
2025-09-13,Pavement,Road,m2,3296.9976648990128
2025-09-21,Foundation pouring,Building,m3,4421.987827095173
2025-09-25,Anchorage,Railway,m2,3694.73529132106
2025-01-04,Walling,Building,m2,4709.442637446022
2025-08-26,Iron mining,Railway,m3,4764.3784201277
2025-10-27,Foundation pouring,Building,m3,3466.37047530701
2025-10-21,Rolling/Tractor,Road,m2,4489.304979126807
2025-06-15,Terrain leveling,Building,m3,2652.2346337135377
2025-10-31,Ballast,Railway,m3,4188.5680039226845
2025-07-04,Terrain leveling,Building,m3,1195.9298340779046
2025-12-25,Iron mining,Railway,m3,4577.362098840069
2025-09-04,Laying steel rail,Railway,m,4564.427611322676
2025-07-28,Pavement,Road,m2,4823.594143087682
2025-02-16,Cement making,Building,m3,4243.855823615603
2025-10-20,Subbase application,Road,m2,83.78332784413966
2025-10-06,Coat preparation,Road,L,4363.225528716875
2025-03-11,Pavement,Road,m2,2617.2433041146874
2025-06-22,Rolling/Tractor,Road,m2,4794.995471320544
2025-07-12,Removing trees,Building,m2,951.2202767679651
2025-10-10,Laying steel rail,Railway,m,739.6751485708958
2025-05-24,Subbase application,Road,m2,2835.167713616195
2025-05-22,Iron mining,Railway,m3,3107.1783597189656
2025-07-24,Laying steel rail,Railway,m,435.29402977709685
2025-12-07,Anchorage,Railway,m2,56.017979182410585
2025-10-26,Subbase application,Road,m2,3608.463506970153
2025-05-18,Ballast,Railway,m3,249.8887700686103
2025-06-30,Foundation pouring,Building,m3,2306.8742068588526
2025-01-18,Cement making,Building,m3,693.8334180730482
2025-11-28,Removing trees,Building,m2,1522.9742909376969
2025-12-06,Coat preparation,Road,L,1169.9964327802327
2025-11-10,Foundation pouring,Building,m3,3430.9688511973086
2025-10-10,Ballast,Railway,m3,1103.7972788704426
2025-10-12,Anchorage,Railway,m2,1932.0530832707577
2025-07-10,Foundation pouring,Building,m3,249.9186779043133
2025-04-13,Removing trees,Building,m2,2.102769237150026
2025-04-07,Iron mining,Railway,m3,4535.418822879415
2025-12-21,Rolling/Tractor,Road,m2,1581.7418178770715
2025-10-17,Cement making,Building,m3,2173.004839207271
2025-09-22,Foundation pouring,Building,m3,1170.1600415212115
2025-11-04,Terrain leveling,Building,m3,246.4076003875526
2025-11-28,Foundation pouring,Building,m3,3388.302644552521
2025-11-28,Ballast,Railway,m3,154.09477319619057
2025-10-23,Subbase application,Road,m2,4088.5238703358664
2025-05-27,Subbase application,Road,m2,3906.3630805188504
2025-07-11,Cement making,Building,m3,2802.763428961961
2025-03-29,Pavement,Road,m2,1430.1187092339173
2025-04-30,Foundation pouring,Building,m3,4557.941681892814
2025-02-08,Foundation pouring,Building,m3,3918.265377582476
2025-12-22,Iron mining,Railway,m3,2135.616179560612
2025-01-24,Pavement,Road,m2,1336.2689411179917
2025-12-10,Cement making,Building,m3,2424.901533247232
2025-01-02,Anchorage,Railway,m2,483.7868088316682
2025-05-15,Subbase application,Road,m2,3497.0334561440404
2025-03-15,Coat preparation,Road,L,2317.689276502493
2025-10-30,Foundation pouring,Building,m3,722.4021299325883
2025-02-07,Cement making,Building,m3,434.7339437580727
2025-04-13,Pavement,Road,m2,2633.9424360619505
2025-09-27,Coat preparation,Road,L,2844.7906119265413
2025-11-23,Anchorage,Railway,m2,2213.853702984042
2025-03-10,Removing trees,Building,m2,3142.9657698078595
2025-06-12,Cement making,Building,m3,4915.028244032257
2025-05-15,Removing trees,Building,m2,3412.21668195896
2025-10-07,Walling,Building,m2,1517.4471380743998
2025-10-05,Coat preparation,Road,L,1204.9252149667366
2025-02-07,Foundation pouring,Building,m3,1028.207645908325
2025-11-28,Ballast,Railway,m3,2607.145639506367
2025-12-25,Walling,Building,m2,348.67990635200294
2025-01-23,Pavement,Road,m2,4074.46033838281
2025-08-13,Rolling/Tractor,Road,m2,3612.347044693024
2025-12-17,Anchorage,Railway,m2,632.031240486231
2025-09-10,Terrain leveling,Building,m3,2622.8313043878643
2025-02-16,Iron mining,Railway,m3,3388.898026079129
2025-08-05,Rolling/Tractor,Road,m2,2045.9706841711045
2025-08-20,Walling,Building,m2,660.0461601005087
2025-12-27,Subbase application,Road,m2,207.02680717273492
2025-06-12,Terrain leveling,Building,m3,398.3760995600599
2025-02-19,Coat preparation,Road,L,960.434464680709
2025-06-20,Foundation pouring,Building,m3,4988.40969994442
2025-03-24,Terrain leveling,Building,m3,4003.1379921015764
2025-08-24,Terrain leveling,Building,m3,3667.22371451804
2025-01-06,Coat preparation,Road,L,3733.516854411895
2025-10-20,Rolling/Tractor,Road,m2,3135.4410249475454
2025-12-08,Iron mining,Railway,m3,3778.1115788686766
2025-03-09,Removing trees,Building,m2,4068.7249859732715
2025-05-31,Ballast,Railway,m3,251.6017832630718
2025-11-09,Subbase application,Road,m2,2801.5971387325667
2025-09-30,Cement making,Building,m3,3737.425562989127
2025-11-09,Subbase application,Road,m2,4040.884349769238
2025-05-29,Subbase application,Road,m2,3604.611577174732
2025-10-19,Ballast,Railway,m3,1982.9161211481266
2025-02-21,Foundation pouring,Building,m3,4260.2207253676215
2025-06-13,Iron mining,Railway,m3,4110.854374969222
2025-09-16,Coat preparation,Road,L,3097.5664910895284
2025-02-14,Coat preparation,Road,L,1487.2020373690136
2025-05-18,Anchorage,Railway,m2,3481.258160935293
2025-07-05,Rolling/Tractor,Road,m2,1829.4755074127056
2025-02-07,Laying steel rail,Railway,m,1026.1309560751108
2025-08-07,Walling,Building,m2,1658.951156995892
2025-09-27,Laying steel rail,Railway,m,515.203415521357
2025-10-17,Ballast,Railway,m3,1484.9146376581568
2025-11-03,Subbase application,Road,m2,3070.728895635905
2025-01-13,Ballast,Railway,m3,268.4331212953095
2025-12-10,Iron mining,Railway,m3,72.84183382365306
2025-07-10,Coat preparation,Road,L,2285.680662166765
2025-08-24,Rolling/Tractor,Road,m2,1914.788375155998
2025-11-02,Terrain leveling,Building,m3,263.5047220405751
2025-03-07,Cement making,Building,m3,1016.6787128825832
2025-12-02,Pavement,Road,m2,3118.3325962662466
2025-02-01,Terrain leveling,Building,m3,787.4036898103515
2025-07-16,Cement making,Building,m3,1419.648676897552
2025-02-05,Walling,Building,m2,4044.9819576359405
2025-05-09,Removing trees,Building,m2,3493.9857831801237
2025-01-30,Ballast,Railway,m3,3069.176374313186
2025-11-13,Removing trees,Building,m2,3854.3933413014042
2025-04-04,Removing trees,Building,m2,1178.6740151481324
2025-04-29,Foundation pouring,Building,m3,2900.260301902276
2025-10-21,Rolling/Tractor,Road,m2,882.2265593998796
2025-03-28,Laying steel rail,Railway,m,3896.6835479358892
2025-10-19,Removing trees,Building,m2,2054.5832351921094
2025-07-27,Coat preparation,Road,L,4471.604372561085
2025-08-09,Removing trees,Building,m2,4711.3417271143435
2025-11-07,Foundation pouring,Building,m3,3919.9357751050425
2025-09-20,Ballast,Railway,m3,4201.415686987493
2025-05-08,Removing trees,Building,m2,3680.9671478668565
2025-07-21,Iron mining,Railway,m3,2572.9533159602515
2025-09-21,Anchorage,Railway,m2,2459.4271593322046
2025-10-31,Ballast,Railway,m3,1491.4097607904603
2025-10-22,Pavement,Road,m2,3639.579555975119
2025-02-04,Walling,Building,m2,1062.1140481483183
2025-05-18,Anchorage,Railway,m2,4240.329662323603
2025-08-04,Removing trees,Building,m2,1820.9882692421086
2025-05-06,Walling,Building,m2,569.145661938879
2025-08-12,Removing trees,Building,m2,1764.870699506119
2025-11-06,Cement making,Building,m3,1642.1163226434792
2025-01-13,Ballast,Railway,m3,1777.823405691658
2025-05-06,Terrain leveling,Building,m3,1082.0342486109853
2025-01-05,Pavement,Road,m2,24.404252354209287
2025-03-08,Laying steel rail,Railway,m,4618.22970957731
2025-08-17,Anchorage,Railway,m2,2599.582093374431
2025-11-05,Removing trees,Building,m2,2070.0973908926567
2025-04-09,Terrain leveling,Building,m3,3894.0388335486377
2025-03-08,Cement making,Building,m3,176.8162819295649
2025-05-26,Anchorage,Railway,m2,3121.2207351679
2025-12-19,Anchorage,Railway,m2,4261.536340622727
2025-08-15,Terrain leveling,Building,m3,4298.693677754498
2025-12-15,Removing trees,Building,m2,208.996871110238
2025-08-13,Anchorage,Railway,m2,1643.0489251547735
2025-01-30,Coat preparation,Road,L,1857.7694814507938
2025-04-06,Rolling/Tractor,Road,m2,2958.5814593523046
2025-02-21,Ballast,Railway,m3,2725.554462148028
2025-05-01,Anchorage,Railway,m2,4730.886153267526
2025-12-11,Pavement,Road,m2,3108.548845013553
2025-08-23,Terrain leveling,Building,m3,2504.9318704223942
2025-04-22,Rolling/Tractor,Road,m2,1431.0861200288532
2025-06-20,Anchorage,Railway,m2,1882.4825979914162
2025-02-22,Laying steel rail,Railway,m,223.61049434171275
2025-03-11,Coat preparation,Road,L,3437.2455338330874
2025-08-24,Coat preparation,Road,L,2026.5799690028625
2025-07-31,Walling,Building,m2,760.980554693761
2025-03-02,Walling,Building,m2,1652.9325853682724
2025-09-01,Cement making,Building,m3,135.0617196922349
2025-04-23,Coat preparation,Road,L,687.0423673705161
2025-03-22,Terrain leveling,Building,m3,3306.5441481332946
2025-09-18,Anchorage,Railway,m2,495.2131126875292
2025-11-15,Laying steel rail,Railway,m,3044.446802257328
2025-04-21,Subbase application,Road,m2,810.2132651268201
2025-09-18,Terrain leveling,Building,m3,3491.3829191775403
2025-10-23,Subbase application,Road,m2,4615.471552664812
2025-01-01,Iron mining,Railway,m3,1410.3907992598251
2025-05-12,Anchorage,Railway,m2,3375.573210025857
2025-06-20,Laying steel rail,Railway,m,2781.251727659093
2025-02-13,Pavement,Road,m2,1967.7133617253967
2025-11-25,Ballast,Railway,m3,521.0215518060618
2025-04-27,Removing trees,Building,m2,4089.7585872364252
2025-02-23,Terrain leveling,Building,m3,4508.106474676021
2025-03-14,Subbase application,Road,m2,3627.3887693418064
2025-10-11,Laying steel rail,Railway,m,4368.027490422873
2025-02-18,Coat preparation,Road,L,1925.166685624754
2025-10-31,Walling,Building,m2,3343.9505233982236
2025-01-21,Rolling/Tractor,Road,m2,2140.9153049396186
2025-11-04,Pavement,Road,m2,3909.901864969417
2025-10-19,Pavement,Road,m2,3682.944832991028
2025-01-16,Pavement,Road,m2,895.0044433380272
2025-06-28,Removing trees,Building,m2,3995.8211879779487
2025-07-03,Ballast,Railway,m3,2750.6012273961487
2025-11-01,Pavement,Road,m2,2829.723497720808
2025-06-15,Coat preparation,Road,L,3108.185900676856
2025-06-08,Pavement,Road,m2,2305.109157227008
2025-12-04,Terrain leveling,Building,m3,1015.9352866408805
2025-02-14,Cement making,Building,m3,3069.3658803201297
2025-09-07,Terrain leveling,Building,m3,4698.487778878976
2025-07-21,Pavement,Road,m2,4183.223809693006
2025-05-02,Pavement,Road,m2,4523.484509628934
2025-03-22,Terrain leveling,Building,m3,2916.672001142743
2025-08-29,Foundation pouring,Building,m3,166.1936216770654
2025-12-29,Foundation pouring,Building,m3,1768.5524134721525
2025-02-13,Removing trees,Building,m2,4999.064547495452
2025-06-02,Subbase application,Road,m2,1939.3876698251634
2025-01-31,Laying steel rail,Railway,m,176.97039359430454
2025-02-19,Cement making,Building,m3,1418.6694262106976
2025-10-09,Foundation pouring,Building,m3,3093.736952381968
2025-11-19,Walling,Building,m2,2328.035001065692
2025-04-07,Terrain leveling,Building,m3,1125.7312141190357
2025-09-30,Removing trees,Building,m2,2269.581746890539
2025-11-20,Rolling/Tractor,Road,m2,4300.089561373094
2025-06-29,Pavement,Road,m2,1039.991858179975
2025-11-05,Pavement,Road,m2,4596.76320331973
2025-01-20,Anchorage,Railway,m2,3109.0152510275216
2025-08-26,Removing trees,Building,m2,3554.9883871921184
2025-11-25,Rolling/Tractor,Road,m2,2944.916767429518
2025-03-02,Removing trees,Building,m2,2167.963781260829
2025-05-11,Foundation pouring,Building,m3,366.3256852981373
2025-03-04,Subbase application,Road,m2,2348.2274510101934
2025-08-21,Laying steel rail,Railway,m,4173.023410389088
2025-10-01,Subbase application,Road,m2,4586.134313959622
2025-03-14,Foundation pouring,Building,m3,4967.903774950323
2025-06-13,Terrain leveling,Building,m3,2532.4815442522845
2025-10-20,Cement making,Building,m3,2235.8795045216266
2025-03-05,Walling,Building,m2,2763.1279191437407
2025-01-08,Ballast,Railway,m3,1846.9854843892697
2025-03-04,Rolling/Tractor,Road,m2,3749.6915159888554
2025-03-08,Pavement,Road,m2,451.31287015057364
2025-05-28,Pavement,Road,m2,1309.2541074415226
2025-06-14,Subbase application,Road,m2,3030.565944949924
2025-05-30,Ballast,Railway,m3,1452.4910675644492
2025-05-29,Foundation pouring,Building,m3,3759.677193063697
2025-04-14,Ballast,Railway,m3,3430.688708458383
2025-07-05,Terrain leveling,Building,m3,3453.6541689284554
2025-03-04,Foundation pouring,Building,m3,4906.506350109937
2025-10-01,Subbase application,Road,m2,1168.1394468368023
2025-12-06,Anchorage,Railway,m2,3971.7452701799834
2025-10-31,Foundation pouring,Building,m3,2972.3977641368006
2025-01-16,Cement making,Building,m3,4310.340326215975
2025-02-14,Ballast,Railway,m3,1802.8169759423563
2025-10-12,Removing trees,Building,m2,180.71087650919137
2025-05-11,Laying steel rail,Railway,m,3462.6414217083884
2025-06-10,Foundation pouring,Building,m3,3264.778941725471
2025-07-26,Foundation pouring,Building,m3,1885.5068876857083
2025-09-15,Anchorage,Railway,m2,2419.5541749748877
2025-07-10,Cement making,Building,m3,1399.2764374022909
2025-10-29,Foundation pouring,Building,m3,2261.2311707622084
2025-08-04,Cement making,Building,m3,3882.414403048392
2025-11-23,Subbase application,Road,m2,4523.161965126054
2025-05-18,Iron mining,Railway,m3,3914.2740304094027
2025-10-21,Coat preparation,Road,L,641.6441190763956
2025-04-03,Laying steel rail,Railway,m,1596.697640416498
2025-05-29,Iron mining,Railway,m3,842.8654103138766
2025-07-07,Subbase application,Road,m2,27.58667624356781
2025-05-14,Foundation pouring,Building,m3,3608.109252905498
2025-11-19,Laying steel rail,Railway,m,1094.815425826453
2025-12-03,Laying steel rail,Railway,m,4181.866178562053
2025-01-06,Walling,Building,m2,3535.1398329829203
2025-08-25,Terrain leveling,Building,m3,2330.102795813784
2025-12-28,Walling,Building,m2,2068.5760455166073
2025-12-29,Ballast,Railway,m3,846.7751601988616
2025-01-31,Anchorage,Railway,m2,4921.924740179066
2025-03-12,Anchorage,Railway,m2,4010.780467235611
2025-08-08,Rolling/Tractor,Road,m2,2540.447917974045
2025-01-07,Subbase application,Road,m2,899.828125583415
2025-03-26,Iron mining,Railway,m3,1645.7442383948805
2025-04-10,Pavement,Road,m2,4930.972012048885
2025-01-03,Rolling/Tractor,Road,m2,1719.1093789222327
2025-06-03,Removing trees,Building,m2,3400.444222637883
2025-05-01,Anchorage,Railway,m2,4208.449747938438
2025-01-06,Anchorage,Railway,m2,2990.49930782942
2025-07-19,Terrain leveling,Building,m3,1305.3781088362732
2025-01-14,Terrain leveling,Building,m3,2972.644421985525
2025-11-21,Removing trees,Building,m2,4596.548716214846
2025-12-04,Coat preparation,Road,L,2111.166082926921
2025-08-23,Iron mining,Railway,m3,4635.574168830868
2025-01-27,Rolling/Tractor,Road,m2,426.44901487840445
2025-06-16,Iron mining,Railway,m3,3931.8508416620793
2025-02-25,Walling,Building,m2,4054.24697090192
2025-11-24,Laying steel rail,Railway,m,730.0353392344838
2025-03-21,Terrain leveling,Building,m3,1396.7236715926945
2025-11-04,Removing trees,Building,m2,2525.3584319887555
2025-12-20,Laying steel rail,Railway,m,3737.5262481951195
2025-08-31,Anchorage,Railway,m2,1588.9174641849309
2025-05-04,Terrain leveling,Building,m3,3042.0483360381604
2025-07-14,Iron mining,Railway,m3,2973.898358936914
2025-05-11,Foundation pouring,Building,m3,2012.9177238793604
2025-01-03,Pavement,Road,m2,945.5765402146493
2025-07-06,Foundation pouring,Building,m3,4769.030072513619
2025-03-14,Ballast,Railway,m3,479.02935320358495
2025-12-01,Iron mining,Railway,m3,85.41899157669897
2025-05-28,Iron mining,Railway,m3,1149.742154945554
2025-10-23,Pavement,Road,m2,4714.0862096135015
2025-12-09,Subbase application,Road,m2,4201.548899755063
2025-05-02,Ballast,Railway,m3,2317.633868031063
2025-03-13,Ballast,Railway,m3,1908.3589481013441
2025-10-27,Walling,Building,m2,4325.074482218584
2025-06-20,Removing trees,Building,m2,4192.463083116065
2025-05-11,Walling,Building,m2,4071.321131226445
2025-11-24,Ballast,Railway,m3,261.38345124531946
2025-12-04,Laying steel rail,Railway,m,3839.248315751034
2025-10-03,Removing trees,Building,m2,262.57128838210406
2025-08-19,Pavement,Road,m2,3488.4053190862014
2025-04-22,Rolling/Tractor,Road,m2,412.98921534060617
2025-07-30,Iron mining,Railway,m3,1751.8665863355243
2025-08-14,Iron mining,Railway,m3,2067.8570277918056
2025-01-10,Coat preparation,Road,L,708.6101736989614
2025-04-10,Laying steel rail,Railway,m,4875.548042977704
2025-02-09,Laying steel rail,Railway,m,1511.3906593818776
2025-09-09,Pavement,Road,m2,3696.6646955789683
2025-09-29,Pavement,Road,m2,4959.355287812114
2025-10-08,Ballast,Railway,m3,4814.417691287847
2025-04-20,Rolling/Tractor,Road,m2,3662.549955821334
2025-02-17,Rolling/Tractor,Road,m2,1147.181543641157
2025-06-19,Subbase application,Road,m2,4235.778889521997
2025-11-01,Pavement,Road,m2,2505.9813705313736
2025-10-02,Coat preparation,Road,L,1487.6612251068761
2025-06-15,Cement making,Building,m3,2280.034840829962
2025-07-23,Ballast,Railway,m3,3914.729463337825
2025-06-21,Laying steel rail,Railway,m,2439.5474852873226
2025-02-15,Coat preparation,Road,L,2869.438517535829
2025-08-18,Laying steel rail,Railway,m,1120.8487278187984
2025-02-06,Anchorage,Railway,m2,4616.2939811633505
2025-10-06,Foundation pouring,Building,m3,4805.634490974195
2025-08-03,Walling,Building,m2,615.1300239295371
2025-07-27,Cement making,Building,m3,1771.3997262855069
2025-06-30,Pavement,Road,m2,939.9073127258273
2025-09-14,Anchorage,Railway,m2,918.8258568535313
2025-06-04,Walling,Building,m2,2842.171938790898
2025-10-12,Foundation pouring,Building,m3,1665.5453555901718
2025-08-15,Coat preparation,Road,L,1359.3148585044023
2025-04-24,Iron mining,Railway,m3,4522.798093810581
2025-03-11,Walling,Building,m2,4229.649810094063
2025-01-18,Foundation pouring,Building,m3,4477.390859324982
2025-01-05,Foundation pouring,Building,m3,561.6347249680425
2025-12-22,Rolling/Tractor,Road,m2,918.2872100249213
2025-01-13,Walling,Building,m2,2987.709605742251
2025-05-10,Terrain leveling,Building,m3,4654.196675941419
2025-01-18,Pavement,Road,m2,3860.4948140474953
2025-11-12,Removing trees,Building,m2,2441.671909614475
2025-10-08,Foundation pouring,Building,m3,2288.663208401361
2025-06-17,Coat preparation,Road,L,3305.3216017127606
2025-04-16,Anchorage,Railway,m2,4001.696501150297
2025-06-23,Subbase application,Road,m2,4002.5175836331673
2025-08-29,Ballast,Railway,m3,3638.881851036296
2025-10-09,Pavement,Road,m2,4031.0303285333543
2025-10-29,Ballast,Railway,m3,3712.079905165041
2025-05-22,Iron mining,Railway,m3,1162.8397851234918
2025-07-09,Foundation pouring,Building,m3,3249.6773754204182
2025-04-12,Anchorage,Railway,m2,2221.289310057999
2025-03-30,Cement making,Building,m3,2718.2480307199558
2025-05-21,Anchorage,Railway,m2,609.0065245442178
2025-07-07,Pavement,Road,m2,888.2168812337466
2025-07-06,Anchorage,Railway,m2,2394.708769656797
2025-11-11,Subbase application,Road,m2,681.5271278124052
2025-12-23,Removing trees,Building,m2,3829.1176622681583
2025-01-13,Terrain leveling,Building,m3,3956.1233878311364
2025-07-18,Walling,Building,m2,281.58063312418267
2025-04-02,Coat preparation,Road,L,2559.023500761042
2025-06-26,Walling,Building,m2,4364.358582547273
2025-04-14,Iron mining,Railway,m3,2653.7626182160307
2025-02-24,Foundation pouring,Building,m3,4582.500103589126
2025-04-27,Rolling/Tractor,Road,m2,307.85841835827557
2025-08-17,Subbase application,Road,m2,2152.24432493984
2025-09-09,Coat preparation,Road,L,42.31973042956805
2025-04-05,Walling,Building,m2,2655.348903126063
2025-02-28,Rolling/Tractor,Road,m2,4600.641431074709
2025-08-09,Walling,Building,m2,222.8302766949758
2025-11-21,Walling,Building,m2,3613.621346302573
2025-12-13,Iron mining,Railway,m3,4798.454403157781
2025-08-02,Foundation pouring,Building,m3,2314.9712111377744
2025-05-27,Pavement,Road,m2,4345.88256075322
2025-12-23,Cement making,Building,m3,2619.258231871655
2025-01-07,Removing trees,Building,m2,3306.5323532606503
2025-07-12,Laying steel rail,Railway,m,4998.223876141006
2025-12-12,Iron mining,Railway,m3,157.6630208845575
2025-10-02,Removing trees,Building,m2,2895.917236101786
2025-04-18,Laying steel rail,Railway,m,78.5555276692812
2025-10-16,Walling,Building,m2,291.1224236581561
2025-08-19,Anchorage,Railway,m2,4820.400489848202
2025-02-22,Rolling/Tractor,Road,m2,3252.9323049741392
2025-10-04,Walling,Building,m2,252.9820613569872
2025-02-22,Removing trees,Building,m2,2419.5504965417567
2025-04-24,Cement making,Building,m3,1385.680354427699
2025-06-02,Walling,Building,m2,4660.914450559315
2025-04-13,Pavement,Road,m2,4135.817049378522
2025-09-06,Anchorage,Railway,m2,4333.806187280416
2025-10-28,Walling,Building,m2,3744.902011838726
2025-08-23,Iron mining,Railway,m3,496.9247593145626
2025-10-06,Subbase application,Road,m2,570.7671225455657
2025-03-22,Coat preparation,Road,L,2887.964250702397
2025-09-14,Pavement,Road,m2,3355.6171714311326
2025-10-24,Removing trees,Building,m2,2962.0042278457536
2025-05-23,Cement making,Building,m3,1878.2900242298151
2025-10-26,Iron mining,Railway,m3,4609.242903111809
2025-05-19,Anchorage,Railway,m2,831.972956456608
2025-04-15,Cement making,Building,m3,2490.974782178704
2025-02-25,Terrain leveling,Building,m3,3561.6279252359795
2025-12-05,Terrain leveling,Building,m3,3108.248903704219
2025-12-26,Coat preparation,Road,L,980.6522377150928
2025-07-17,Laying steel rail,Railway,m,3522.281515020893
2025-01-13,Subbase application,Road,m2,1142.9530434366818
2025-05-14,Walling,Building,m2,25.699084115832772
2025-05-08,Removing trees,Building,m2,3950.6150554946316
2025-01-27,Anchorage,Railway,m2,1387.2425849431736
2025-07-11,Rolling/Tractor,Road,m2,1751.5446235217325
2025-01-26,Removing trees,Building,m2,4599.695737324243
2025-05-25,Iron mining,Railway,m3,2845.6091931471233
2025-10-31,Terrain leveling,Building,m3,1313.4280942535138
2025-03-27,Anchorage,Railway,m2,4438.451668332547
2025-12-08,Iron mining,Railway,m3,2469.8564944972527
2025-10-18,Pavement,Road,m2,4422.833390274448
2025-01-19,Laying steel rail,Railway,m,1615.9909011595735
2025-08-13,Walling,Building,m2,638.3900784259761
2025-01-15,Pavement,Road,m2,2210.5796953070276
2025-02-26,Foundation pouring,Building,m3,4369.298408452544
2025-03-15,Subbase application,Road,m2,4073.621173658953
2025-12-21,Pavement,Road,m2,4739.65675373673
2025-04-26,Terrain leveling,Building,m3,3305.449265057764
2025-07-08,Subbase application,Road,m2,2109.348277403513
2025-10-07,Cement making,Building,m3,252.4012746344012
2025-12-16,Anchorage,Railway,m2,4356.636111993531
2025-06-27,Walling,Building,m2,1838.2624597843794
2025-07-24,Walling,Building,m2,2152.465453172631
2025-11-17,Iron mining,Railway,m3,3151.187327512786
2025-11-03,Laying steel rail,Railway,m,627.0111837065806
2025-11-28,Terrain leveling,Building,m3,83.38827789080905
2025-02-16,Foundation pouring,Building,m3,4639.898699909831
2025-02-03,Iron mining,Railway,m3,3996.244882564658
2025-01-05,Ballast,Railway,m3,677.0818623552216
2025-03-30,Laying steel rail,Railway,m,3429.1422830653223
2025-03-12,Subbase application,Road,m2,1991.8172399802081
2025-07-24,Anchorage,Railway,m2,4310.7199010860895
2025-12-15,Cement making,Building,m3,2313.631581940842
2025-05-12,Foundation pouring,Building,m3,2662.590195259576
2025-11-11,Foundation pouring,Building,m3,1393.6072406903493
2025-06-28,Terrain leveling,Building,m3,3526.1254967471973
2025-03-22,Walling,Building,m2,9.57215244731968
2025-05-18,Walling,Building,m2,1582.6676609303663
2025-02-15,Terrain leveling,Building,m3,4290.592607852074
2025-01-18,Laying steel rail,Railway,m,2388.377641445162
2025-06-13,Laying steel rail,Railway,m,1353.136420603126
2025-08-25,Ballast,Railway,m3,4190.731729878276
2025-07-17,Ballast,Railway,m3,4084.874482178562
2025-01-28,Iron mining,Railway,m3,2240.014588692108
2025-12-21,Rolling/Tractor,Road,m2,4326.676709421775
2025-08-05,Iron mining,Railway,m3,2333.6361245156468
2025-05-06,Walling,Building,m2,1846.1482975492777
2025-10-13,Walling,Building,m2,4933.0851654056605
2025-11-08,Pavement,Road,m2,3071.1672760950905
2025-07-19,Removing trees,Building,m2,3644.146717705241
2025-07-03,Anchorage,Railway,m2,2060.272717408431
2025-12-05,Ballast,Railway,m3,2643.7958463820382
2025-06-14,Pavement,Road,m2,3176.2961730261786
2025-03-26,Laying steel rail,Railway,m,936.9944546100068
2025-09-30,Iron mining,Railway,m3,1245.026448605287
2025-06-30,Laying steel rail,Railway,m,1220.3523926846776
2025-04-09,Ballast,Railway,m3,2013.5728301559725
2025-05-08,Terrain leveling,Building,m3,2876.0843925466743
2025-07-23,Pavement,Road,m2,1661.90548351698
2025-08-08,Iron mining,Railway,m3,4899.53989081871
2025-09-23,Pavement,Road,m2,201.16584174784236
2025-07-11,Rolling/Tractor,Road,m2,1729.3604406106117
2025-05-08,Rolling/Tractor,Road,m2,345.9746830317889
2025-04-03,Walling,Building,m2,4275.432549612342
2025-02-03,Pavement,Road,m2,1954.224190210308
2025-03-03,Terrain leveling,Building,m3,2372.5492175473155
2025-03-19,Cement making,Building,m3,262.7046627607316
2025-09-25,Cement making,Building,m3,3295.225677787578
2025-10-07,Pavement,Road,m2,4833.2252184164145
2025-01-24,Terrain leveling,Building,m3,2391.4845368698248
2025-08-20,Rolling/Tractor,Road,m2,581.3863578053874
2025-10-09,Coat preparation,Road,L,4792.53784585033
2025-08-29,Cement making,Building,m3,3255.4304940411357
2025-04-07,Rolling/Tractor,Road,m2,1164.9394435210513
2025-09-09,Removing trees,Building,m2,1829.131475823807
2025-03-24,Iron mining,Railway,m3,2647.628590670918
2025-01-29,Anchorage,Railway,m2,80.82143558587774
2025-06-12,Ballast,Railway,m3,1185.870309333137
2025-03-22,Ballast,Railway,m3,4057.630076941064
2025-10-20,Subbase application,Road,m2,2086.8301570517733
2025-03-31,Ballast,Railway,m3,1623.922962928589
2025-03-10,Cement making,Building,m3,2598.703519851932
2025-07-19,Anchorage,Railway,m2,2116.7512871006306
2025-05-28,Iron mining,Railway,m3,2900.0946527196247
2025-03-03,Pavement,Road,m2,3576.7164477826054
2025-08-15,Coat preparation,Road,L,1993.7719879479764
2025-03-03,Iron mining,Railway,m3,1684.7367530208285
2025-10-26,Rolling/Tractor,Road,m2,3465.9068217383406
2025-01-18,Subbase application,Road,m2,3555.37715064214
2025-09-03,Foundation pouring,Building,m3,3907.2341728747488
2025-11-19,Iron mining,Railway,m3,2854.1505956407073
2025-02-03,Terrain leveling,Building,m3,1426.9172510824262
2025-02-18,Iron mining,Railway,m3,304.86610819321913
2025-06-13,Laying steel rail,Railway,m,3225.788651042544
2025-09-03,Iron mining,Railway,m3,4815.913793271175
2025-06-09,Ballast,Railway,m3,4657.499593134142
2025-04-01,Terrain leveling,Building,m3,10.440770115422993
2025-08-12,Subbase application,Road,m2,3790.217154050149
2025-06-22,Ballast,Railway,m3,520.6650511042416
2025-07-21,Iron mining,Railway,m3,3806.03829694729
2025-12-03,Laying steel rail,Railway,m,1673.9397875331224
2025-05-28,Terrain leveling,Building,m3,2930.273319901591
2025-12-23,Foundation pouring,Building,m3,4127.354215770017
2025-04-03,Iron mining,Railway,m3,180.10614642706756
2025-04-01,Subbase application,Road,m2,1115.2373294796537
2025-07-11,Removing trees,Building,m2,3445.654584602158
2025-03-31,Cement making,Building,m3,1573.3876507270256
2025-09-09,Cement making,Building,m3,71.78928277115193
2025-03-24,Walling,Building,m2,1855.5493604746187
2025-07-12,Rolling/Tractor,Road,m2,3673.77511138088
2025-09-11,Ballast,Railway,m3,718.8106806586563
2025-01-09,Iron mining,Railway,m3,3793.2720704384947
2025-08-22,Coat preparation,Road,L,929.3136670897239
2025-04-20,Cement making,Building,m3,2754.7817988311454
2025-01-10,Laying steel rail,Railway,m,2228.924652791754
2025-01-10,Pavement,Road,m2,4709.393974688235
2025-11-29,Ballast,Railway,m3,3555.1569996864428
2025-12-24,Laying steel rail,Railway,m,2017.734626685298
2025-11-27,Anchorage,Railway,m2,665.4012361110845
2025-05-16,Foundation pouring,Building,m3,414.2424834016711
2025-07-28,Foundation pouring,Building,m3,2573.998674239649
2025-04-01,Subbase application,Road,m2,4569.095489354615
2025-06-19,Subbase application,Road,m2,2155.369666455805
2025-03-26,Removing trees,Building,m2,4902.948759866622
2025-07-20,Anchorage,Railway,m2,1633.629299012019
2025-11-12,Terrain leveling,Building,m3,3665.6503143704335
2025-10-03,Subbase application,Road,m2,501.11814229356344
2025-06-25,Cement making,Building,m3,2137.7021331522706
2025-06-13,Coat preparation,Road,L,264.145653791103
2025-08-19,Laying steel rail,Railway,m,1298.7125407766148
2025-06-19,Removing trees,Building,m2,2679.9631181565164
2025-05-20,Anchorage,Railway,m2,2798.6025731678697
2025-06-02,Removing trees,Building,m2,4247.407277596971
2025-02-13,Anchorage,Railway,m2,1604.934309311934
2025-05-05,Ballast,Railway,m3,2364.5058652616513
2025-05-29,Pavement,Road,m2,2245.3228606611065
2025-04-18,Coat preparation,Road,L,1036.2227349381808
2025-03-31,Removing trees,Building,m2,4251.278137349099
2025-08-15,Cement making,Building,m3,1367.9070701562518
2025-02-06,Foundation pouring,Building,m3,3794.650895510321
2025-12-26,Cement making,Building,m3,2425.2611648506154
2025-08-31,Subbase application,Road,m2,817.6774601063336
2025-03-02,Anchorage,Railway,m2,3786.978970728256
2025-12-25,Removing trees,Building,m2,2341.836504901552
2025-02-03,Ballast,Railway,m3,215.72353156181222
2025-09-15,Walling,Building,m2,2420.6424193673283
2025-06-28,Iron mining,Railway,m3,1077.8027032070042
2025-04-03,Walling,Building,m2,4120.26742467151
2025-11-16,Subbase application,Road,m2,249.5982887061726
2025-03-07,Coat preparation,Road,L,4384.542009394764
2025-06-16,Terrain leveling,Building,m3,3354.2478350421256
2025-07-05,Terrain leveling,Building,m3,4004.352612269373
2025-12-07,Subbase application,Road,m2,916.8642152833961
2025-07-25,Terrain leveling,Building,m3,3674.522970011042
2025-08-28,Cement making,Building,m3,2849.1812957135994
2025-12-21,Rolling/Tractor,Road,m2,2214.588097194839
2025-08-29,Walling,Building,m2,4060.29233376506
2025-01-13,Terrain leveling,Building,m3,2055.999292640337
2025-01-30,Subbase application,Road,m2,4721.320630883281
2025-08-08,Rolling/Tractor,Road,m2,2581.639736352684
2025-11-27,Rolling/Tractor,Road,m2,4117.538110336903
2025-05-15,Subbase application,Road,m2,2540.374158259924
2025-12-05,Foundation pouring,Building,m3,3227.595303570075
2025-01-18,Ballast,Railway,m3,4667.868640697258
2025-02-05,Terrain leveling,Building,m3,349.0044897112815
2025-05-16,Pavement,Road,m2,3615.134086347365
2025-11-14,Terrain leveling,Building,m3,2711.551106889636
2025-12-18,Pavement,Road,m2,2030.0884619239446
2025-11-18,Rolling/Tractor,Road,m2,2102.4944656567436
2025-03-30,Pavement,Road,m2,38.67939024930101
2025-03-03,Laying steel rail,Railway,m,2882.7391437025194
2025-01-07,Subbase application,Road,m2,3736.4332037166137
2025-08-30,Terrain leveling,Building,m3,3261.9627076716324
2025-05-29,Ballast,Railway,m3,606.2313693784033
2025-08-24,Terrain leveling,Building,m3,1480.2005069625873
2025-12-15,Walling,Building,m2,923.0759447800796
2025-10-08,Subbase application,Road,m2,4317.711654483891
2025-09-21,Ballast,Railway,m3,2262.8874809591
2025-06-28,Pavement,Road,m2,4625.069451989692
2025-07-08,Ballast,Railway,m3,4693.133715026386
2025-05-30,Subbase application,Road,m2,3879.1706652418943
2025-04-05,Iron mining,Railway,m3,1253.3656009882354
2025-03-02,Foundation pouring,Building,m3,972.9821426374447
2025-03-01,Ballast,Railway,m3,1020.4490954742562
2025-11-06,Terrain leveling,Building,m3,928.9325372217411
2025-10-24,Ballast,Railway,m3,655.2108004768514
2025-12-18,Foundation pouring,Building,m3,176.391922650202
2025-09-09,Foundation pouring,Building,m3,2525.0378548326375
2025-07-18,Anchorage,Railway,m2,4688.012248072818
2025-01-22,Ballast,Railway,m3,4643.212116279789
2025-10-20,Iron mining,Railway,m3,4160.057895589061
2025-05-22,Pavement,Road,m2,1034.8470553821737
2025-03-31,Rolling/Tractor,Road,m2,627.3316790506384
2025-07-20,Iron mining,Railway,m3,3177.5031657251875
2025-12-24,Laying steel rail,Railway,m,1299.8840899856418
2025-09-15,Pavement,Road,m2,3740.0649545047286
2025-04-22,Coat preparation,Road,L,3919.2228134599454
2025-01-29,Terrain leveling,Building,m3,1496.2975016985674
2025-10-19,Coat preparation,Road,L,3775.9549773940194
2025-10-16,Coat preparation,Road,L,4481.58065193995
2025-08-25,Coat preparation,Road,L,475.28204627386884
2025-07-09,Iron mining,Railway,m3,1826.437702344929
2025-11-20,Coat preparation,Road,L,2145.023059466508
2025-09-15,Ballast,Railway,m3,294.2883405539909
2025-12-14,Anchorage,Railway,m2,663.1944966942849
2025-02-09,Ballast,Railway,m3,100.90903555830533
2025-03-17,Cement making,Building,m3,3545.871813837791
2025-01-22,Walling,Building,m2,1748.7869855519534
2025-11-13,Walling,Building,m2,1835.1909846627361
2025-02-23,Walling,Building,m2,3192.2026848771284
2025-08-15,Coat preparation,Road,L,912.8874372915924
2025-10-01,Rolling/Tractor,Road,m2,3901.6229552241725
2025-01-06,Walling,Building,m2,2934.5843296733815
2025-05-14,Foundation pouring,Building,m3,2233.8814345718442
2025-12-19,Foundation pouring,Building,m3,128.84208869339332
2025-10-15,Subbase application,Road,m2,2774.5797034791867
2025-10-25,Removing trees,Building,m2,2674.373960590292
2025-09-01,Ballast,Railway,m3,9.934499600962043
2025-05-29,Rolling/Tractor,Road,m2,197.29996946316385
2025-07-20,Rolling/Tractor,Road,m2,237.61673215494326
2025-01-12,Walling,Building,m2,2103.195748038163
2025-08-16,Cement making,Building,m3,142.48035808059333
2025-10-22,Removing trees,Building,m2,3258.2251809606096
2025-08-06,Pavement,Road,m2,2967.9119583665993
2025-12-26,Rolling/Tractor,Road,m2,2788.9338193116896
2025-02-08,Iron mining,Railway,m3,2903.1051048714853
2025-10-13,Coat preparation,Road,L,1607.2832314995978
2025-01-16,Foundation pouring,Building,m3,3799.0654908048514
2025-07-14,Coat preparation,Road,L,3359.098791815148
2025-05-23,Iron mining,Railway,m3,1911.5997561165775
2025-10-08,Anchorage,Railway,m2,2809.9920677451855
2025-07-04,Rolling/Tractor,Road,m2,1259.8715263857334
2025-07-25,Iron mining,Railway,m3,4739.616388113598
2025-09-08,Iron mining,Railway,m3,2768.0851822238237
2025-06-19,Laying steel rail,Railway,m,1526.293128941315
2025-02-24,Laying steel rail,Railway,m,431.1684497376012
2025-12-14,Walling,Building,m2,3129.9616247390295
2025-04-07,Iron mining,Railway,m3,3790.494040359455
2025-08-06,Removing trees,Building,m2,2779.2754110548253
2025-09-09,Ballast,Railway,m3,422.1274295839661
2025-09-08,Subbase application,Road,m2,4542.608427804219
2025-07-03,Anchorage,Railway,m2,499.09919824781156
2025-11-03,Anchorage,Railway,m2,1113.7025125187822
2025-03-30,Subbase application,Road,m2,783.9442342167619
2025-08-20,Rolling/Tractor,Road,m2,618.5590125113621
2025-11-13,Coat preparation,Road,L,4303.261977857994
2025-05-11,Pavement,Road,m2,3395.652788932681
2025-08-17,Pavement,Road,m2,1039.2452649896804
2025-07-19,Anchorage,Railway,m2,2408.2499151063375
2025-05-07,Cement making,Building,m3,2002.7932352235177
2025-02-18,Ballast,Railway,m3,4904.001195507471
2025-02-23,Rolling/Tractor,Road,m2,4209.626601628241
2025-04-07,Iron mining,Railway,m3,1878.428634283935
2025-12-12,Laying steel rail,Railway,m,1217.3022807500095
2025-12-14,Pavement,Road,m2,3857.6310814000026
2025-03-12,Cement making,Building,m3,1771.5915163871975
2025-04-19,Removing trees,Building,m2,70.6258026081652
2025-01-12,Terrain leveling,Building,m3,2701.6324438210336
2025-06-24,Pavement,Road,m2,3609.182106688208
2025-09-13,Laying steel rail,Railway,m,3862.7564446672664
2025-04-23,Cement making,Building,m3,1095.6425440031776
2025-07-02,Foundation pouring,Building,m3,3693.958350643806
2025-06-03,Laying steel rail,Railway,m,4416.801604927995
2025-04-28,Coat preparation,Road,L,4795.544908127574
2025-12-26,Rolling/Tractor,Road,m2,2501.009574110554
2025-08-24,Ballast,Railway,m3,1975.3487895904432
2025-06-28,Rolling/Tractor,Road,m2,2979.782585899749
2025-04-12,Subbase application,Road,m2,14.69208977693981
2025-04-28,Laying steel rail,Railway,m,4994.663352052575
2025-02-10,Terrain leveling,Building,m3,3195.572784194458
2025-03-06,Pavement,Road,m2,2792.1346392098994
2025-03-14,Iron mining,Railway,m3,1557.733624025871
2025-12-27,Coat preparation,Road,L,3048.124524336286
2025-07-14,Coat preparation,Road,L,4239.65598379825
2025-01-15,Terrain leveling,Building,m3,1830.0488047155445
2025-09-07,Laying steel rail,Railway,m,4844.253221429304
2025-03-03,Ballast,Railway,m3,2536.2533006462263
2025-10-13,Iron mining,Railway,m3,2973.16824172121
2025-08-05,Rolling/Tractor,Road,m2,1144.8810400552939
2025-02-22,Anchorage,Railway,m2,230.01678598714048
2025-08-16,Subbase application,Road,m2,2298.193031930363
2025-11-28,Subbase application,Road,m2,4611.451860554252
2025-04-22,Ballast,Railway,m3,3582.6928780250914
2025-05-20,Removing trees,Building,m2,3216.2200399540507
2025-07-14,Pavement,Road,m2,3325.40613868664
2025-12-23,Pavement,Road,m2,2208.9756206754773
2025-08-16,Subbase application,Road,m2,1094.5518546047113
2025-08-18,Coat preparation,Road,L,2501.930244757526
2025-12-13,Coat preparation,Road,L,2197.7421016498834
2025-07-01,Rolling/Tractor,Road,m2,3359.7261711193196
2025-05-24,Walling,Building,m2,1938.7104627873314
2025-01-03,Terrain leveling,Building,m3,209.40428735741924
2025-04-28,Coat preparation,Road,L,4397.268740194086
2025-08-24,Anchorage,Railway,m2,2138.0259495411847
2025-04-01,Coat preparation,Road,L,506.4417327885168
2025-02-24,Removing trees,Building,m2,3597.313326556275
2025-12-19,Cement making,Building,m3,3232.134513349855
2025-07-09,Subbase application,Road,m2,4591.392082934222
2025-12-21,Subbase application,Road,m2,2527.7288940242006
2025-07-03,Terrain leveling,Building,m3,2406.012370479005
2025-09-28,Subbase application,Road,m2,1299.0228563083606
2025-06-07,Foundation pouring,Building,m3,2723.0271302414512
2025-01-17,Removing trees,Building,m2,2031.1675355158854
2025-10-14,Terrain leveling,Building,m3,651.8371467786227
2025-08-18,Subbase application,Road,m2,3702.792698823547
2025-12-08,Removing trees,Building,m2,871.2619247102526
2025-10-30,Anchorage,Railway,m2,3644.3528720108548
2025-07-01,Cement making,Building,m3,1204.0185942864357
2025-03-16,Ballast,Railway,m3,635.6947272812403
2025-05-22,Rolling/Tractor,Road,m2,4706.742205403685
2025-03-06,Anchorage,Railway,m2,4626.690131439095
2025-10-10,Coat preparation,Road,L,838.1527364001612
2025-06-09,Removing trees,Building,m2,1396.086360484357
2025-11-01,Rolling/Tractor,Road,m2,1725.3835652237449
2025-03-24,Subbase application,Road,m2,425.97868205324295
2025-08-12,Coat preparation,Road,L,2664.267132780799
2025-05-09,Terrain leveling,Building,m3,2497.861789620479
2025-11-12,Removing trees,Building,m2,3116.08942174032
2025-07-02,Foundation pouring,Building,m3,543.2866477067411
2025-05-26,Laying steel rail,Railway,m,1875.376798304928
2025-07-31,Rolling/Tractor,Road,m2,4186.850468660054
2025-03-27,Anchorage,Railway,m2,226.95860045458704
2025-06-17,Iron mining,Railway,m3,3077.543178498583
2025-11-14,Laying steel rail,Railway,m,4654.0220541643985
2025-11-01,Subbase application,Road,m2,2439.2252851378184
2025-05-22,Foundation pouring,Building,m3,4542.1820697488665
2025-09-06,Cement making,Building,m3,1501.9442585420422
2025-12-11,Laying steel rail,Railway,m,3809.6353880774986
2025-10-12,Terrain leveling,Building,m3,2369.5046142334804
2025-10-26,Foundation pouring,Building,m3,3114.057954399865
2025-02-05,Terrain leveling,Building,m3,998.6782535990951
2025-06-17,Cement making,Building,m3,3298.6834689501648
2025-08-22,Ballast,Railway,m3,3922.017001233484
2025-08-31,Foundation pouring,Building,m3,1770.5265455962522
2025-06-23,Terrain leveling,Building,m3,4046.6426653011317
2025-09-02,Rolling/Tractor,Road,m2,2202.382926699386
2025-05-21,Terrain leveling,Building,m3,1759.7397201012193
2025-05-15,Foundation pouring,Building,m3,1138.3579681007911
2025-08-20,Pavement,Road,m2,918.7389972784105
2025-05-29,Subbase application,Road,m2,2003.3898999752676
2025-01-29,Pavement,Road,m2,3398.2094334573776
2025-02-25,Removing trees,Building,m2,585.598887818225
2025-07-22,Ballast,Railway,m3,300.99430293784036
2025-11-28,Anchorage,Railway,m2,4113.216131884862
2025-05-10,Subbase application,Road,m2,2859.7433489546224
2025-10-16,Iron mining,Railway,m3,2594.1115018798505
2025-09-09,Cement making,Building,m3,3395.173697970703
2025-01-05,Pavement,Road,m2,2556.223192111811
2025-10-14,Pavement,Road,m2,1444.4979349555647
2025-09-03,Pavement,Road,m2,4824.016483812342
2025-08-07,Rolling/Tractor,Road,m2,1609.7116989569438
2025-10-21,Coat preparation,Road,L,4513.901057807483
2025-02-24,Cement making,Building,m3,2629.9311382237424
2025-02-15,Terrain leveling,Building,m3,4226.5750764166805
2025-11-27,Ballast,Railway,m3,3280.7048219045264
2025-01-13,Coat preparation,Road,L,4074.737215477156
2025-04-24,Removing trees,Building,m2,4619.023659554523
2025-02-16,Laying steel rail,Railway,m,2000.525161502409
2025-06-11,Cement making,Building,m3,3795.3697904365836
2025-05-01,Laying steel rail,Railway,m,2020.3328672053267
2025-09-22,Coat preparation,Road,L,1660.153327261471
2025-11-22,Cement making,Building,m3,4969.1104892144185
2025-03-12,Coat preparation,Road,L,1014.7903503472133
2025-01-08,Removing trees,Building,m2,1807.528207305768
2025-02-12,Rolling/Tractor,Road,m2,3957.8056768272413
2025-03-29,Terrain leveling,Building,m3,3081.020037533545
2025-07-18,Ballast,Railway,m3,4010.932960477969
2025-07-06,Rolling/Tractor,Road,m2,4079.1454452820353
2025-02-02,Rolling/Tractor,Road,m2,783.344540907781
2025-08-31,Rolling/Tractor,Road,m2,4208.179808669552
2025-12-24,Pavement,Road,m2,2844.833308330216
2025-04-03,Terrain leveling,Building,m3,4052.564169236132
2025-02-07,Ballast,Railway,m3,2278.8515501813777
2025-11-08,Subbase application,Road,m2,1226.8185864892778
2025-02-11,Ballast,Railway,m3,418.5138173520958
2025-02-05,Terrain leveling,Building,m3,2995.6917087374827
2025-02-15,Walling,Building,m2,2424.587619903624
2025-09-17,Subbase application,Road,m2,2525.45132548025
2025-08-23,Cement making,Building,m3,4332.608231071886
2025-03-16,Walling,Building,m2,1703.9950022236371
2025-01-10,Walling,Building,m2,3711.914793566463
2025-04-29,Pavement,Road,m2,584.4051593066246
2025-07-18,Foundation pouring,Building,m3,2174.835303093836
2025-01-07,Coat preparation,Road,L,440.11160758643695
2025-09-09,Anchorage,Railway,m2,3228.5570918440676
2025-02-02,Terrain leveling,Building,m3,4116.236667457825
2025-03-17,Coat preparation,Road,L,2751.374376021935
2025-06-16,Subbase application,Road,m2,1189.1585234058916
2025-04-20,Anchorage,Railway,m2,121.86838608163997
2025-11-18,Coat preparation,Road,L,2444.8653036218566
2025-02-14,Cement making,Building,m3,3453.8619999731523
2025-05-27,Foundation pouring,Building,m3,4318.207816282271
2025-03-08,Ballast,Railway,m3,758.3139299570013
2025-08-02,Iron mining,Railway,m3,1333.477439787239
2025-01-08,Iron mining,Railway,m3,229.14304838666132
2025-07-15,Removing trees,Building,m2,2807.5046059249166
2025-02-24,Pavement,Road,m2,343.661977769989
2025-02-20,Iron mining,Railway,m3,2347.228480923542
2025-01-22,Pavement,Road,m2,1487.0706942247598
2025-01-19,Subbase application,Road,m2,3143.8464470802314
2025-12-20,Foundation pouring,Building,m3,3308.4187207660116
2025-05-09,Rolling/Tractor,Road,m2,3056.4992498684264
2025-01-27,Terrain leveling,Building,m3,743.5688853120942
2025-01-25,Rolling/Tractor,Road,m2,2733.153591861056
2025-02-07,Rolling/Tractor,Road,m2,4396.8331207209
2025-01-06,Foundation pouring,Building,m3,2949.9389861087893
2025-05-12,Ballast,Railway,m3,4851.829380974354
2025-07-11,Subbase application,Road,m2,4299.603266445039
2025-07-24,Rolling/Tractor,Road,m2,3125.3322429676427
2025-02-03,Subbase application,Road,m2,4833.7530806591985
2025-01-11,Walling,Building,m2,323.93362142412394
2025-02-27,Walling,Building,m2,3192.8090213617825
2025-03-18,Pavement,Road,m2,1097.5403450310544
2025-10-30,Walling,Building,m2,3744.671987938645
2025-02-06,Foundation pouring,Building,m3,4488.352571821457
2025-05-03,Walling,Building,m2,3822.372859196052
2025-04-17,Walling,Building,m2,4578.073149031957
2025-03-10,Anchorage,Railway,m2,4998.761908904372
2025-03-28,Ballast,Railway,m3,1065.6901319931117
2025-01-24,Coat preparation,Road,L,1580.7431750531148
2025-07-31,Walling,Building,m2,3736.0863648358345
2025-04-28,Ballast,Railway,m3,4936.7159488517955
2025-01-10,Laying steel rail,Railway,m,1175.70220077571
2025-11-15,Anchorage,Railway,m2,1600.6601408605798
2025-11-18,Foundation pouring,Building,m3,72.0995539353242
2025-03-08,Laying steel rail,Railway,m,2208.4919733783563
2025-03-28,Coat preparation,Road,L,813.0366547794554
2025-05-17,Pavement,Road,m2,522.5740199536183
2025-01-26,Ballast,Railway,m3,4737.901282871367
2025-10-02,Foundation pouring,Building,m3,4066.1369642751033
2025-09-08,Laying steel rail,Railway,m,4447.302176271169
2025-01-18,Removing trees,Building,m2,2120.2721472163034
2025-04-13,Foundation pouring,Building,m3,2749.3855263859714
2025-05-17,Terrain leveling,Building,m3,1103.3669248019696
2025-07-30,Subbase application,Road,m2,1614.990216173402
2025-05-18,Removing trees,Building,m2,2149.5523167490214
2025-03-02,Removing trees,Building,m2,1475.9538925145132
2025-07-04,Foundation pouring,Building,m3,193.94721121271053
2025-06-07,Walling,Building,m2,4176.436806278016
2025-10-05,Cement making,Building,m3,2145.130730839207
2025-06-23,Subbase application,Road,m2,1267.6599202505602
2025-07-15,Ballast,Railway,m3,4038.143703767171
2025-11-30,Terrain leveling,Building,m3,1310.4260706946425
2025-04-25,Pavement,Road,m2,1095.0780374409674
2025-07-07,Laying steel rail,Railway,m,1652.560237955854
2025-09-27,Coat preparation,Road,L,1727.4935305399747
2025-12-13,Coat preparation,Road,L,2312.1997658788373
2025-10-05,Subbase application,Road,m2,2969.9220447283005
2025-04-27,Pavement,Road,m2,3201.776120103635
2025-12-29,Rolling/Tractor,Road,m2,3082.8690116298358
2025-09-27,Rolling/Tractor,Road,m2,3847.5540048572157
2025-08-23,Rolling/Tractor,Road,m2,1975.164217928575
2025-07-25,Laying steel rail,Railway,m,2918.557345188468
2025-01-06,Anchorage,Railway,m2,209.28620936850328
2025-04-14,Walling,Building,m2,3496.3643931224096
2025-05-30,Subbase application,Road,m2,1131.3040016170878
2025-06-28,Foundation pouring,Building,m3,4860.182113012072
2025-07-26,Anchorage,Railway,m2,2743.1351834513484
2025-03-07,Iron mining,Railway,m3,193.29946930525531
2025-08-23,Pavement,Road,m2,3364.5675808008514
2025-03-26,Laying steel rail,Railway,m,2647.8116197436725
2025-12-19,Anchorage,Railway,m2,3643.486707370466
2025-05-23,Walling,Building,m2,4541.6425413156985
2025-06-04,Subbase application,Road,m2,2714.390308504972
2025-02-17,Foundation pouring,Building,m3,1559.460093775714
2025-02-04,Terrain leveling,Building,m3,98.85451421365654
2025-09-22,Coat preparation,Road,L,2938.0579687864147
2025-10-21,Subbase application,Road,m2,1530.303941139925
2025-09-01,Cement making,Building,m3,35.03068067330417
2025-06-24,Foundation pouring,Building,m3,4184.272642542011
2025-10-11,Cement making,Building,m3,4001.8019167502484
2025-09-17,Laying steel rail,Railway,m,2641.2275338998825
2025-10-26,Pavement,Road,m2,3649.9022217686056
2025-08-02,Cement making,Building,m3,310.7691710079341
2025-11-19,Cement making,Building,m3,3951.291456179462
2025-12-15,Coat preparation,Road,L,3434.268438418283
2025-06-23,Terrain leveling,Building,m3,3934.8471208813207
2025-11-05,Anchorage,Railway,m2,1260.2986685352646
2025-09-28,Anchorage,Railway,m2,4314.109241782369
2025-10-04,Anchorage,Railway,m2,1577.9864522614228
2025-11-29,Foundation pouring,Building,m3,4835.094158040699
2025-03-25,Anchorage,Railway,m2,1693.9183873776076
2025-01-02,Anchorage,Railway,m2,693.4365385002922
2025-02-03,Laying steel rail,Railway,m,4766.677675967419
2025-11-27,Laying steel rail,Railway,m,1110.1428515455914
2025-12-17,Walling,Building,m2,2459.4731609135483
2025-03-03,Walling,Building,m2,244.56980556264497
2025-03-22,Foundation pouring,Building,m3,4347.586097539676
2025-05-15,Pavement,Road,m2,578.4729635715491
2025-09-06,Ballast,Railway,m3,807.2783961352459
2025-10-29,Terrain leveling,Building,m3,3039.591713733825
2025-03-22,Ballast,Railway,m3,22.053699342367562
2025-12-26,Ballast,Railway,m3,807.582856008791
2025-06-26,Anchorage,Railway,m2,748.2673700554582
2025-01-21,Removing trees,Building,m2,3616.4301835406427
2025-09-12,Foundation pouring,Building,m3,4984.467337203524
2025-08-12,Iron mining,Railway,m3,639.8287894145905
2025-07-11,Terrain leveling,Building,m3,4258.796536063764
2025-08-08,Cement making,Building,m3,3720.453707186359
2025-11-08,Removing trees,Building,m2,2879.4686459459617
2025-07-17,Rolling/Tractor,Road,m2,2828.3271971437725
2025-06-28,Terrain leveling,Building,m3,2849.7781129024206
2025-02-25,Terrain leveling,Building,m3,552.4150978222581
2025-11-09,Removing trees,Building,m2,4818.237267127136
2025-02-18,Cement making,Building,m3,1034.719584579626
2025-09-28,Foundation pouring,Building,m3,175.03651619045547
2025-08-25,Removing trees,Building,m2,1735.970610493589
2025-11-11,Pavement,Road,m2,1398.7674267869938
2025-07-25,Foundation pouring,Building,m3,2511.8905878600785
2025-03-01,Removing trees,Building,m2,4854.760996551493
2025-05-05,Foundation pouring,Building,m3,3711.164268183015
2025-04-20,Terrain leveling,Building,m3,1222.9010524639723
2025-09-18,Walling,Building,m2,1959.7669485405129
2025-07-30,Pavement,Road,m2,3534.6545966636695
2025-10-14,Ballast,Railway,m3,4347.181482196919
2025-10-18,Ballast,Railway,m3,3794.4893216457726
2025-06-08,Foundation pouring,Building,m3,2301.116394353101
2025-05-21,Pavement,Road,m2,2389.8540165422323
2025-09-16,Pavement,Road,m2,3248.3416041721653
2025-11-30,Rolling/Tractor,Road,m2,918.4018070718108
2025-08-19,Removing trees,Building,m2,4476.801646410524
2025-03-06,Foundation pouring,Building,m3,814.9249737722497
2025-01-31,Walling,Building,m2,4501.710522805223
2025-12-27,Terrain leveling,Building,m3,1799.2051407161064
2025-11-18,Terrain leveling,Building,m3,806.2366541896394
2025-05-30,Walling,Building,m2,3917.209379656166
2025-06-02,Coat preparation,Road,L,1482.8816567883257
2025-08-18,Ballast,Railway,m3,2961.1856209058565
2025-03-02,Pavement,Road,m2,4998.829111593642
2025-10-31,Laying steel rail,Railway,m,650.5330478033688
2025-09-11,Cement making,Building,m3,1798.3845519320919
2025-01-02,Anchorage,Railway,m2,4877.989977180434
2025-10-08,Coat preparation,Road,L,1535.9840475087894
2025-11-29,Anchorage,Railway,m2,1989.7530588015688
2025-10-22,Ballast,Railway,m3,2498.845791920212
2025-09-21,Subbase application,Road,m2,2810.5115456325034
2025-03-10,Iron mining,Railway,m3,2870.781032515574
2025-10-15,Walling,Building,m2,3453.8560161188734
2025-11-28,Rolling/Tractor,Road,m2,1346.4432787831488
2025-03-05,Terrain leveling,Building,m3,4805.750178190988
2025-01-04,Anchorage,Railway,m2,4713.726621120941
2025-02-08,Coat preparation,Road,L,3536.2907866188266
2025-05-19,Pavement,Road,m2,4163.3533393093285
2025-03-01,Foundation pouring,Building,m3,107.22502623821629
2025-11-04,Cement making,Building,m3,2588.02457758854
2025-11-09,Cement making,Building,m3,4195.948538823182
2025-07-12,Cement making,Building,m3,1124.8104602841124
2025-05-24,Foundation pouring,Building,m3,1369.1227333214717
2025-03-30,Iron mining,Railway,m3,1846.5926566470525
2025-09-21,Coat preparation,Road,L,1500.678244492673
2025-07-09,Ballast,Railway,m3,1291.0593969172196
2025-08-14,Laying steel rail,Railway,m,4051.712987011254
2025-06-18,Pavement,Road,m2,3445.59621183039
2025-05-09,Subbase application,Road,m2,3797.4526586325424
2025-03-30,Foundation pouring,Building,m3,4696.89450680161
2025-05-19,Rolling/Tractor,Road,m2,1204.666415767288
2025-02-09,Foundation pouring,Building,m3,3965.5559981932242
2025-02-08,Iron mining,Railway,m3,1409.2757554814077
2025-03-17,Subbase application,Road,m2,4935.646220834767
2025-02-21,Cement making,Building,m3,1517.7605870397476
2025-02-28,Removing trees,Building,m2,661.1290143359977
2025-01-27,Removing trees,Building,m2,828.6513986993277
2025-09-25,Cement making,Building,m3,2386.3876355758116
2025-01-03,Ballast,Railway,m3,3035.062838105899
2025-03-05,Anchorage,Railway,m2,704.4477778395269
2025-08-01,Removing trees,Building,m2,2690.9050515848503
2025-12-29,Removing trees,Building,m2,4038.7976826948634
2025-08-09,Cement making,Building,m3,4289.026922281269
2025-12-07,Terrain leveling,Building,m3,3264.4433184950076
2025-05-05,Coat preparation,Road,L,1467.8836181263412
2025-07-05,Pavement,Road,m2,269.533137645257
2025-07-08,Foundation pouring,Building,m3,3815.04709317148
2025-11-17,Cement making,Building,m3,3635.8675739000328
2025-12-22,Foundation pouring,Building,m3,823.5270455037369
2025-01-12,Subbase application,Road,m2,1917.1251030833707
2025-06-14,Ballast,Railway,m3,3054.8593540712777
2025-02-26,Coat preparation,Road,L,296.7680567848663
2025-05-12,Cement making,Building,m3,1917.5395861777122
2025-10-02,Removing trees,Building,m2,2589.3276604616776
2025-08-29,Rolling/Tractor,Road,m2,1548.7855085560975
2025-02-13,Iron mining,Railway,m3,3531.957891323329
2025-12-03,Coat preparation,Road,L,2631.8596301755383
2025-11-22,Foundation pouring,Building,m3,1317.5142781857985
2025-04-19,Walling,Building,m2,2052.165044977181
2025-08-15,Coat preparation,Road,L,3112.5625947803105
2025-05-04,Terrain leveling,Building,m3,3726.855935255548
2025-10-09,Rolling/Tractor,Road,m2,4447.128556262927
2025-01-30,Cement making,Building,m3,1790.4204460618978
2025-03-13,Rolling/Tractor,Road,m2,2468.014812925956
2025-03-31,Ballast,Railway,m3,3310.154846021329
2025-07-18,Removing trees,Building,m2,3021.3606298072095
2025-06-20,Iron mining,Railway,m3,4490.058078013803
2025-10-11,Iron mining,Railway,m3,2826.9072185192035
2025-03-03,Subbase application,Road,m2,3720.7286713379517
2025-09-24,Cement making,Building,m3,2877.1353218172812
2025-06-23,Subbase application,Road,m2,1089.499786375241
2025-05-29,Iron mining,Railway,m3,2936.901281278354
2025-09-07,Subbase application,Road,m2,4994.352315773216
2025-08-25,Terrain leveling,Building,m3,4228.162705784737
2025-07-19,Ballast,Railway,m3,144.0018204611815
2025-09-01,Anchorage,Railway,m2,3201.431501072349
2025-08-23,Removing trees,Building,m2,1483.7627901888695
2025-10-11,Anchorage,Railway,m2,659.2126091569206
2025-05-30,Ballast,Railway,m3,1893.0109185285594
2025-06-04,Coat preparation,Road,L,2392.2317248635227
2025-09-05,Terrain leveling,Building,m3,2957.8300377034075
2025-01-17,Subbase application,Road,m2,4198.943084345665
2025-05-26,Laying steel rail,Railway,m,2756.1639769778876
2025-09-06,Terrain leveling,Building,m3,511.7484516868559
2025-06-19,Ballast,Railway,m3,3598.7780348521414
2025-10-16,Iron mining,Railway,m3,3475.524466213215
2025-09-29,Removing trees,Building,m2,4665.737358708613
2025-03-01,Laying steel rail,Railway,m,2888.29877241183
2025-12-14,Pavement,Road,m2,1754.9687293192555
2025-03-01,Cement making,Building,m3,889.963221393073
2025-05-17,Iron mining,Railway,m3,1128.7038069863204
2025-04-10,Cement making,Building,m3,3189.3643811558354
2025-07-08,Rolling/Tractor,Road,m2,88.98811339442092
2025-04-17,Anchorage,Railway,m2,2266.4486653290232
2025-01-30,Cement making,Building,m3,4240.656588631127
2025-12-24,Walling,Building,m2,1734.7081240760588
2025-03-06,Pavement,Road,m2,4886.751818173751
2025-08-16,Rolling/Tractor,Road,m2,3557.203641204887
2025-08-07,Rolling/Tractor,Road,m2,4046.711297956024
2025-02-13,Cement making,Building,m3,281.03234953110234
2025-03-06,Laying steel rail,Railway,m,4763.073769226112
2025-04-22,Ballast,Railway,m3,3891.239474709024
2025-09-12,Pavement,Road,m2,3661.0989144211103
2025-03-31,Coat preparation,Road,L,333.69273313205326
2025-11-29,Iron mining,Railway,m3,2812.615818992584
2025-05-18,Pavement,Road,m2,2562.0765683218783
2025-07-26,Walling,Building,m2,417.5140815240774
2025-06-07,Coat preparation,Road,L,4018.517900485865
2025-08-21,Foundation pouring,Building,m3,2412.367134723686
2025-03-09,Foundation pouring,Building,m3,4448.907097483946
2025-11-16,Ballast,Railway,m3,26.38388730918484
2025-08-12,Rolling/Tractor,Road,m2,4618.072851156811
2025-08-24,Rolling/Tractor,Road,m2,382.7732310201426
2025-01-09,Pavement,Road,m2,3858.8402776949833
2025-05-27,Foundation pouring,Building,m3,2263.0746780463696
2025-05-31,Terrain leveling,Building,m3,3041.7468483421244
2025-07-08,Cement making,Building,m3,2059.367052677379
2025-09-08,Coat preparation,Road,L,864.784256865182
2025-08-05,Coat preparation,Road,L,3102.6562850044966
2025-09-09,Laying steel rail,Railway,m,1757.8326805874312
2025-08-01,Terrain leveling,Building,m3,1015.2250417184549
2025-04-05,Iron mining,Railway,m3,1894.1838627423108
2025-07-30,Pavement,Road,m2,4452.19352124264
2025-01-08,Pavement,Road,m2,4068.302741735587
2025-03-18,Coat preparation,Road,L,1706.8033550811829
2025-10-26,Cement making,Building,m3,2598.2463266734003
2025-11-30,Iron mining,Railway,m3,3710.6371147203436
2025-10-22,Foundation pouring,Building,m3,4053.28111893534
2025-06-28,Coat preparation,Road,L,1191.6815062014819
2025-08-04,Coat preparation,Road,L,899.4512140984806
2025-11-29,Foundation pouring,Building,m3,1309.2382251136448
2025-07-16,Iron mining,Railway,m3,1052.2427641044262
2025-10-04,Subbase application,Road,m2,1286.4695975245993
2025-03-25,Coat preparation,Road,L,1577.0561935228095
2025-09-13,Iron mining,Railway,m3,152.0105563789259
2025-01-28,Pavement,Road,m2,2182.7661092134276
2025-11-11,Removing trees,Building,m2,96.61138052969864
2025-08-30,Rolling/Tractor,Road,m2,805.9726479363305
2025-02-16,Terrain leveling,Building,m3,1486.1180838191258
2025-09-14,Ballast,Railway,m3,2125.2021164133857
2025-04-04,Ballast,Railway,m3,1757.0419779327583
2025-03-09,Cement making,Building,m3,4713.800361703386
2025-05-05,Subbase application,Road,m2,2186.1651754448576
2025-01-04,Rolling/Tractor,Road,m2,1222.910118103394
2025-01-31,Foundation pouring,Building,m3,473.6357823028686
2025-12-10,Ballast,Railway,m3,263.9738334603997
2025-04-23,Subbase application,Road,m2,3734.220876680744
2025-04-01,Laying steel rail,Railway,m,862.7541149305501
2025-12-06,Foundation pouring,Building,m3,4550.1047947311445
2025-05-29,Ballast,Railway,m3,4609.887151766602
2025-08-23,Walling,Building,m2,3319.006933899693
2025-05-11,Iron mining,Railway,m3,4109.337187743521
2025-05-23,Pavement,Road,m2,3023.488756574023
2025-08-04,Ballast,Railway,m3,495.529154600638
2025-01-17,Rolling/Tractor,Road,m2,2463.032868896719
2025-03-13,Anchorage,Railway,m2,4668.995639686338
2025-08-04,Walling,Building,m2,1813.599167353141
2025-04-16,Walling,Building,m2,302.5731685808264
2025-03-05,Iron mining,Railway,m3,3415.5644522225716
2025-12-15,Rolling/Tractor,Road,m2,3455.8591944228924
2025-11-09,Subbase application,Road,m2,2917.760236234785
2025-09-16,Coat preparation,Road,L,4962.030384851533
2025-02-08,Ballast,Railway,m3,3222.158670350418
2025-04-17,Pavement,Road,m2,4322.326395777832
2025-12-07,Terrain leveling,Building,m3,4151.9153369137375
2025-04-05,Removing trees,Building,m2,1160.4904917367803
2025-07-30,Anchorage,Railway,m2,4898.104907705996
2025-09-03,Terrain leveling,Building,m3,3900.0900836816145
2025-09-04,Walling,Building,m2,3252.6417985144385
2025-05-09,Terrain leveling,Building,m3,1076.637102479952
2025-11-12,Subbase application,Road,m2,4493.461656835095
2025-04-26,Subbase application,Road,m2,4975.390468308021
2025-12-19,Ballast,Railway,m3,3811.847393383085
2025-05-11,Terrain leveling,Building,m3,3283.1385661479317
2025-09-27,Rolling/Tractor,Road,m2,2041.4777064634904
2025-10-22,Pavement,Road,m2,3393.457540495336
2025-05-28,Iron mining,Railway,m3,1516.8942222512255
2025-12-16,Cement making,Building,m3,1442.1796132881782
2025-12-10,Removing trees,Building,m2,3430.042249376388
2025-03-29,Cement making,Building,m3,152.1500114804769
2025-07-30,Ballast,Railway,m3,2513.626984540032
2025-04-04,Pavement,Road,m2,4009.8144005661966
2025-10-11,Terrain leveling,Building,m3,4127.406586885238
2025-07-26,Cement making,Building,m3,3103.5798582152256
2025-01-22,Pavement,Road,m2,1398.2536340466988
2025-02-11,Anchorage,Railway,m2,3344.9821865128606
2025-08-29,Pavement,Road,m2,4428.773154099954
2025-06-02,Foundation pouring,Building,m3,1535.0578017525952
2025-11-20,Removing trees,Building,m2,4376.258094041899
2025-04-11,Cement making,Building,m3,1393.44620669785
2025-03-31,Coat preparation,Road,L,4469.448968279064
2025-05-20,Iron mining,Railway,m3,1846.9775021946
2025-02-16,Anchorage,Railway,m2,3502.4979674235346
2025-10-07,Pavement,Road,m2,1485.074726090233
2025-05-06,Rolling/Tractor,Road,m2,673.1115032819413
2025-05-09,Pavement,Road,m2,3585.3002464543656
2025-01-24,Cement making,Building,m3,636.368587073845
2025-03-10,Laying steel rail,Railway,m,1744.8011436606491
2025-01-18,Iron mining,Railway,m3,3570.338843863228
2025-03-22,Ballast,Railway,m3,2220.088361119175
2025-12-10,Anchorage,Railway,m2,4809.389666280838
2025-05-08,Walling,Building,m2,173.26340233024152
2025-07-31,Cement making,Building,m3,32.903684521332075
2025-08-15,Foundation pouring,Building,m3,3289.076199418395
2025-08-09,Coat preparation,Road,L,4109.799381568284
2025-10-15,Iron mining,Railway,m3,4602.535094434814
2025-12-03,Coat preparation,Road,L,923.4354963683727
2025-03-13,Coat preparation,Road,L,1846.5540585566525
2025-12-16,Walling,Building,m2,2939.7150529157757
2025-05-30,Removing trees,Building,m2,2475.5273604015574
2025-12-04,Pavement,Road,m2,2957.9059651686007
2025-01-27,Pavement,Road,m2,1572.8835848100748
2025-05-16,Pavement,Road,m2,2595.1485453325517
2025-07-31,Foundation pouring,Building,m3,734.5533881624183
2025-07-07,Removing trees,Building,m2,1219.9934785983053
2025-02-04,Walling,Building,m2,4408.747696100041
2025-11-13,Foundation pouring,Building,m3,2557.638638838425
2025-09-05,Laying steel rail,Railway,m,35.210577806899515
2025-09-04,Removing trees,Building,m2,1251.7351715806958
2025-05-21,Terrain leveling,Building,m3,4180.780633566836
2025-10-17,Foundation pouring,Building,m3,1668.490618281711
2025-01-06,Coat preparation,Road,L,26.15169879944812
2025-05-05,Anchorage,Railway,m2,1973.975280390206
2025-08-20,Subbase application,Road,m2,1381.5108849081325
2025-08-21,Laying steel rail,Railway,m,2482.590824244841
2025-09-23,Terrain leveling,Building,m3,3553.4785577009498
2025-09-07,Iron mining,Railway,m3,2862.971673520028
2025-07-20,Pavement,Road,m2,1056.5902691154038
2025-02-02,Removing trees,Building,m2,3568.4874542863317
2025-02-22,Terrain leveling,Building,m3,2360.4054006757274
2025-04-13,Iron mining,Railway,m3,826.1232046581235
2025-07-23,Iron mining,Railway,m3,1636.0688351427316
2025-11-06,Ballast,Railway,m3,3334.9085682268233
2025-08-08,Pavement,Road,m2,158.50732835545057
2025-06-06,Subbase application,Road,m2,4080.1309076713273
2025-11-30,Foundation pouring,Building,m3,4524.018432836624
2025-05-25,Pavement,Road,m2,121.11293074178853
2025-09-03,Foundation pouring,Building,m3,846.2756801443838
2025-04-13,Subbase application,Road,m2,2039.0110171435822
2025-11-22,Coat preparation,Road,L,2332.0926639576587
2025-12-27,Coat preparation,Road,L,1789.4469167898314
2025-02-11,Anchorage,Railway,m2,143.8747708999044
2025-09-05,Ballast,Railway,m3,1767.224237730834
2025-10-20,Terrain leveling,Building,m3,2807.652688025477
2025-02-26,Walling,Building,m2,3903.206442011515
2025-09-12,Coat preparation,Road,L,2999.9022857508994
2025-06-11,Removing trees,Building,m2,2944.793196408762
2025-12-22,Cement making,Building,m3,765.8771327455688
2025-07-06,Ballast,Railway,m3,3761.380262952394
2025-08-19,Iron mining,Railway,m3,1806.6215593779389
2025-07-16,Walling,Building,m2,4526.626167352655
2025-11-27,Ballast,Railway,m3,1687.811185010711
2025-02-25,Coat preparation,Road,L,3094.076593528168
2025-08-21,Terrain leveling,Building,m3,1734.550731815671
2025-09-30,Laying steel rail,Railway,m,2357.3702997864148
2025-01-29,Subbase application,Road,m2,3092.6032350679384
2025-10-27,Ballast,Railway,m3,98.41275336746669
2025-08-22,Cement making,Building,m3,4365.45177250067
2025-09-30,Iron mining,Railway,m3,2925.9679210957825
2025-11-30,Anchorage,Railway,m2,3332.2108221262138
2025-01-14,Rolling/Tractor,Road,m2,1714.3728066728675
2025-03-07,Ballast,Railway,m3,4264.683428078188
2025-12-19,Removing trees,Building,m2,4210.6900972142275
2025-09-19,Pavement,Road,m2,2090.6535852039306
2025-07-27,Cement making,Building,m3,4603.6159334281265
2025-04-25,Subbase application,Road,m2,189.5411689422799
2025-06-06,Removing trees,Building,m2,175.7755644965936
2025-02-10,Walling,Building,m2,2597.422561783065
2025-04-12,Pavement,Road,m2,3201.4437552719833
2025-03-18,Pavement,Road,m2,3279.622587549665
2025-08-12,Laying steel rail,Railway,m,934.9021318510187
2025-01-09,Foundation pouring,Building,m3,2385.950438525442
2025-10-28,Rolling/Tractor,Road,m2,463.1124865045111
2025-11-17,Foundation pouring,Building,m3,3818.4227012714027
2025-09-21,Anchorage,Railway,m2,894.5713000529354
2025-11-05,Removing trees,Building,m2,2343.083295127956
2025-10-25,Laying steel rail,Railway,m,1520.4011261425633
2025-02-03,Coat preparation,Road,L,992.2744224751351
2025-12-08,Walling,Building,m2,2332.086067207644
2025-09-01,Laying steel rail,Railway,m,2804.283287805641
2025-01-25,Terrain leveling,Building,m3,2402.8249415853625
2025-08-24,Walling,Building,m2,1503.416403546763
2025-01-05,Laying steel rail,Railway,m,1848.1571905787825
2025-03-24,Coat preparation,Road,L,551.8327733304407
2025-11-15,Coat preparation,Road,L,260.10818331945353
2025-09-08,Anchorage,Railway,m2,2918.382964839578
2025-05-01,Ballast,Railway,m3,1963.2698033093616
2025-05-04,Rolling/Tractor,Road,m2,1769.5971705199127
2025-01-15,Pavement,Road,m2,3148.508391235585
2025-10-16,Iron mining,Railway,m3,1251.0745315222716
2025-08-09,Removing trees,Building,m2,4799.799238910419
2025-04-20,Walling,Building,m2,3297.9446637086016
2025-09-27,Laying steel rail,Railway,m,1413.3106225668057
2025-01-21,Ballast,Railway,m3,4491.7830585719985
2025-08-24,Coat preparation,Road,L,4308.459994049606
2025-09-01,Foundation pouring,Building,m3,2916.2085939936246
2025-12-01,Iron mining,Railway,m3,4013.2851628206045
2025-05-27,Subbase application,Road,m2,4599.1086807080865
2025-03-04,Walling,Building,m2,2858.0319322399096
2025-08-25,Anchorage,Railway,m2,3857.61939191881
2025-06-13,Anchorage,Railway,m2,1790.1306486702356
2025-09-15,Iron mining,Railway,m3,4871.119556030414
2025-04-16,Pavement,Road,m2,2211.399569894525
2025-02-22,Foundation pouring,Building,m3,4332.918388063373
2025-05-13,Cement making,Building,m3,686.9009691966932
2025-04-29,Anchorage,Railway,m2,2605.269276945104
2025-03-27,Coat preparation,Road,L,2958.800472251645
2025-03-13,Iron mining,Railway,m3,4503.909504799794
2025-08-25,Foundation pouring,Building,m3,1264.1394151794561
2025-10-26,Subbase application,Road,m2,3543.5033462558654
2025-01-31,Anchorage,Railway,m2,370.77448831628226
2025-06-02,Iron mining,Railway,m3,1106.990217498372
2025-04-19,Laying steel rail,Railway,m,1550.9210406115737
2025-10-27,Terrain leveling,Building,m3,4779.645170567774
2025-07-04,Subbase application,Road,m2,3368.6602405441863
2025-07-14,Cement making,Building,m3,3779.2439857509175
2025-02-24,Pavement,Road,m2,3300.2311805363265
2025-11-03,Anchorage,Railway,m2,1580.5722534067872
2025-04-14,Removing trees,Building,m2,1889.5860670009324
2025-01-04,Pavement,Road,m2,2085.9643246189703
2025-08-22,Ballast,Railway,m3,2094.0846836802825
2025-02-11,Ballast,Railway,m3,940.8521269378623
2025-12-16,Cement making,Building,m3,1345.7525459054393
2025-03-19,Ballast,Railway,m3,3288.522219981962
2025-11-09,Terrain leveling,Building,m3,4463.51405948783
2025-04-29,Ballast,Railway,m3,652.4245643883114
2025-04-02,Laying steel rail,Railway,m,1144.4090732992001
2025-05-05,Coat preparation,Road,L,3025.2733344608973
2025-04-02,Ballast,Railway,m3,252.03755149157902
2025-03-26,Terrain leveling,Building,m3,2226.5799188279334
2025-10-18,Walling,Building,m2,2345.2741540137145
2025-09-07,Terrain leveling,Building,m3,4305.745270860112
2025-03-04,Anchorage,Railway,m2,858.4374082105545
2025-12-21,Terrain leveling,Building,m3,4154.896167067191
2025-08-04,Anchorage,Railway,m2,2486.2536758524034
2025-08-10,Terrain leveling,Building,m3,4539.630773256418
2025-10-05,Iron mining,Railway,m3,3745.660182468585
2025-11-09,Foundation pouring,Building,m3,3738.9653605739436
2025-10-19,Removing trees,Building,m2,3406.1615460307667
2025-11-28,Laying steel rail,Railway,m,737.1532647933965
2025-12-19,Anchorage,Railway,m2,697.3761982229188
2025-04-01,Foundation pouring,Building,m3,1055.6473817062733
2025-11-14,Foundation pouring,Building,m3,534.7499789986538
2025-11-26,Cement making,Building,m3,4526.160287420992
2025-03-08,Ballast,Railway,m3,1742.2108626931354
2025-01-11,Subbase application,Road,m2,2555.2612502460397
2025-09-15,Anchorage,Railway,m2,4605.705879290335
2025-10-17,Cement making,Building,m3,1233.8385202801367
2025-10-29,Pavement,Road,m2,3447.888207933696
2025-12-08,Foundation pouring,Building,m3,4314.53050426212
2025-02-26,Ballast,Railway,m3,4077.3744752373605
2025-08-04,Iron mining,Railway,m3,977.2343139185568
2025-05-05,Rolling/Tractor,Road,m2,4413.503120203974
2025-10-29,Coat preparation,Road,L,1084.2691930563149
2025-07-25,Coat preparation,Road,L,3718.8197083069954
2025-12-12,Laying steel rail,Railway,m,4496.801765700437
2025-02-02,Pavement,Road,m2,2257.865243719837
2025-08-16,Ballast,Railway,m3,1983.7055225371064
2025-12-11,Cement making,Building,m3,1835.435981517176
2025-11-22,Coat preparation,Road,L,2350.990226446931
2025-08-06,Anchorage,Railway,m2,215.33467663247097
2025-07-28,Cement making,Building,m3,1999.005489941641
2025-03-27,Subbase application,Road,m2,468.6730411836737
2025-07-01,Ballast,Railway,m3,3067.421267743782
2025-10-26,Iron mining,Railway,m3,2607.795374222134
2025-12-06,Subbase application,Road,m2,342.9731984373535
2025-05-21,Removing trees,Building,m2,4608.541847488637
2025-02-19,Subbase application,Road,m2,3917.4949062377486
2025-06-03,Ballast,Railway,m3,1962.3886489737429
2025-01-01,Pavement,Road,m2,2226.068399816468
2025-06-29,Cement making,Building,m3,3005.4178152387635
2025-11-11,Coat preparation,Road,L,2146.3038914294248
2025-12-24,Cement making,Building,m3,1389.3569054639977
2025-12-08,Anchorage,Railway,m2,4675.794281179436
2025-08-31,Terrain leveling,Building,m3,4559.260399611798
2025-02-21,Walling,Building,m2,4748.523713002744
2025-08-31,Pavement,Road,m2,4022.823417074906
2025-06-27,Rolling/Tractor,Road,m2,4722.176369215636
2025-05-25,Ballast,Railway,m3,499.7196707828155
2025-10-10,Removing trees,Building,m2,1233.4850451400748
2025-02-23,Cement making,Building,m3,1859.5600001476957
2025-03-16,Rolling/Tractor,Road,m2,4541.463038868828
2025-02-01,Cement making,Building,m3,3649.7011915710864
2025-09-19,Iron mining,Railway,m3,1268.924544050478
2025-10-05,Foundation pouring,Building,m3,4206.772433926089
2025-05-16,Cement making,Building,m3,3018.344979028539
2025-11-12,Iron mining,Railway,m3,1987.8149520257427
2025-12-12,Terrain leveling,Building,m3,2632.9485805352565
2025-08-31,Anchorage,Railway,m2,1169.658270608156
2025-04-03,Cement making,Building,m3,1648.9050281330326
2025-03-16,Coat preparation,Road,L,4491.729658187018
2025-03-23,Terrain leveling,Building,m3,4537.534857003382
2025-01-30,Foundation pouring,Building,m3,172.97072961207803
2025-10-26,Pavement,Road,m2,4762.171717756962
2025-08-26,Laying steel rail,Railway,m,2854.8134159193323
2025-03-03,Terrain leveling,Building,m3,2114.43356351194
2025-03-18,Pavement,Road,m2,3418.0456154793296
2025-06-30,Removing trees,Building,m2,4687.5666559329975
2025-12-21,Iron mining,Railway,m3,3122.5359923905603
2025-08-14,Terrain leveling,Building,m3,4675.621114793408
2025-03-01,Iron mining,Railway,m3,1427.7279331469667
2025-11-19,Iron mining,Railway,m3,1738.6977838611413
2025-02-14,Ballast,Railway,m3,1592.9634975818346
2025-09-15,Anchorage,Railway,m2,3275.4979057446117
2025-11-24,Removing trees,Building,m2,2426.359400207425
2025-11-12,Rolling/Tractor,Road,m2,1720.8658944422268
2025-11-12,Pavement,Road,m2,4467.277338394297
2025-08-06,Subbase application,Road,m2,2110.8085656190683
2025-09-12,Rolling/Tractor,Road,m2,4240.465792395524
2025-08-20,Removing trees,Building,m2,100.31516980959331
2025-07-26,Walling,Building,m2,721.5998307984433
2025-05-06,Cement making,Building,m3,3396.8068533066
2025-08-12,Iron mining,Railway,m3,4688.007970927916
2025-10-06,Laying steel rail,Railway,m,1997.672857957174
2025-05-01,Walling,Building,m2,2500.5105501758553
2025-08-01,Terrain leveling,Building,m3,1554.470332254409
2025-04-23,Pavement,Road,m2,3050.040053556528
2025-07-14,Subbase application,Road,m2,786.1875970979182
2025-12-07,Pavement,Road,m2,2005.4916231308855
2025-05-23,Removing trees,Building,m2,4833.615092559001
2025-02-14,Cement making,Building,m3,4188.340733367112
2025-12-21,Anchorage,Railway,m2,287.28882041737455
2025-02-07,Walling,Building,m2,3368.1359122593644
2025-09-21,Coat preparation,Road,L,880.5451017501181
2025-07-15,Terrain leveling,Building,m3,3186.064196124048
2025-06-20,Ballast,Railway,m3,1361.6550822211466
2025-03-17,Foundation pouring,Building,m3,2358.311323359614
2025-06-27,Foundation pouring,Building,m3,2236.4122206954735
2025-02-10,Laying steel rail,Railway,m,2045.6806116774405
2025-09-08,Anchorage,Railway,m2,3093.392643269216
2025-03-31,Laying steel rail,Railway,m,981.5692581749253
2025-03-26,Rolling/Tractor,Road,m2,3323.752054641175
2025-09-18,Rolling/Tractor,Road,m2,979.4546985374153
2025-01-24,Removing trees,Building,m2,1758.0891754958116
2025-10-20,Rolling/Tractor,Road,m2,3067.940578916991
2025-02-11,Rolling/Tractor,Road,m2,2143.698366725387
2025-04-23,Iron mining,Railway,m3,172.43670908529518
2025-11-08,Foundation pouring,Building,m3,2352.422931481479
2025-11-15,Cement making,Building,m3,845.8629208347562
2025-08-09,Ballast,Railway,m3,2665.170201285787
2025-06-30,Subbase application,Road,m2,3586.416112746806
2025-03-15,Removing trees,Building,m2,2643.669509533081
2025-10-10,Removing trees,Building,m2,1230.3342993923688
2025-01-07,Terrain leveling,Building,m3,2739.8610886410015
2025-03-24,Pavement,Road,m2,4405.51657547866
2025-05-26,Laying steel rail,Railway,m,3471.865446240111
2025-12-29,Walling,Building,m2,4133.4915718485845
2025-08-27,Removing trees,Building,m2,2323.1541544641755
2025-03-18,Pavement,Road,m2,2100.084915100052
2025-11-14,Removing trees,Building,m2,1405.5489600294568
2025-08-15,Walling,Building,m2,3528.659712008738
2025-01-21,Subbase application,Road,m2,2821.1205188156723
2025-04-02,Iron mining,Railway,m3,3805.2561645837013
2025-01-31,Cement making,Building,m3,813.9138313600225
2025-11-27,Pavement,Road,m2,265.5248368801666
2025-04-28,Rolling/Tractor,Road,m2,517.5513824464956
2025-06-12,Laying steel rail,Railway,m,2774.0505980420944
2025-10-23,Iron mining,Railway,m3,1973.876900836381
2025-01-02,Laying steel rail,Railway,m,3744.4309643815445
2025-02-21,Pavement,Road,m2,262.51183446911074
2025-01-31,Walling,Building,m2,4072.086997616224
2025-01-13,Walling,Building,m2,4979.972176112998
2025-01-16,Rolling/Tractor,Road,m2,2511.903451872668
2025-09-23,Coat preparation,Road,L,4925.192338359108
2025-06-04,Cement making,Building,m3,2431.9730817913987
2025-07-06,Terrain leveling,Building,m3,968.1493088384718
2025-09-23,Iron mining,Railway,m3,1637.356346723844
2025-04-03,Laying steel rail,Railway,m,1528.8752662492345
2025-10-09,Cement making,Building,m3,4280.158578804298
2025-03-31,Terrain leveling,Building,m3,2501.469594924986
2025-04-13,Cement making,Building,m3,2372.5370101957687
2025-12-27,Terrain leveling,Building,m3,1494.6211550145845
2025-01-27,Foundation pouring,Building,m3,387.5153947725163
2025-07-18,Pavement,Road,m2,3896.3538222443212
2025-09-27,Foundation pouring,Building,m3,2080.6181300148637
2025-10-01,Coat preparation,Road,L,22.819406258279827
2025-11-13,Foundation pouring,Building,m3,2377.1351698860212
2025-07-09,Walling,Building,m2,4792.453595755409
2025-01-30,Cement making,Building,m3,4750.945392707359
2025-08-18,Foundation pouring,Building,m3,3338.035656078553
2025-11-22,Cement making,Building,m3,448.809398117479
2025-05-13,Rolling/Tractor,Road,m2,1387.3792156247305
2025-12-19,Terrain leveling,Building,m3,4588.303023618703
2025-06-12,Coat preparation,Road,L,2312.6300029765807
2025-05-14,Terrain leveling,Building,m3,1149.3862728303084
2025-09-13,Foundation pouring,Building,m3,4469.432678382083
2025-11-22,Laying steel rail,Railway,m,2182.158466262714
2025-09-18,Anchorage,Railway,m2,1868.4057510961982
2025-01-19,Coat preparation,Road,L,2831.674285326174
2025-12-07,Walling,Building,m2,1687.1581031074788
2025-05-01,Subbase application,Road,m2,4621.702168536067
2025-02-17,Coat preparation,Road,L,2533.090563205206
2025-07-08,Ballast,Railway,m3,2601.787580951805
2025-02-27,Foundation pouring,Building,m3,3393.9357912211703
2025-10-19,Rolling/Tractor,Road,m2,2626.596105411102
2025-01-18,Coat preparation,Road,L,3599.73885349279
2025-03-10,Iron mining,Railway,m3,2055.806638226792
2025-12-05,Laying steel rail,Railway,m,1899.0106566828574
2025-03-18,Anchorage,Railway,m2,4311.200271650584
2025-07-17,Rolling/Tractor,Road,m2,1502.1843780305767
2025-09-23,Foundation pouring,Building,m3,4951.353871083272
2025-11-03,Coat preparation,Road,L,3043.2583055947593
2025-04-22,Iron mining,Railway,m3,1591.645022710781
2025-12-16,Anchorage,Railway,m2,2278.4607557717036
2025-01-02,Laying steel rail,Railway,m,3148.1594978993858
2025-04-10,Foundation pouring,Building,m3,1698.6591568574488
2025-03-10,Pavement,Road,m2,1480.4703012081104
2025-01-02,Walling,Building,m2,3346.646565359328
2025-01-07,Ballast,Railway,m3,2683.9204852178445
2025-06-10,Walling,Building,m2,4064.8617262935936
2025-09-07,Pavement,Road,m2,592.6528605274922
2025-08-18,Pavement,Road,m2,2263.881010806263
2025-07-21,Rolling/Tractor,Road,m2,4727.731206107503
2025-04-22,Terrain leveling,Building,m3,4504.381721403936
2025-11-16,Pavement,Road,m2,2109.696068352481
2025-02-18,Pavement,Road,m2,3679.3351872329877
2025-10-13,Laying steel rail,Railway,m,1373.0928998806462
2025-05-15,Cement making,Building,m3,3119.898697245595
2025-05-30,Iron mining,Railway,m3,215.05711008160011
2025-11-27,Anchorage,Railway,m2,325.7121847714184
2025-10-06,Anchorage,Railway,m2,3795.9809916131894
2025-11-30,Cement making,Building,m3,2332.773800098609
2025-02-17,Anchorage,Railway,m2,2624.537662092895
2025-06-05,Cement making,Building,m3,4621.390071723647
2025-12-09,Removing trees,Building,m2,210.68337857503894
2025-09-04,Rolling/Tractor,Road,m2,1371.3283977221995
2025-06-11,Terrain leveling,Building,m3,2289.367932251588
2025-02-10,Subbase application,Road,m2,4276.609832690324
2025-09-08,Rolling/Tractor,Road,m2,3307.090678562922
2025-04-06,Rolling/Tractor,Road,m2,1820.5859674588814
2025-12-17,Subbase application,Road,m2,4647.56142922706
2025-08-11,Iron mining,Railway,m3,3212.147615309232
2025-07-27,Anchorage,Railway,m2,1447.85312522882
2025-02-09,Ballast,Railway,m3,222.0942976751261
2025-07-02,Terrain leveling,Building,m3,1940.7243457970912
2025-04-02,Laying steel rail,Railway,m,3107.7046110514943
2025-06-15,Rolling/Tractor,Road,m2,4842.291838252648
2025-01-19,Subbase application,Road,m2,143.1084267647198
2025-12-14,Cement making,Building,m3,1098.851291987505
2025-01-02,Ballast,Railway,m3,999.780754323093
2025-08-22,Ballast,Railway,m3,2196.1783751920993
2025-11-10,Coat preparation,Road,L,1158.8311185220118
2025-07-25,Rolling/Tractor,Road,m2,1524.7412556343609
2025-08-27,Walling,Building,m2,4545.092819678057
2025-12-23,Removing trees,Building,m2,4962.476383102071
2025-06-26,Laying steel rail,Railway,m,809.5676653853578
2025-01-08,Walling,Building,m2,3782.521716577788
2025-05-13,Walling,Building,m2,3855.6330891816738
2025-07-29,Iron mining,Railway,m3,287.86036908117876
2025-10-29,Laying steel rail,Railway,m,2806.5703230174245
2025-03-12,Foundation pouring,Building,m3,4711.366898586046
2025-12-16,Removing trees,Building,m2,2195.255483453174
2025-10-29,Cement making,Building,m3,63.30966337607269
2025-04-17,Coat preparation,Road,L,566.0079471222806
2025-09-23,Foundation pouring,Building,m3,3845.849833171173
2025-11-30,Removing trees,Building,m2,2305.2151206391914
2025-07-31,Subbase application,Road,m2,2144.295969639545
2025-04-28,Foundation pouring,Building,m3,4549.9134764721975
2025-06-26,Terrain leveling,Building,m3,228.46963210140515
2025-11-30,Coat preparation,Road,L,697.3746130160357
2025-11-07,Cement making,Building,m3,807.0643262536876
2025-06-23,Removing trees,Building,m2,4886.123416865971
2025-08-26,Laying steel rail,Railway,m,2747.7455676752725
2025-07-17,Coat preparation,Road,L,3918.8324385898445
2025-01-11,Cement making,Building,m3,1852.2301707618976
2025-08-03,Anchorage,Railway,m2,2326.1405305305034
2025-09-09,Cement making,Building,m3,1026.8719669881998
2025-07-03,Removing trees,Building,m2,3550.5147806286554
2025-06-17,Removing trees,Building,m2,3455.395003610928
2025-09-19,Rolling/Tractor,Road,m2,780.510634803882
2025-05-08,Ballast,Railway,m3,2623.2798562855382
2025-04-28,Iron mining,Railway,m3,554.8134128845517
2025-05-28,Laying steel rail,Railway,m,1896.7067745645804
2025-08-18,Terrain leveling,Building,m3,3445.7239736424417
2025-11-07,Removing trees,Building,m2,878.551700974951
2025-04-16,Removing trees,Building,m2,4533.639805167842
2025-08-25,Removing trees,Building,m2,1677.2704862430544
2025-07-25,Subbase application,Road,m2,1904.810556479678
2025-12-29,Ballast,Railway,m3,1180.988126750469
2025-12-04,Cement making,Building,m3,4498.306263935649
2025-07-18,Foundation pouring,Building,m3,2250.037852348996
2025-02-06,Foundation pouring,Building,m3,3545.716085706078
2025-12-12,Pavement,Road,m2,1669.7274953512754
2025-01-07,Coat preparation,Road,L,4886.432049143233
2025-03-12,Rolling/Tractor,Road,m2,3656.284829249966
2025-10-13,Rolling/Tractor,Road,m2,2197.2086211012256
2025-10-22,Laying steel rail,Railway,m,2519.6683350604526
2025-07-20,Coat preparation,Road,L,3788.6131743352453
2025-02-21,Coat preparation,Road,L,766.0097927103888
2025-04-20,Rolling/Tractor,Road,m2,31.47834111865977
2025-06-07,Laying steel rail,Railway,m,900.5493848043272
2025-11-13,Iron mining,Railway,m3,4668.8834883964355
2025-07-20,Walling,Building,m2,571.5631149877698
2025-08-07,Terrain leveling,Building,m3,525.7607350515736
2025-09-04,Anchorage,Railway,m2,1501.39249236955
2025-05-11,Coat preparation,Road,L,3278.0312820077625
2025-10-15,Anchorage,Railway,m2,4078.5448017521353
2025-08-08,Walling,Building,m2,2612.2220976089807
2025-03-03,Foundation pouring,Building,m3,153.11152544616124
2025-12-03,Cement making,Building,m3,2967.628851349848
2025-06-05,Ballast,Railway,m3,3776.4834300688835
2025-08-18,Removing trees,Building,m2,76.01578740425718
2025-09-25,Walling,Building,m2,567.4507100918091
2025-08-27,Iron mining,Railway,m3,4215.1683278810815
2025-02-02,Cement making,Building,m3,4454.036962509535
2025-09-24,Walling,Building,m2,2785.828758273869
2025-02-03,Removing trees,Building,m2,1539.506143781016
2025-08-24,Removing trees,Building,m2,2866.986449434441
2025-01-25,Pavement,Road,m2,4249.431565124711
2025-10-02,Pavement,Road,m2,2459.4011060397643
2025-10-05,Rolling/Tractor,Road,m2,4133.945766658863
2025-04-05,Subbase application,Road,m2,1395.7024633206834
2025-06-24,Coat preparation,Road,L,4296.58115974969
2025-10-12,Iron mining,Railway,m3,378.41887946689803
2025-03-03,Walling,Building,m2,391.63841304603375
2025-07-21,Ballast,Railway,m3,3352.6784484283053
2025-09-01,Cement making,Building,m3,4140.808764467439
2025-04-11,Iron mining,Railway,m3,2772.841453911585
2025-08-18,Coat preparation,Road,L,1953.7568140984506
2025-10-11,Anchorage,Railway,m2,3173.554549104744
2025-11-19,Pavement,Road,m2,1255.3138654927643
2025-12-07,Cement making,Building,m3,1494.1385982267884
2025-06-02,Rolling/Tractor,Road,m2,3704.5199903286175
2025-05-10,Walling,Building,m2,1566.1975806926237
2025-07-23,Laying steel rail,Railway,m,1490.5105617340125
2025-01-02,Foundation pouring,Building,m3,3090.0801719799747
2025-03-17,Coat preparation,Road,L,4081.5926493593042
2025-09-29,Cement making,Building,m3,875.4418923910473
2025-05-14,Subbase application,Road,m2,3133.0845757089446
2025-03-08,Rolling/Tractor,Road,m2,3480.631101007189
2025-02-16,Subbase application,Road,m2,94.76045660619326
2025-02-26,Laying steel rail,Railway,m,77.79022264464808
2025-12-02,Pavement,Road,m2,440.09542677402425
2025-03-27,Cement making,Building,m3,3115.1696783476614
2025-05-23,Rolling/Tractor,Road,m2,1328.851194138202
2025-11-13,Anchorage,Railway,m2,411.78171620075256
2025-04-06,Pavement,Road,m2,3045.6764837544715
2025-07-17,Ballast,Railway,m3,3765.6643013630064
2025-06-20,Removing trees,Building,m2,3285.974728387717
2025-07-31,Walling,Building,m2,96.02257668401559
2025-05-03,Terrain leveling,Building,m3,513.8618186581034
2025-09-16,Cement making,Building,m3,2978.601681002076
2025-04-10,Anchorage,Railway,m2,1345.0046768120471
2025-10-20,Foundation pouring,Building,m3,126.91394116924437
2025-08-18,Pavement,Road,m2,1530.7952182539452
2025-08-20,Ballast,Railway,m3,670.3811445033781
2025-03-09,Pavement,Road,m2,2382.826688931067
2025-11-29,Iron mining,Railway,m3,2781.9019308216425
2025-05-04,Iron mining,Railway,m3,4793.05367392015
2025-12-29,Coat preparation,Road,L,4406.545692055758
2025-07-08,Foundation pouring,Building,m3,1712.2307737623478
2025-03-19,Subbase application,Road,m2,181.61153683619312
2025-12-05,Coat preparation,Road,L,3556.044491762613
2025-07-15,Ballast,Railway,m3,554.6426260322718
2025-01-29,Iron mining,Railway,m3,3445.4258038640583
2025-07-21,Removing trees,Building,m2,2085.518133352708
2025-10-09,Pavement,Road,m2,3057.410726988731
2025-11-28,Walling,Building,m2,2743.663257910156
2025-06-19,Subbase application,Road,m2,2690.0054411517795
2025-01-20,Terrain leveling,Building,m3,10.846420350223429
2025-03-13,Subbase application,Road,m2,4625.1072271455205
2025-04-02,Pavement,Road,m2,1899.9311721325946
2025-05-19,Cement making,Building,m3,3125.7972299535436
2025-06-02,Coat preparation,Road,L,3773.177144064257
2025-09-12,Anchorage,Railway,m2,2218.2850702783826
2025-12-03,Cement making,Building,m3,3559.9683186267416
2025-08-11,Ballast,Railway,m3,3496.378774774378
2025-04-21,Cement making,Building,m3,1649.781953828049
2025-03-20,Ballast,Railway,m3,1431.3508962485132
2025-04-29,Removing trees,Building,m2,3185.2848782967408
2025-05-04,Coat preparation,Road,L,1378.1431876787149
2025-02-19,Iron mining,Railway,m3,1562.9932521821443
2025-01-06,Cement making,Building,m3,2617.5403136432396
2025-09-07,Coat preparation,Road,L,3822.201669724194
2025-05-31,Cement making,Building,m3,2262.6522739951583
2025-08-10,Coat preparation,Road,L,2970.9578203221886
2025-06-21,Laying steel rail,Railway,m,3758.076196591532
2025-05-14,Foundation pouring,Building,m3,2661.729099019463
2025-07-05,Walling,Building,m2,1504.6142064550195
2025-01-23,Pavement,Road,m2,2536.909624626582
2025-03-09,Coat preparation,Road,L,16.453893846968825
2025-01-12,Removing trees,Building,m2,3860.1881887991285
2025-07-28,Foundation pouring,Building,m3,1048.1742652936432
2025-07-20,Subbase application,Road,m2,1125.6382178784208
2025-10-16,Rolling/Tractor,Road,m2,574.6272418656251
2025-07-05,Subbase application,Road,m2,4380.676667866956
2025-08-31,Ballast,Railway,m3,2048.3102855918846
2025-07-15,Terrain leveling,Building,m3,247.11627072550536
2025-09-03,Removing trees,Building,m2,4348.8404211204415
2025-03-18,Subbase application,Road,m2,2608.645209971071
2025-04-13,Subbase application,Road,m2,3551.9750279238488
2025-07-04,Anchorage,Railway,m2,2732.291424064159
2025-01-09,Coat preparation,Road,L,4527.58280174607
2025-01-27,Laying steel rail,Railway,m,1081.7625325328834
2025-04-14,Anchorage,Railway,m2,1295.2286799326162
2025-12-01,Foundation pouring,Building,m3,184.8331870569686
2025-12-11,Anchorage,Railway,m2,2562.615011586305
2025-02-23,Ballast,Railway,m3,4854.91283196461
2025-01-21,Pavement,Road,m2,4407.958339952306
2025-04-24,Coat preparation,Road,L,3605.1690999986176
2025-02-24,Anchorage,Railway,m2,276.2461335036698
2025-12-23,Ballast,Railway,m3,795.5846430887831
2025-12-20,Coat preparation,Road,L,1396.8793590880423
2025-03-28,Pavement,Road,m2,3529.4283273633378
2025-03-04,Iron mining,Railway,m3,4124.014529874778
2025-12-10,Walling,Building,m2,473.0711528152598
2025-02-23,Laying steel rail,Railway,m,200.36945981764754
2025-03-17,Pavement,Road,m2,2065.95498814077
2025-09-02,Coat preparation,Road,L,3371.6534252143547
2025-09-15,Coat preparation,Road,L,266.81773485634943
2025-05-25,Subbase application,Road,m2,375.2844394303356
2025-08-03,Ballast,Railway,m3,1345.8385709904087
2025-12-28,Iron mining,Railway,m3,4008.698037642734
2025-01-04,Pavement,Road,m2,1874.9177874622808
2025-08-28,Foundation pouring,Building,m3,3586.25696947849
2025-10-01,Pavement,Road,m2,1131.4505160491944
2025-03-14,Coat preparation,Road,L,2628.319026348506
2025-09-29,Coat preparation,Road,L,4553.169124647108
2025-06-21,Terrain leveling,Building,m3,1522.0828985289074
2025-08-02,Removing trees,Building,m2,2648.262925012305
2025-01-09,Removing trees,Building,m2,4253.941280329432
2025-06-16,Removing trees,Building,m2,2158.270102421431
2025-11-12,Anchorage,Railway,m2,3161.6485315460495
2025-09-14,Anchorage,Railway,m2,1120.2672956459448
2025-07-05,Rolling/Tractor,Road,m2,187.9358836653039
2025-12-02,Foundation pouring,Building,m3,3405.6460302705136
2025-12-06,Laying steel rail,Railway,m,953.4570574593215
2025-06-19,Pavement,Road,m2,998.0961707481695
2025-11-04,Rolling/Tractor,Road,m2,1396.1479607241856
2025-09-16,Pavement,Road,m2,2683.0638474202756
2025-05-08,Ballast,Railway,m3,2958.159066802406
2025-01-22,Pavement,Road,m2,471.49458899208463
2025-08-01,Walling,Building,m2,4724.250736550932
2025-01-20,Ballast,Railway,m3,1285.6026007334071
2025-07-28,Walling,Building,m2,332.60113483874034
2025-08-28,Foundation pouring,Building,m3,554.0721525786068
2025-10-01,Anchorage,Railway,m2,3367.8932649786902
2025-05-30,Pavement,Road,m2,55.71630622641044
2025-12-09,Pavement,Road,m2,1706.748685038928
2025-09-13,Foundation pouring,Building,m3,3818.310351749612
2025-05-08,Removing trees,Building,m2,4488.332228955609
2025-09-20,Subbase application,Road,m2,4124.035384720908
2025-08-27,Subbase application,Road,m2,3021.449959893675
2025-12-28,Rolling/Tractor,Road,m2,3742.58518053822
2025-07-08,Laying steel rail,Railway,m,678.7212347992782
2025-01-29,Iron mining,Railway,m3,3752.22084092675
2025-08-17,Ballast,Railway,m3,3255.3518185951257
2025-06-13,Pavement,Road,m2,2609.5053782006216
2025-02-21,Ballast,Railway,m3,3143.450411734107
2025-04-01,Iron mining,Railway,m3,2178.595536540384
2025-06-02,Foundation pouring,Building,m3,3173.3863230213183
2025-10-07,Iron mining,Railway,m3,3966.158334810253
2025-10-29,Iron mining,Railway,m3,2953.91186123378
2025-03-03,Anchorage,Railway,m2,1860.4447889372461
2025-11-08,Pavement,Road,m2,777.0930661401809
2025-05-10,Subbase application,Road,m2,4821.888302181676
2025-02-07,Pavement,Road,m2,2588.787692442763
2025-01-17,Ballast,Railway,m3,4593.788610534035
2025-08-16,Subbase application,Road,m2,3528.646802036658
2025-05-14,Laying steel rail,Railway,m,3018.0283729454895
2025-04-21,Subbase application,Road,m2,3155.4393075237435
2025-05-29,Foundation pouring,Building,m3,3672.09680469021
2025-12-06,Ballast,Railway,m3,3655.8117548709774
2025-07-24,Walling,Building,m2,1556.541015057129
2025-01-20,Rolling/Tractor,Road,m2,3221.198104522825
2025-12-15,Laying steel rail,Railway,m,2519.827151150808
2025-07-06,Terrain leveling,Building,m3,3924.143089703438
2025-03-22,Ballast,Railway,m3,4120.813308469493
2025-02-22,Laying steel rail,Railway,m,3059.338142265054
2025-07-29,Rolling/Tractor,Road,m2,4104.833854392181
2025-06-04,Coat preparation,Road,L,2185.6107659217773
2025-02-20,Removing trees,Building,m2,4561.892441353881
2025-07-23,Foundation pouring,Building,m3,3334.2355117166962
2025-05-13,Ballast,Railway,m3,3895.6083080405547
2025-09-21,Removing trees,Building,m2,3779.419443052136
2025-03-10,Subbase application,Road,m2,2757.2347086332397
2025-11-03,Laying steel rail,Railway,m,4813.697239461284
2025-02-18,Walling,Building,m2,1184.9751851453045
2025-10-13,Ballast,Railway,m3,1471.15189192969
2025-08-16,Laying steel rail,Railway,m,4976.581015492284
2025-03-06,Anchorage,Railway,m2,603.6680294288171
2025-12-26,Anchorage,Railway,m2,4251.283285236015
2025-12-18,Cement making,Building,m3,3070.46413689978
2025-10-04,Cement making,Building,m3,3710.8619348112093
2025-07-24,Terrain leveling,Building,m3,4651.500052105056
2025-05-08,Foundation pouring,Building,m3,4071.2944826535413
2025-08-07,Pavement,Road,m2,2165.4124892401233
2025-04-01,Anchorage,Railway,m2,4835.072123855044
2025-02-22,Cement making,Building,m3,4858.698347555207
2025-10-22,Rolling/Tractor,Road,m2,4135.887389265545
2025-07-10,Laying steel rail,Railway,m,2553.0928226128613
2025-07-31,Laying steel rail,Railway,m,3984.84601471234
2025-01-04,Anchorage,Railway,m2,1082.52938850272
2025-11-04,Coat preparation,Road,L,350.3560114376558
2025-03-01,Subbase application,Road,m2,1931.6259544666675
2025-01-01,Ballast,Railway,m3,4129.00163793978
2025-01-11,Ballast,Railway,m3,2588.1082423217745
2025-07-07,Cement making,Building,m3,25.50042824148835
2025-11-11,Removing trees,Building,m2,247.62402146105978
2025-03-26,Iron mining,Railway,m3,2516.6140579453167
2025-01-04,Iron mining,Railway,m3,1138.5561802885952
2025-08-26,Anchorage,Railway,m2,2583.865765515781
2025-04-19,Walling,Building,m2,2766.1220917412206
2025-02-11,Foundation pouring,Building,m3,2467.212808665485
2025-01-12,Removing trees,Building,m2,4880.5460303328355
2025-04-19,Coat preparation,Road,L,1817.4058169852187
2025-12-28,Terrain leveling,Building,m3,2446.5652123965715
2025-04-08,Cement making,Building,m3,3856.491643333262
2025-01-27,Foundation pouring,Building,m3,4496.030781126017
2025-04-08,Laying steel rail,Railway,m,338.50532337156847
2025-08-16,Iron mining,Railway,m3,568.7877024475318
2025-07-14,Rolling/Tractor,Road,m2,627.455896692119
2025-12-23,Laying steel rail,Railway,m,1748.1761091867315
2025-01-19,Walling,Building,m2,1265.7157933008234
2025-03-28,Ballast,Railway,m3,3757.027173156458
2025-12-07,Anchorage,Railway,m2,4228.221444563199
2025-08-11,Foundation pouring,Building,m3,1550.4951302014358
2025-04-12,Cement making,Building,m3,178.71679021060794
2025-09-09,Laying steel rail,Railway,m,4597.864991142978
2025-06-27,Ballast,Railway,m3,3542.7192616867605
2025-04-01,Walling,Building,m2,2032.9090770896553
2025-03-09,Ballast,Railway,m3,1963.9344159668453
2025-08-17,Rolling/Tractor,Road,m2,1939.5863383744106
2025-02-03,Laying steel rail,Railway,m,4639.348689062106
2025-09-08,Subbase application,Road,m2,2766.935250831385
2025-07-17,Foundation pouring,Building,m3,2352.9094643064495
2025-08-30,Foundation pouring,Building,m3,695.8074861624148
2025-04-01,Foundation pouring,Building,m3,2515.1605030846176
2025-02-04,Removing trees,Building,m2,4344.430420984586
2025-08-29,Laying steel rail,Railway,m,2729.9236261425826
2025-02-23,Ballast,Railway,m3,4555.313913933527
2025-03-17,Subbase application,Road,m2,1959.4406363507449
2025-05-21,Coat preparation,Road,L,2880.292008506639
2025-12-26,Iron mining,Railway,m3,4153.554188998238
2025-07-02,Iron mining,Railway,m3,3422.911925425674
2025-08-14,Terrain leveling,Building,m3,700.6059654963819
2025-03-01,Terrain leveling,Building,m3,729.2488360767485
2025-12-12,Subbase application,Road,m2,2498.7441545170536
2025-05-16,Cement making,Building,m3,682.6899838774914
2025-07-07,Pavement,Road,m2,134.10869636322488
2025-03-10,Iron mining,Railway,m3,4770.349486934668
2025-07-03,Laying steel rail,Railway,m,1181.6366604406264
2025-10-20,Walling,Building,m2,3485.4443530793474
2025-11-11,Iron mining,Railway,m3,2156.5891012082666
2025-02-27,Foundation pouring,Building,m3,1019.9794468105878
2025-12-24,Removing trees,Building,m2,1078.8379342545622
2025-05-22,Laying steel rail,Railway,m,2216.121386364629
2025-09-07,Walling,Building,m2,4952.803465974432
2025-12-27,Foundation pouring,Building,m3,4085.219986738883
2025-07-10,Rolling/Tractor,Road,m2,3995.9367330021755
2025-10-08,Removing trees,Building,m2,3094.9800323344066
2025-12-28,Laying steel rail,Railway,m,996.8931344526993
2025-11-29,Removing trees,Building,m2,2064.084147019648
2025-05-22,Removing trees,Building,m2,1377.021753155287
2025-12-16,Subbase application,Road,m2,507.7834203744985
2025-07-21,Anchorage,Railway,m2,2038.3499258658737
2025-08-18,Rolling/Tractor,Road,m2,1937.6432544893612
2025-04-08,Subbase application,Road,m2,3877.603763067102
2025-12-06,Rolling/Tractor,Road,m2,3145.6750848541756
2025-08-31,Walling,Building,m2,3445.571462875335
2025-05-20,Iron mining,Railway,m3,2281.2853351327444
2025-06-22,Removing trees,Building,m2,4947.761226523531
2025-04-27,Walling,Building,m2,364.50136568376035
2025-10-22,Laying steel rail,Railway,m,3976.1922191553094
2025-01-05,Rolling/Tractor,Road,m2,4248.319729034489
2025-09-15,Laying steel rail,Railway,m,2690.495591930126
2025-08-17,Anchorage,Railway,m2,2346.189350295504
2025-03-05,Laying steel rail,Railway,m,1833.4092664725076
2025-04-07,Rolling/Tractor,Road,m2,3248.8732877539555
2025-10-27,Terrain leveling,Building,m3,3972.1921792059525
2025-02-07,Anchorage,Railway,m2,4661.3940012364465
2025-09-05,Foundation pouring,Building,m3,3751.3168557955255
2025-03-23,Ballast,Railway,m3,2560.49634413079
2025-10-03,Terrain leveling,Building,m3,3067.75050073413
2025-05-15,Foundation pouring,Building,m3,4692.978711633774
2025-03-06,Terrain leveling,Building,m3,829.7994986544654
2025-04-15,Ballast,Railway,m3,1264.1249748688376
2025-06-14,Coat preparation,Road,L,4022.3601201672163
2025-04-06,Iron mining,Railway,m3,4083.9946201376447
2025-12-29,Coat preparation,Road,L,2910.822460316037
2025-04-22,Removing trees,Building,m2,2400.023295982979
2025-03-30,Ballast,Railway,m3,1405.0611164977877
2025-07-18,Cement making,Building,m3,2921.675821081056
2025-03-20,Terrain leveling,Building,m3,2452.999672687837
2025-05-19,Laying steel rail,Railway,m,3083.053479660216
2025-11-05,Pavement,Road,m2,3216.145978399604
2025-01-04,Subbase application,Road,m2,2760.5707205673298
2025-03-09,Laying steel rail,Railway,m,4120.105614718236
2025-06-18,Coat preparation,Road,L,1505.1010970024547
2025-08-18,Terrain leveling,Building,m3,2391.1186708602995
2025-03-06,Pavement,Road,m2,1823.277956515773
2025-03-04,Laying steel rail,Railway,m,2651.7385576062575
2025-03-31,Ballast,Railway,m3,1284.7069065201295
2025-05-30,Rolling/Tractor,Road,m2,4618.34598956628
2025-01-24,Removing trees,Building,m2,1796.3604412936718
2025-01-21,Coat preparation,Road,L,4030.6310258564563
2025-11-26,Walling,Building,m2,1499.935616591121
2025-08-15,Cement making,Building,m3,55.695957291033714
2025-07-31,Coat preparation,Road,L,1561.8607569686837
2025-02-28,Foundation pouring,Building,m3,3501.14191630451
2025-01-16,Rolling/Tractor,Road,m2,960.2353814477427
2025-01-26,Ballast,Railway,m3,4993.375057014743
2025-10-30,Iron mining,Railway,m3,3971.442935021926
2025-06-25,Coat preparation,Road,L,3627.255010321947
2025-08-26,Ballast,Railway,m3,2836.5217341103566
2025-01-21,Terrain leveling,Building,m3,1565.8386922428347
2025-03-21,Removing trees,Building,m2,2380.536604336435
2025-07-20,Subbase application,Road,m2,1305.9459156173803
2025-03-25,Subbase application,Road,m2,675.9443951204574
2025-02-02,Coat preparation,Road,L,4265.063301952418
2025-04-01,Walling,Building,m2,4113.9639892608
2025-04-13,Pavement,Road,m2,4473.070861438349
2025-12-14,Ballast,Railway,m3,4078.7717029672
2025-09-12,Foundation pouring,Building,m3,1250.6338122612988
2025-02-05,Rolling/Tractor,Road,m2,3332.3762881088005
2025-02-14,Foundation pouring,Building,m3,2153.9667077992326
2025-10-05,Laying steel rail,Railway,m,1909.554620197051
2025-05-20,Laying steel rail,Railway,m,1289.0125559705962
2025-05-31,Coat preparation,Road,L,910.4341997011062
2025-11-23,Terrain leveling,Building,m3,519.7447561095375
2025-03-03,Walling,Building,m2,2853.2098568059323
2025-12-06,Rolling/Tractor,Road,m2,3585.0217675726603
2025-06-06,Subbase application,Road,m2,3923.013055556974
2025-07-03,Subbase application,Road,m2,2712.7950739758066
2025-03-12,Terrain leveling,Building,m3,2408.8850002768554
2025-10-23,Ballast,Railway,m3,2792.9832185138584
2025-04-11,Laying steel rail,Railway,m,2164.8181373150655
2025-10-07,Walling,Building,m2,1401.3118464626061
2025-03-21,Ballast,Railway,m3,2040.4499430016592
2025-05-23,Rolling/Tractor,Road,m2,113.12518121161186
2025-06-28,Laying steel rail,Railway,m,3801.6470508696793
2025-06-10,Anchorage,Railway,m2,312.6854858010369
2025-05-08,Iron mining,Railway,m3,172.17957734994792
2025-04-11,Iron mining,Railway,m3,3590.7799088618012
2025-12-08,Walling,Building,m2,1768.1342356097757
2025-05-19,Terrain leveling,Building,m3,4379.399443140426
2025-01-16,Iron mining,Railway,m3,1031.675708615683
2025-12-27,Removing trees,Building,m2,1541.5583637613895
2025-11-05,Ballast,Railway,m3,1887.170102501246
2025-07-13,Cement making,Building,m3,2608.6065014865194
2025-09-04,Walling,Building,m2,999.2960845081456
2025-08-14,Ballast,Railway,m3,2425.1037647698977
2025-06-06,Iron mining,Railway,m3,2890.2831314380396
2025-06-10,Removing trees,Building,m2,3357.8482390381564
2025-08-08,Pavement,Road,m2,3124.3420298376454
2025-01-17,Coat preparation,Road,L,2483.1894194680885
2025-05-26,Iron mining,Railway,m3,2566.128228919049
2025-06-09,Ballast,Railway,m3,3364.424050357709
2025-05-25,Cement making,Building,m3,3812.9748708537304
2025-08-18,Rolling/Tractor,Road,m2,4044.8407486589012
2025-12-04,Coat preparation,Road,L,3155.8249681110324
2025-09-12,Foundation pouring,Building,m3,4634.698741108449
2025-05-11,Cement making,Building,m3,1381.3163532574774
2025-04-06,Ballast,Railway,m3,2581.8231963447547
2025-11-19,Coat preparation,Road,L,2849.2416357499555
2025-10-16,Terrain leveling,Building,m3,2152.183888805119
2025-01-22,Walling,Building,m2,4199.4071166982785
2025-08-23,Walling,Building,m2,4372.2560114208945
2025-10-25,Laying steel rail,Railway,m,3815.4214198121526
2025-04-10,Ballast,Railway,m3,309.5118846258882
2025-04-18,Rolling/Tractor,Road,m2,1527.678894832108
2025-12-01,Ballast,Railway,m3,3998.272084908526
2025-11-17,Foundation pouring,Building,m3,623.2002078125281
2025-03-25,Iron mining,Railway,m3,2009.4628073807523
2025-03-05,Removing trees,Building,m2,2867.3215392878615
2025-07-23,Foundation pouring,Building,m3,1865.5597631765652
2025-02-06,Cement making,Building,m3,1174.6647714487724
2025-08-01,Ballast,Railway,m3,1513.9938660089185
2025-12-06,Rolling/Tractor,Road,m2,1709.3999120267688
2025-06-21,Coat preparation,Road,L,1488.2863081805465
2025-04-27,Ballast,Railway,m3,384.4544552991319
2025-04-14,Subbase application,Road,m2,347.7581874164032
2025-12-20,Cement making,Building,m3,1974.8073923070046
2025-04-05,Subbase application,Road,m2,4432.317196996329
2025-12-16,Laying steel rail,Railway,m,4792.0093286534975
2025-03-21,Ballast,Railway,m3,4883.891821656917
2025-11-14,Walling,Building,m2,188.11335181261268
2025-05-09,Walling,Building,m2,2552.80940374033
2025-02-14,Anchorage,Railway,m2,4091.718688248911
2025-02-17,Foundation pouring,Building,m3,4654.882990969542
2025-06-22,Foundation pouring,Building,m3,3523.0934436854054
2025-09-30,Laying steel rail,Railway,m,2499.168697230833
2025-08-06,Anchorage,Railway,m2,3207.527305807145
2025-04-28,Walling,Building,m2,1940.1307986826093
2025-10-19,Ballast,Railway,m3,3296.2055252765954
2025-10-25,Anchorage,Railway,m2,1391.0302051881517
2025-07-11,Terrain leveling,Building,m3,1023.907309898347
2025-05-06,Cement making,Building,m3,784.3363412669918
2025-06-09,Iron mining,Railway,m3,266.50092122432187
2025-07-04,Iron mining,Railway,m3,93.32933943768384
2025-07-16,Anchorage,Railway,m2,4214.204578553738
2025-05-12,Iron mining,Railway,m3,2297.160321378099
2025-01-13,Ballast,Railway,m3,2226.437701743429
2025-01-08,Terrain leveling,Building,m3,1636.6986256819887
2025-01-29,Coat preparation,Road,L,1780.2214873381029
2025-03-03,Laying steel rail,Railway,m,2874.618602844337
2025-11-13,Foundation pouring,Building,m3,837.7897007846885
2025-11-04,Terrain leveling,Building,m3,2041.3384211511864
2025-02-04,Ballast,Railway,m3,2933.4978898862037
2025-04-29,Cement making,Building,m3,2866.478801373449
2025-01-04,Ballast,Railway,m3,3480.3203418429644
2025-08-25,Iron mining,Railway,m3,4108.17390594647
2025-06-22,Subbase application,Road,m2,2809.105637199655
2025-01-05,Terrain leveling,Building,m3,191.45713249066387
2025-02-19,Cement making,Building,m3,2038.1167323822563
2025-04-20,Rolling/Tractor,Road,m2,1640.524416950353
2025-09-12,Iron mining,Railway,m3,2206.870498147891
2025-10-01,Foundation pouring,Building,m3,1473.3051756602738
2025-04-28,Removing trees,Building,m2,4049.459389791836
2025-11-22,Pavement,Road,m2,2052.6751998706586
2025-08-29,Removing trees,Building,m2,4102.791990628795
2025-02-16,Iron mining,Railway,m3,2435.9158942804065
2025-11-22,Subbase application,Road,m2,2490.8238555163507
2025-05-03,Terrain leveling,Building,m3,4408.657326417772
2025-03-22,Foundation pouring,Building,m3,1065.0255836015033
2025-02-15,Walling,Building,m2,4554.366132197966
2025-03-12,Pavement,Road,m2,3654.0921580582203
2025-07-11,Subbase application,Road,m2,2615.202154263758
2025-12-05,Iron mining,Railway,m3,3944.152712522405
2025-09-08,Ballast,Railway,m3,1311.3529118806323
2025-05-14,Terrain leveling,Building,m3,3108.2761969988055
2025-11-15,Anchorage,Railway,m2,4767.2554848252175
2025-07-10,Removing trees,Building,m2,3286.556227302831
2025-06-24,Walling,Building,m2,4854.768046504728
2025-06-14,Removing trees,Building,m2,2613.0316228037013
2025-04-24,Walling,Building,m2,4512.595020609424
2025-11-14,Laying steel rail,Railway,m,842.5778020326791
2025-09-20,Removing trees,Building,m2,2392.198043610378
2025-08-30,Cement making,Building,m3,1070.968190850966
2025-06-16,Ballast,Railway,m3,3764.015415124428
2025-11-23,Laying steel rail,Railway,m,4307.730869148927
2025-05-13,Subbase application,Road,m2,1291.9215046632748
2025-06-24,Pavement,Road,m2,169.238786686573
2025-03-05,Laying steel rail,Railway,m,3143.2019926406856
2025-06-04,Ballast,Railway,m3,4045.597168981028
2025-08-23,Cement making,Building,m3,2587.5176983964802
2025-03-13,Ballast,Railway,m3,268.11591759082654
2025-01-10,Laying steel rail,Railway,m,2189.834808564074
2025-01-30,Walling,Building,m2,995.1327980677966
2025-06-01,Ballast,Railway,m3,4404.488839994973
2025-08-22,Foundation pouring,Building,m3,4345.240623568966
2025-09-06,Cement making,Building,m3,612.6241643929276
2025-06-09,Subbase application,Road,m2,262.9668640722604
2025-04-27,Cement making,Building,m3,4742.336184134799
2025-05-24,Walling,Building,m2,2398.95589446913
2025-08-18,Subbase application,Road,m2,4695.895685142326
2025-01-07,Iron mining,Railway,m3,42.871426379254565
2025-03-19,Terrain leveling,Building,m3,2054.321478498126
2025-03-04,Iron mining,Railway,m3,652.613298965023
2025-11-09,Ballast,Railway,m3,4406.004871234352
2025-06-03,Foundation pouring,Building,m3,489.9366282054784
2025-11-14,Ballast,Railway,m3,2169.681833970282
2025-04-01,Anchorage,Railway,m2,4183.9672630900595
2025-08-08,Coat preparation,Road,L,1766.2776349515136
2025-08-07,Terrain leveling,Building,m3,2006.0864717443205
2025-03-13,Pavement,Road,m2,1299.3571850280173
2025-07-13,Cement making,Building,m3,3229.749112095102
2025-05-19,Ballast,Railway,m3,4687.334143807512
2025-06-08,Iron mining,Railway,m3,2066.418999542626
2025-10-05,Cement making,Building,m3,2156.3273412344633
2025-05-21,Coat preparation,Road,L,2385.2381392747043
2025-11-27,Iron mining,Railway,m3,2651.57038954557
2025-12-23,Ballast,Railway,m3,4232.461643892818
2025-10-04,Cement making,Building,m3,3605.445309166031
2025-09-24,Foundation pouring,Building,m3,3232.125698543225
2025-08-17,Anchorage,Railway,m2,1456.235223645841
2025-04-10,Pavement,Road,m2,2358.7776279188365
2025-09-28,Pavement,Road,m2,3735.1923367951326
2025-09-20,Foundation pouring,Building,m3,4585.192214786154
2025-10-17,Coat preparation,Road,L,3618.952234372595
2025-04-06,Terrain leveling,Building,m3,2203.4672831659122
2025-11-19,Coat preparation,Road,L,1815.0691914328997
2025-02-15,Rolling/Tractor,Road,m2,549.2962746588737
2025-03-25,Foundation pouring,Building,m3,4042.703609628448
2025-05-31,Ballast,Railway,m3,1700.9540294271524
2025-10-10,Laying steel rail,Railway,m,1267.377676809663
2025-11-23,Anchorage,Railway,m2,4922.897977649245
2025-12-09,Pavement,Road,m2,2124.2052622896517
2025-08-09,Iron mining,Railway,m3,47.05089499614179
2025-11-06,Pavement,Road,m2,3540.934536598543
2025-08-05,Pavement,Road,m2,1172.8206175403643
2025-12-14,Laying steel rail,Railway,m,1670.2654722784066
2025-05-18,Rolling/Tractor,Road,m2,4481.651660107568
2025-01-08,Anchorage,Railway,m2,1626.7997354070596
2025-01-12,Subbase application,Road,m2,237.17511331477036
2025-08-31,Rolling/Tractor,Road,m2,3761.135953605992
2025-02-05,Subbase application,Road,m2,2233.4943940623243
2025-11-18,Iron mining,Railway,m3,1902.391238362915
2025-04-20,Subbase application,Road,m2,3789.353587337027
2025-03-07,Rolling/Tractor,Road,m2,68.02638935553273
2025-06-24,Rolling/Tractor,Road,m2,3514.2956847561845
2025-06-08,Rolling/Tractor,Road,m2,4030.3930154502323
2025-06-20,Coat preparation,Road,L,3315.720565159901
2025-12-20,Coat preparation,Road,L,93.86802210541222
2025-11-22,Removing trees,Building,m2,4716.156145425124
2025-11-19,Anchorage,Railway,m2,772.6597345874047
2025-03-28,Iron mining,Railway,m3,423.11181702999636
2025-04-11,Rolling/Tractor,Road,m2,362.0769044727534
2025-02-02,Pavement,Road,m2,4076.487655060564
2025-09-05,Coat preparation,Road,L,2806.8514208132046
2025-08-24,Laying steel rail,Railway,m,1199.470790978489
2025-06-15,Anchorage,Railway,m2,1727.4786574500301
2025-06-30,Rolling/Tractor,Road,m2,28.817547703244294
2025-06-26,Subbase application,Road,m2,2954.82889306348
2025-05-14,Rolling/Tractor,Road,m2,2201.9369037978713
2025-08-04,Removing trees,Building,m2,2726.7256014167524
2025-11-24,Walling,Building,m2,255.67291428352567
2025-03-31,Terrain leveling,Building,m3,4646.874603426719
2025-02-25,Rolling/Tractor,Road,m2,2741.4193039388206
2025-05-03,Anchorage,Railway,m2,2222.4450661632936
2025-03-04,Iron mining,Railway,m3,2101.351910319889
2025-02-01,Terrain leveling,Building,m3,954.5937875361865
2025-01-29,Removing trees,Building,m2,2571.1723371128696
2025-12-06,Subbase application,Road,m2,3526.0271272245564
2025-11-09,Coat preparation,Road,L,2487.740799518244
2025-02-07,Subbase application,Road,m2,3127.8908088611342
2025-08-17,Terrain leveling,Building,m3,869.1092756650514
2025-03-04,Iron mining,Railway,m3,4708.371063237101
2025-11-05,Rolling/Tractor,Road,m2,2805.434885591735
2025-09-11,Subbase application,Road,m2,1267.7040520065918
2025-03-02,Rolling/Tractor,Road,m2,1529.5753661472734
2025-09-09,Walling,Building,m2,926.0742548219264
2025-09-03,Iron mining,Railway,m3,1425.275645001393
2025-04-09,Removing trees,Building,m2,4556.2219258949235
2025-03-08,Subbase application,Road,m2,1250.0185390334511
2025-12-28,Terrain leveling,Building,m3,4302.462516458885
2025-01-27,Rolling/Tractor,Road,m2,3492.015809564878
2025-09-08,Cement making,Building,m3,4350.090092696611
2025-09-03,Foundation pouring,Building,m3,711.4809298770735
2025-01-03,Terrain leveling,Building,m3,208.52354169068664
2025-02-17,Foundation pouring,Building,m3,4522.1770556323845
2025-01-19,Removing trees,Building,m2,419.6628716428147
2025-04-20,Rolling/Tractor,Road,m2,309.05643306357314
2025-12-06,Pavement,Road,m2,688.2197936287215
2025-10-07,Laying steel rail,Railway,m,1032.2667164254901
2025-09-26,Foundation pouring,Building,m3,3688.636020308034
2025-03-26,Terrain leveling,Building,m3,389.4360584948908
2025-08-25,Cement making,Building,m3,1265.8217754728003
2025-08-05,Anchorage,Railway,m2,2971.3689070486553
2025-11-14,Coat preparation,Road,L,2993.441054944793
2025-07-27,Terrain leveling,Building,m3,1797.3920254167354
2025-07-29,Terrain leveling,Building,m3,1459.815604980383
2025-11-30,Cement making,Building,m3,4123.730950839974
2025-08-21,Terrain leveling,Building,m3,3640.5684818572713
2025-09-23,Coat preparation,Road,L,721.5254085448663
2025-07-07,Iron mining,Railway,m3,2008.6034707834872
2025-06-12,Terrain leveling,Building,m3,2882.314982611495
2025-01-04,Rolling/Tractor,Road,m2,1892.5264477151843
2025-08-15,Rolling/Tractor,Road,m2,2361.830584431636
2025-08-05,Cement making,Building,m3,3087.6291849441154
2025-06-16,Subbase application,Road,m2,1873.3860941426683
2025-09-30,Cement making,Building,m3,1959.4303664763306
2025-07-03,Terrain leveling,Building,m3,817.6045895051537
2025-10-28,Rolling/Tractor,Road,m2,2665.7270924289273
2025-04-24,Ballast,Railway,m3,835.0612624459336
2025-07-12,Cement making,Building,m3,613.2602048742953
2025-02-14,Terrain leveling,Building,m3,2813.958618520446
2025-06-12,Walling,Building,m2,2610.4023370915347
2025-11-30,Pavement,Road,m2,2919.344209060088
2025-03-16,Laying steel rail,Railway,m,4175.606739069286
2025-05-11,Coat preparation,Road,L,448.6614599429689
2025-07-24,Ballast,Railway,m3,2207.419785013107
2025-04-29,Subbase application,Road,m2,197.52229060143011
2025-05-08,Terrain leveling,Building,m3,3357.271729262501
2025-09-24,Cement making,Building,m3,3048.276105741643
2025-02-17,Pavement,Road,m2,4409.488845193959
2025-09-01,Pavement,Road,m2,4602.904752189101
2025-03-20,Cement making,Building,m3,3249.3738016070247
2025-01-26,Coat preparation,Road,L,473.5231313020194
2025-08-20,Pavement,Road,m2,4371.997874347417
2025-11-08,Pavement,Road,m2,842.7308531659166
2025-03-15,Coat preparation,Road,L,3680.650594790222
2025-05-15,Laying steel rail,Railway,m,4808.533213887789
2025-04-20,Foundation pouring,Building,m3,2670.664599626825
2025-10-08,Removing trees,Building,m2,2952.6807374793298
2025-01-22,Coat preparation,Road,L,4164.437975179193
2025-03-20,Terrain leveling,Building,m3,4307.1280751363065
2025-10-31,Coat preparation,Road,L,2026.6337029585302
2025-05-06,Rolling/Tractor,Road,m2,1152.7703678038076
2025-10-28,Pavement,Road,m2,2761.3452731333427
2025-03-03,Pavement,Road,m2,2751.4927788606287
2025-04-15,Removing trees,Building,m2,1388.9672225895922
2025-10-15,Coat preparation,Road,L,492.516442916523
2025-08-01,Terrain leveling,Building,m3,4379.934747746134
2025-06-28,Walling,Building,m2,4004.5828227365514
2025-07-31,Iron mining,Railway,m3,4842.635878843641
2025-03-16,Walling,Building,m2,2446.1070941350476
2025-10-29,Cement making,Building,m3,1327.7539968933384
2025-12-15,Anchorage,Railway,m2,507.3342397968789
2025-10-01,Terrain leveling,Building,m3,22.034962812459426
2025-02-10,Removing trees,Building,m2,134.91489672428193
2025-05-01,Coat preparation,Road,L,2308.855312032323
2025-11-10,Coat preparation,Road,L,785.2191884432808
2025-01-05,Terrain leveling,Building,m3,1515.7130154808606
2025-12-27,Terrain leveling,Building,m3,2215.043316312253
2025-11-23,Removing trees,Building,m2,541.4799653019686
2025-04-03,Terrain leveling,Building,m3,4685.92108102805
2025-01-12,Anchorage,Railway,m2,4147.412041344486
2025-07-15,Removing trees,Building,m2,4671.695335178954
2025-08-08,Foundation pouring,Building,m3,2240.870675756986
2025-02-27,Laying steel rail,Railway,m,1070.8747465953627
2025-11-29,Foundation pouring,Building,m3,4011.6886755432124
2025-04-04,Removing trees,Building,m2,3810.008197431089
2025-05-19,Ballast,Railway,m3,3377.216411654331
2025-12-04,Cement making,Building,m3,1028.1475165905774
2025-06-21,Terrain leveling,Building,m3,1729.2905543705633
2025-04-24,Removing trees,Building,m2,2623.597266480248
2025-02-03,Walling,Building,m2,377.5215294137413
2025-12-29,Rolling/Tractor,Road,m2,362.61156208546475
2025-07-23,Iron mining,Railway,m3,2568.137037530457
2025-09-24,Coat preparation,Road,L,1457.405110198049
2025-05-25,Subbase application,Road,m2,4292.732509204332
2025-03-07,Cement making,Building,m3,3151.5849400005723
2025-03-23,Walling,Building,m2,1850.1567479511755
2025-10-02,Ballast,Railway,m3,2460.551817060107
2025-11-10,Ballast,Railway,m3,2897.7416538968796
2025-03-12,Laying steel rail,Railway,m,3530.095122160267
2025-06-12,Walling,Building,m2,1432.407631066548
2025-11-13,Pavement,Road,m2,747.7363530688108
2025-12-27,Foundation pouring,Building,m3,1231.9282051566727
2025-06-07,Walling,Building,m2,589.6466689772056
2025-05-01,Rolling/Tractor,Road,m2,4012.8116588736957
2025-03-07,Removing trees,Building,m2,3454.3381496124093
2025-10-28,Ballast,Railway,m3,3221.686096165472
2025-12-04,Coat preparation,Road,L,1337.8491027362343
2025-06-13,Cement making,Building,m3,1566.5078032601948
2025-10-26,Rolling/Tractor,Road,m2,980.7211133020038
2025-01-04,Ballast,Railway,m3,253.92616552167846
2025-03-29,Ballast,Railway,m3,4073.4890863903274
2025-02-06,Laying steel rail,Railway,m,2368.232856174961
2025-11-01,Walling,Building,m2,2675.343505810547
2025-01-13,Cement making,Building,m3,1890.8297718274503
2025-06-04,Laying steel rail,Railway,m,4282.607805110094
2025-01-04,Ballast,Railway,m3,2799.3121186930834
2025-05-09,Subbase application,Road,m2,2004.1276233944711
2025-09-04,Laying steel rail,Railway,m,4331.170373330294
2025-05-24,Walling,Building,m2,2255.868861956335
2025-01-21,Walling,Building,m2,474.74828335225374
2025-12-20,Coat preparation,Road,L,3895.1467864109245
2025-05-02,Ballast,Railway,m3,3732.307909099353
2025-11-17,Rolling/Tractor,Road,m2,1065.9826786457693
2025-03-23,Ballast,Railway,m3,4156.5671691687185
2025-05-13,Anchorage,Railway,m2,4433.037048723478
2025-02-09,Pavement,Road,m2,4109.500121769121
2025-10-05,Cement making,Building,m3,326.17402068177427
2025-12-29,Laying steel rail,Railway,m,3443.9891965927604
2025-04-11,Foundation pouring,Building,m3,406.643066869441
2025-04-30,Cement making,Building,m3,3225.4651478638907
2025-11-20,Laying steel rail,Railway,m,276.6627164072566
2025-01-20,Cement making,Building,m3,2349.1602134754885
2025-12-06,Removing trees,Building,m2,3386.2588235161707
2025-02-25,Ballast,Railway,m3,4673.166821317331
2025-07-29,Walling,Building,m2,2215.848058290927
2025-12-02,Foundation pouring,Building,m3,579.0918206812217
2025-04-29,Cement making,Building,m3,23.427955340611927
2025-08-06,Removing trees,Building,m2,238.58385146424078
2025-08-10,Iron mining,Railway,m3,106.36748625208637
2025-12-27,Iron mining,Railway,m3,4650.120831102062
2025-02-04,Rolling/Tractor,Road,m2,2126.614414178185
2025-05-26,Cement making,Building,m3,3607.765081907277
2025-03-13,Subbase application,Road,m2,4343.426397005905
2025-11-14,Cement making,Building,m3,2860.6166178138888
2025-10-14,Rolling/Tractor,Road,m2,1770.1623576831487
2025-08-27,Coat preparation,Road,L,4553.758333198521
2025-05-28,Subbase application,Road,m2,2173.7709079742194
2025-11-20,Ballast,Railway,m3,3640.824866975484
2025-09-29,Coat preparation,Road,L,3241.8108289765305
2025-03-12,Pavement,Road,m2,1904.0432912693277
2025-07-27,Coat preparation,Road,L,98.40307806390891
2025-12-14,Iron mining,Railway,m3,885.6533381152992
2025-06-28,Removing trees,Building,m2,25.633240833290436
2025-02-13,Iron mining,Railway,m3,3847.8850708656187
2025-10-09,Foundation pouring,Building,m3,1780.6154703335953
2025-10-23,Iron mining,Railway,m3,2556.867653238817
2025-06-01,Subbase application,Road,m2,1252.620666844146
2025-12-04,Subbase application,Road,m2,495.56556026470355
2025-11-21,Subbase application,Road,m2,513.1464255466028
2025-01-27,Removing trees,Building,m2,115.5801137866247
2025-08-02,Pavement,Road,m2,3130.2324865387227
2025-12-29,Pavement,Road,m2,1047.7384052935413
2025-09-03,Walling,Building,m2,3174.2350358140798
2025-02-02,Terrain leveling,Building,m3,1214.077387013513
2025-10-13,Rolling/Tractor,Road,m2,1785.0875283567402
2025-02-13,Walling,Building,m2,1473.192230770703
2025-03-24,Removing trees,Building,m2,2822.083254286914
2025-02-23,Anchorage,Railway,m2,1537.948006684664
2025-06-26,Rolling/Tractor,Road,m2,4719.5699111021195
2025-03-11,Subbase application,Road,m2,3227.09758662343
2025-09-01,Ballast,Railway,m3,4640.704623095437
2025-12-17,Laying steel rail,Railway,m,3745.135836427873
2025-02-28,Terrain leveling,Building,m3,3693.4774186983377
2025-11-16,Cement making,Building,m3,4269.3475014137
2025-01-19,Anchorage,Railway,m2,4857.370319175308
2025-11-11,Anchorage,Railway,m2,2097.955583222847
2025-04-01,Pavement,Road,m2,2295.940643229092
2025-06-22,Subbase application,Road,m2,463.89775627135197
2025-06-16,Walling,Building,m2,4502.837065967501
2025-07-01,Removing trees,Building,m2,627.2761735226073
2025-05-09,Terrain leveling,Building,m3,1770.6916501577607
2025-11-03,Cement making,Building,m3,3355.0442351878664
2025-01-04,Subbase application,Road,m2,4480.269635651504
2025-03-16,Ballast,Railway,m3,504.9863047507214
2025-08-01,Rolling/Tractor,Road,m2,3799.3653570682704
2025-08-25,Cement making,Building,m3,4325.370393064888
2025-09-15,Terrain leveling,Building,m3,347.2441563612155
2025-08-12,Rolling/Tractor,Road,m2,3731.5256651083905
2025-08-06,Ballast,Railway,m3,3932.863848376331
2025-09-23,Cement making,Building,m3,242.63282787433894
2025-05-05,Cement making,Building,m3,4497.450429270105
2025-04-13,Walling,Building,m2,269.67446214329226
2025-09-15,Pavement,Road,m2,4189.922025169288
2025-08-16,Walling,Building,m2,1899.1433155321242
2025-04-13,Laying steel rail,Railway,m,54.681611431173785
2025-06-11,Ballast,Railway,m3,4373.962759416099
2025-07-02,Foundation pouring,Building,m3,3014.8563091187098
2025-12-25,Cement making,Building,m3,3837.245132621381
2025-10-02,Walling,Building,m2,4761.432220710641
2025-04-23,Foundation pouring,Building,m3,3076.9705428586235
2025-08-28,Cement making,Building,m3,303.08780020508965
2025-07-26,Subbase application,Road,m2,2538.2697549006793
2025-03-27,Ballast,Railway,m3,4457.896552698507
2025-05-22,Cement making,Building,m3,599.4576034662347
2025-03-04,Rolling/Tractor,Road,m2,4563.376633406509
2025-04-02,Iron mining,Railway,m3,4429.899909818313
2025-09-15,Terrain leveling,Building,m3,4404.390798292131
2025-09-02,Cement making,Building,m3,1850.6733610699073
2025-11-05,Terrain leveling,Building,m3,3489.8097274372503
2025-05-31,Ballast,Railway,m3,738.1532752760384
2025-03-18,Foundation pouring,Building,m3,2701.1957568545718
2025-07-13,Terrain leveling,Building,m3,1178.3631075595308
2025-12-13,Removing trees,Building,m2,3264.4331287891737
2025-08-08,Subbase application,Road,m2,2875.2402388302135
2025-05-23,Laying steel rail,Railway,m,3404.5441548129475
2025-05-26,Pavement,Road,m2,4114.898311761385
2025-11-30,Ballast,Railway,m3,803.0237535874879
2025-05-27,Anchorage,Railway,m2,4813.3392849025895
2025-02-13,Terrain leveling,Building,m3,2625.954819097506
2025-04-26,Laying steel rail,Railway,m,46.627417207482644
2025-06-28,Pavement,Road,m2,1891.8459930369352
2025-10-20,Iron mining,Railway,m3,2746.870813589395
2025-11-06,Removing trees,Building,m2,3934.338687912879
2025-07-30,Rolling/Tractor,Road,m2,2507.9507557749607
2025-03-22,Anchorage,Railway,m2,1742.3395047482566
2025-05-25,Pavement,Road,m2,2292.1406972876102
2025-03-02,Foundation pouring,Building,m3,4756.2847377156495
2025-08-17,Removing trees,Building,m2,1169.7953931925476
2025-01-05,Terrain leveling,Building,m3,2913.536456067733
2025-12-22,Ballast,Railway,m3,4513.2640312416215
2025-01-21,Rolling/Tractor,Road,m2,3189.6518839614146
2025-06-20,Anchorage,Railway,m2,554.0721458104475
2025-06-20,Pavement,Road,m2,3818.610932294957
2025-02-14,Cement making,Building,m3,4197.066586193555
2025-09-03,Iron mining,Railway,m3,4709.077141124098
2025-09-11,Anchorage,Railway,m2,61.36716610902315
2025-01-16,Iron mining,Railway,m3,4142.3083259426185
2025-07-02,Ballast,Railway,m3,2027.2040251888818
2025-11-10,Rolling/Tractor,Road,m2,649.233312038165
2025-05-07,Subbase application,Road,m2,3048.529502241119
2025-05-14,Pavement,Road,m2,1450.1110072378099
2025-08-26,Anchorage,Railway,m2,1629.023367682742
2025-04-13,Ballast,Railway,m3,102.64477782709169
2025-06-20,Foundation pouring,Building,m3,4435.984756088523
2025-12-19,Laying steel rail,Railway,m,1067.8443755118333
2025-12-27,Coat preparation,Road,L,2871.7363223808707
2025-02-22,Rolling/Tractor,Road,m2,3963.6007068029776
2025-05-21,Anchorage,Railway,m2,1661.5150664365492
2025-04-13,Foundation pouring,Building,m3,3952.028364054647
2025-10-02,Walling,Building,m2,4323.255974862375
2025-05-12,Laying steel rail,Railway,m,4288.1774101783185
2025-05-04,Rolling/Tractor,Road,m2,2727.9125516339823
2025-02-25,Ballast,Railway,m3,4756.634511490591
2025-09-04,Subbase application,Road,m2,355.59380356603276
2025-07-28,Rolling/Tractor,Road,m2,3922.609949336534
2025-01-12,Removing trees,Building,m2,2616.3258836376303
2025-04-07,Terrain leveling,Building,m3,4631.00619785814
2025-11-16,Anchorage,Railway,m2,2094.999415330775
2025-11-03,Cement making,Building,m3,478.23111076924994
2025-05-31,Terrain leveling,Building,m3,455.28342057707283
2025-06-30,Ballast,Railway,m3,456.55462352097
2025-07-31,Walling,Building,m2,1201.0650444794835
2025-10-18,Rolling/Tractor,Road,m2,200.91851871670286
2025-09-27,Subbase application,Road,m2,4547.292639020266
2025-12-24,Terrain leveling,Building,m3,4246.441576709042
2025-12-08,Terrain leveling,Building,m3,1342.8075436734111
2025-10-10,Foundation pouring,Building,m3,1096.4709160530595
2025-09-11,Iron mining,Railway,m3,660.5765823590771
2025-09-07,Rolling/Tractor,Road,m2,3292.815252920214
2025-03-19,Removing trees,Building,m2,4217.276424483814
2025-01-15,Laying steel rail,Railway,m,830.560664617892
2025-01-15,Anchorage,Railway,m2,892.9245560132842
2025-05-16,Iron mining,Railway,m3,3350.262753467041
2025-03-16,Ballast,Railway,m3,27.529699779907936
2025-03-28,Coat preparation,Road,L,3422.8830106420182
2025-11-06,Ballast,Railway,m3,907.797561786895
2025-07-06,Ballast,Railway,m3,3691.9984943841205
2025-10-14,Coat preparation,Road,L,1501.8548629510665
2025-04-20,Pavement,Road,m2,4599.853463916741
2025-03-13,Cement making,Building,m3,2429.741505899317
2025-01-17,Coat preparation,Road,L,4266.9053584527255
2025-11-16,Iron mining,Railway,m3,794.9024551125727
2025-06-27,Subbase application,Road,m2,3858.6784457955655
2025-06-05,Ballast,Railway,m3,566.8289239145407
2025-12-20,Coat preparation,Road,L,1420.9020095754888
2025-02-26,Cement making,Building,m3,4963.94111703867
2025-09-26,Ballast,Railway,m3,1827.8515273036605
2025-01-28,Foundation pouring,Building,m3,1802.2600260054849
2025-10-19,Walling,Building,m2,4725.204424012902
2025-03-24,Coat preparation,Road,L,3159.726260880837
2025-06-26,Pavement,Road,m2,4385.104602789848
2025-09-28,Cement making,Building,m3,3365.419837774713
2025-01-24,Rolling/Tractor,Road,m2,3376.909348177262
2025-11-15,Subbase application,Road,m2,2211.521730493415
2025-11-27,Laying steel rail,Railway,m,213.5699286654924
2025-11-14,Rolling/Tractor,Road,m2,3154.603613201665
2025-10-16,Ballast,Railway,m3,1403.921743905356
2025-04-25,Terrain leveling,Building,m3,1919.5947245398997
2025-02-13,Iron mining,Railway,m3,1040.384504787894
2025-10-15,Terrain leveling,Building,m3,1439.282982346286
2025-06-28,Subbase application,Road,m2,1516.604300500352
2025-03-24,Laying steel rail,Railway,m,2096.0487848252897
2025-11-27,Cement making,Building,m3,3709.1952466542634
2025-11-03,Terrain leveling,Building,m3,1219.2043252893131
2025-02-05,Coat preparation,Road,L,2902.627567504971
2025-09-24,Walling,Building,m2,216.1467183499022
2025-10-19,Ballast,Railway,m3,489.0022368108593
2025-10-24,Cement making,Building,m3,3360.769338426799
2025-09-01,Walling,Building,m2,3559.3489615135254
2025-01-14,Walling,Building,m2,1457.3151327033445
2025-08-13,Laying steel rail,Railway,m,3616.499411077018
2025-03-29,Rolling/Tractor,Road,m2,468.066988321188
2025-11-01,Ballast,Railway,m3,2899.6546043782578
2025-11-18,Pavement,Road,m2,1911.8085621261744
2025-04-09,Terrain leveling,Building,m3,2007.553050060497
2025-07-03,Subbase application,Road,m2,4876.587181874526
2025-10-06,Ballast,Railway,m3,352.5437891788652
2025-08-09,Rolling/Tractor,Road,m2,861.5561648134429
2025-08-04,Rolling/Tractor,Road,m2,2355.6811981578053
2025-01-05,Removing trees,Building,m2,1182.0609935252885
2025-02-13,Terrain leveling,Building,m3,508.8438235159542
2025-08-21,Rolling/Tractor,Road,m2,4199.99570160593
2025-09-24,Iron mining,Railway,m3,3461.3778630565107
2025-11-21,Cement making,Building,m3,2335.0363806827413
2025-08-29,Removing trees,Building,m2,35.28877816665887
2025-03-03,Walling,Building,m2,3375.7444861784575
2025-04-27,Pavement,Road,m2,1605.8479438913232
2025-01-16,Cement making,Building,m3,543.7130307830151
2025-04-26,Rolling/Tractor,Road,m2,1096.8005815643055
2025-07-06,Iron mining,Railway,m3,2616.7429499541904
2025-09-22,Coat preparation,Road,L,1096.1992084699068
2025-06-10,Walling,Building,m2,33.22419959204903
2025-01-15,Ballast,Railway,m3,387.16362205129195
2025-07-31,Ballast,Railway,m3,1671.0468022943414
2025-10-30,Laying steel rail,Railway,m,2766.360941181895
2025-12-12,Ballast,Railway,m3,3108.9649600239
2025-07-26,Removing trees,Building,m2,2072.379334998865
2025-08-21,Cement making,Building,m3,1871.7314844885198
2025-04-25,Anchorage,Railway,m2,4218.979120426983
2025-11-15,Terrain leveling,Building,m3,3964.7344225085603
2025-01-13,Removing trees,Building,m2,1998.847661442622
2025-04-05,Coat preparation,Road,L,4998.41352615486
2025-12-08,Cement making,Building,m3,3938.260330989839
2025-09-23,Ballast,Railway,m3,1263.36953418757
2025-07-08,Subbase application,Road,m2,4410.1164764098185
2025-03-14,Iron mining,Railway,m3,2166.6814798808305
2025-06-20,Anchorage,Railway,m2,2092.216867981822
2025-10-02,Foundation pouring,Building,m3,698.2155121460387
2025-02-17,Removing trees,Building,m2,1151.295069715727
2025-07-08,Foundation pouring,Building,m3,3829.2671655158515
2025-07-26,Iron mining,Railway,m3,3874.9900101995654
2025-10-01,Rolling/Tractor,Road,m2,2518.1892554494752
2025-08-02,Iron mining,Railway,m3,1919.329512589768
2025-01-21,Anchorage,Railway,m2,1919.0795757442263
2025-10-19,Laying steel rail,Railway,m,1615.9050551280873
2025-11-12,Removing trees,Building,m2,1367.3583878140016
2025-03-27,Removing trees,Building,m2,2540.1872286334997
2025-10-28,Subbase application,Road,m2,1204.2601877363202
2025-12-12,Ballast,Railway,m3,4601.639893800492
2025-12-02,Foundation pouring,Building,m3,1751.8702215442734
2025-05-19,Cement making,Building,m3,1520.6018638226553
2025-10-15,Pavement,Road,m2,4059.2092030463805
2025-12-21,Walling,Building,m2,621.3632223937715
2025-11-20,Cement making,Building,m3,2002.732558255042
2025-02-02,Rolling/Tractor,Road,m2,3232.379570917214
2025-08-31,Iron mining,Railway,m3,1083.07047045689
2025-09-03,Rolling/Tractor,Road,m2,651.926091348008
2025-01-02,Coat preparation,Road,L,2752.357398723398
2025-01-01,Foundation pouring,Building,m3,4041.370794259609
2025-05-22,Laying steel rail,Railway,m,4318.452780992884
2025-06-11,Coat preparation,Road,L,2851.168178194858
2025-12-10,Iron mining,Railway,m3,2685.94824747402
2025-07-01,Anchorage,Railway,m2,491.06130303376295
2025-12-14,Subbase application,Road,m2,238.2027630258421
2025-10-28,Anchorage,Railway,m2,4122.125031443976
2025-05-20,Walling,Building,m2,4665.720831247817
2025-05-04,Laying steel rail,Railway,m,1292.3393546552124
2025-03-20,Rolling/Tractor,Road,m2,1176.8353361910993
2025-05-09,Foundation pouring,Building,m3,1949.3985931167267
2025-12-21,Laying steel rail,Railway,m,4256.614181784962
2025-01-15,Iron mining,Railway,m3,2356.3477066933856
2025-04-17,Iron mining,Railway,m3,1485.7657943022946
2025-09-18,Cement making,Building,m3,991.1836215730224
2025-10-29,Rolling/Tractor,Road,m2,206.56239044925084
2025-08-29,Iron mining,Railway,m3,1436.4284689925794
2025-02-07,Ballast,Railway,m3,3387.7766558398994
2025-10-19,Walling,Building,m2,3036.4135695869827
2025-01-25,Terrain leveling,Building,m3,2552.5599053641185
2025-02-19,Ballast,Railway,m3,1118.0232460620655
2025-05-31,Rolling/Tractor,Road,m2,2296.1924459183515
2025-12-13,Coat preparation,Road,L,406.2214397812153
2025-01-02,Pavement,Road,m2,3735.670449845404
2025-01-14,Cement making,Building,m3,911.9903815468527
2025-08-26,Subbase application,Road,m2,2248.0223835725837
2025-09-23,Laying steel rail,Railway,m,1692.38372593694
2025-02-18,Rolling/Tractor,Road,m2,1413.790169119552
2025-10-16,Rolling/Tractor,Road,m2,1067.1540243424304
2025-08-27,Terrain leveling,Building,m3,4077.8734834465604
2025-11-05,Anchorage,Railway,m2,4882.644698600469
2025-09-22,Pavement,Road,m2,3560.3919030779475
2025-05-30,Coat preparation,Road,L,2422.00037822648
2025-01-30,Cement making,Building,m3,2030.721802997722
2025-02-21,Foundation pouring,Building,m3,1423.7931289580201
2025-08-17,Terrain leveling,Building,m3,1930.641787534713
2025-04-21,Iron mining,Railway,m3,3163.288971567317
2025-05-03,Iron mining,Railway,m3,3676.6718547725695
2025-05-29,Cement making,Building,m3,618.0913677194605
2025-05-04,Anchorage,Railway,m2,4063.1905875394505
2025-05-30,Coat preparation,Road,L,4750.946843901887
2025-03-09,Coat preparation,Road,L,3249.6212647019884
2025-06-26,Iron mining,Railway,m3,1937.1319178018948
2025-02-28,Walling,Building,m2,1666.6106945609095
2025-09-10,Terrain leveling,Building,m3,503.96797198371866
2025-04-17,Walling,Building,m2,4884.287489325781
2025-05-23,Laying steel rail,Railway,m,3369.425295906351
2025-08-19,Ballast,Railway,m3,4513.8597795715605
2025-02-24,Coat preparation,Road,L,1421.1372773660619
2025-04-24,Terrain leveling,Building,m3,4672.34245462295
2025-05-03,Ballast,Railway,m3,1793.9966494790426
2025-03-05,Subbase application,Road,m2,3836.317842329677
2025-10-18,Foundation pouring,Building,m3,4733.255903089338
2025-01-09,Iron mining,Railway,m3,3998.4405387904553
2025-03-19,Rolling/Tractor,Road,m2,1591.9983089021493
2025-02-19,Rolling/Tractor,Road,m2,2670.8592024580284
2025-08-17,Removing trees,Building,m2,1450.1399903605334
2025-05-18,Iron mining,Railway,m3,1250.7131557042783
2025-09-29,Foundation pouring,Building,m3,271.8189166096985
2025-02-15,Terrain leveling,Building,m3,2669.0832011289785
2025-03-09,Ballast,Railway,m3,4776.021577010425
2025-03-03,Rolling/Tractor,Road,m2,4727.843030202981
2025-08-14,Pavement,Road,m2,4790.399278630015
2025-10-19,Anchorage,Railway,m2,2527.2432817723125
2025-07-08,Cement making,Building,m3,1721.0794475874025
2025-04-13,Coat preparation,Road,L,1386.1209300871385
2025-11-10,Walling,Building,m2,4504.439453946376
2025-09-26,Removing trees,Building,m2,2438.5766161729475
2025-04-22,Laying steel rail,Railway,m,534.6791779257131
2025-04-15,Ballast,Railway,m3,3984.9256427119612
2025-06-29,Laying steel rail,Railway,m,1279.9085816457855
2025-05-16,Terrain leveling,Building,m3,1806.6515735910998
2025-05-24,Removing trees,Building,m2,1727.5047133705796
2025-05-07,Foundation pouring,Building,m3,3197.8568149566877
2025-09-21,Anchorage,Railway,m2,4226.747725528401
2025-05-05,Pavement,Road,m2,3889.013922792344
2025-08-19,Iron mining,Railway,m3,435.1131606289976
2025-02-17,Pavement,Road,m2,1359.2910317700384
2025-03-03,Foundation pouring,Building,m3,807.8773519569577
2025-11-29,Ballast,Railway,m3,1064.82746683412
2025-09-15,Iron mining,Railway,m3,2704.549073645582
2025-07-23,Cement making,Building,m3,712.4188259980757
2025-04-28,Ballast,Railway,m3,2697.605140310223
2025-05-02,Iron mining,Railway,m3,3038.366963816722
2025-08-24,Terrain leveling,Building,m3,2958.502751071944
2025-11-24,Foundation pouring,Building,m3,1314.85970422897
2025-01-27,Laying steel rail,Railway,m,3734.2489403070404
2025-05-09,Foundation pouring,Building,m3,2502.1373890931955
2025-02-11,Removing trees,Building,m2,4408.100336193974
2025-10-05,Subbase application,Road,m2,2141.7432929034626
2025-04-25,Rolling/Tractor,Road,m2,3625.2705097665043
2025-04-04,Removing trees,Building,m2,3589.0569911096563
2025-11-21,Cement making,Building,m3,3545.7669022209643
2025-03-15,Anchorage,Railway,m2,3403.679234807505
2025-09-01,Terrain leveling,Building,m3,4720.442916375069
2025-12-25,Walling,Building,m2,2842.5550898418855
2025-11-10,Ballast,Railway,m3,4053.69961703146
2025-02-08,Ballast,Railway,m3,3668.3338581373478
2025-01-07,Cement making,Building,m3,169.5465286151271
2025-02-03,Walling,Building,m2,426.59938722288734
2025-07-12,Cement making,Building,m3,4511.347522450385
2025-08-15,Cement making,Building,m3,2039.3644292784202
2025-12-17,Coat preparation,Road,L,125.81980829816264
2025-04-18,Coat preparation,Road,L,884.5839381938225
2025-06-07,Subbase application,Road,m2,3176.88815311863
2025-04-29,Iron mining,Railway,m3,3405.2555301023704
2025-07-08,Terrain leveling,Building,m3,3344.866525460474
2025-09-11,Coat preparation,Road,L,2936.6690028662056
2025-01-29,Rolling/Tractor,Road,m2,1853.0492593554427
2025-03-22,Subbase application,Road,m2,3623.1382935216807
2025-01-11,Coat preparation,Road,L,4560.944047493386
2025-07-14,Removing trees,Building,m2,1579.58281492948
2025-08-09,Terrain leveling,Building,m3,4426.720806120133
2025-10-08,Subbase application,Road,m2,1448.9636591657868
2025-02-01,Foundation pouring,Building,m3,3398.540152739382
2025-07-14,Anchorage,Railway,m2,3121.0544559408713
2025-04-03,Laying steel rail,Railway,m,4094.6561521518192
2025-04-21,Ballast,Railway,m3,65.44055697331852
2025-05-03,Pavement,Road,m2,3296.8662561661504
2025-12-07,Subbase application,Road,m2,4742.965741991738
2025-08-17,Cement making,Building,m3,1554.1641955064422
2025-03-03,Walling,Building,m2,3192.9356374707086
2025-03-02,Terrain leveling,Building,m3,3988.375884414752
2025-01-26,Walling,Building,m2,4742.970352557262
2025-02-13,Subbase application,Road,m2,4548.041535647211
2025-04-16,Foundation pouring,Building,m3,3996.0753605034392
2025-11-20,Laying steel rail,Railway,m,3479.641414158806
2025-07-01,Subbase application,Road,m2,2753.744293689976
2025-03-11,Cement making,Building,m3,2107.0999511162445
2025-07-11,Terrain leveling,Building,m3,4320.075153739405
2025-09-04,Ballast,Railway,m3,233.89984761595707
2025-07-09,Anchorage,Railway,m2,982.1964835896979
2025-12-12,Foundation pouring,Building,m3,4631.493036320665
2025-07-26,Coat preparation,Road,L,2205.8640004361673
2025-05-12,Rolling/Tractor,Road,m2,3349.303483733144
2025-09-03,Walling,Building,m2,2847.880213351139
2025-05-13,Pavement,Road,m2,3593.649198081368
2025-10-05,Foundation pouring,Building,m3,2141.857064763086
2025-06-01,Subbase application,Road,m2,2965.390384040059
2025-11-16,Anchorage,Railway,m2,4330.512174878183
2025-07-10,Foundation pouring,Building,m3,2130.968112172592
2025-07-29,Terrain leveling,Building,m3,112.77340742238073
2025-10-13,Cement making,Building,m3,4912.51321520497
2025-06-19,Pavement,Road,m2,860.918807026515
2025-09-23,Rolling/Tractor,Road,m2,125.54014258968182
2025-11-14,Terrain leveling,Building,m3,4202.180740381596
2025-09-09,Rolling/Tractor,Road,m2,2744.9446263104333
2025-04-14,Removing trees,Building,m2,3707.8946583654947
2025-10-03,Rolling/Tractor,Road,m2,4541.001343581858
2025-08-05,Rolling/Tractor,Road,m2,1295.488598810926
2025-07-06,Anchorage,Railway,m2,1768.1000473005804
2025-09-19,Removing trees,Building,m2,4525.36983018753
2025-04-25,Coat preparation,Road,L,2803.234387100161
2025-09-30,Cement making,Building,m3,1313.903780696446
2025-08-08,Coat preparation,Road,L,3483.799800615152
2025-03-22,Coat preparation,Road,L,29.950424590310387
2025-11-14,Cement making,Building,m3,3871.981497283149
2025-12-04,Ballast,Railway,m3,2387.396989261443
2025-06-10,Walling,Building,m2,34.71538394686835
2025-08-17,Rolling/Tractor,Road,m2,678.306476272198
2025-02-02,Removing trees,Building,m2,3354.5338062326323
2025-12-22,Pavement,Road,m2,3446.0201997774293
2025-07-20,Laying steel rail,Railway,m,1730.1234174062702
2025-03-05,Subbase application,Road,m2,2707.048908112561
2025-07-13,Foundation pouring,Building,m3,560.5161061810404
2025-06-21,Ballast,Railway,m3,4873.954847154155
2025-10-08,Foundation pouring,Building,m3,1579.816261466818
2025-10-02,Walling,Building,m2,1984.650039832287
2025-02-24,Rolling/Tractor,Road,m2,1788.3835746934974
2025-03-22,Pavement,Road,m2,3129.4561294462087
2025-11-01,Subbase application,Road,m2,3951.49509873527
2025-08-09,Removing trees,Building,m2,805.6252683704118
2025-08-07,Rolling/Tractor,Road,m2,369.60385954106
2025-11-05,Cement making,Building,m3,1586.4034462636173
2025-10-07,Rolling/Tractor,Road,m2,4999.198811307606
2025-01-15,Ballast,Railway,m3,31.60941027964437
2025-11-01,Iron mining,Railway,m3,75.59329021865346
2025-01-02,Coat preparation,Road,L,2299.4492608126184
2025-07-14,Anchorage,Railway,m2,386.296252915459
2025-06-30,Anchorage,Railway,m2,3852.1236664547287
2025-07-09,Removing trees,Building,m2,4415.333179573513
2025-08-14,Coat preparation,Road,L,1934.8044179408357
2025-04-15,Terrain leveling,Building,m3,1046.2993029272461
2025-08-24,Walling,Building,m2,2899.7442728333317
2025-05-20,Iron mining,Railway,m3,118.19152212459383
2025-12-28,Ballast,Railway,m3,4742.481687132891
2025-12-03,Laying steel rail,Railway,m,288.2272530956481
2025-09-17,Anchorage,Railway,m2,3510.0474650243023
2025-06-09,Anchorage,Railway,m2,3706.824112453602
2025-04-04,Anchorage,Railway,m2,1173.3619650294409
2025-01-18,Coat preparation,Road,L,460.48243273733857
2025-08-14,Coat preparation,Road,L,1566.1198688144068
2025-11-11,Foundation pouring,Building,m3,519.1366597714836
2025-02-27,Ballast,Railway,m3,2565.7344145752054
2025-03-05,Anchorage,Railway,m2,4638.171347921027
2025-01-11,Coat preparation,Road,L,3610.586671513501
2025-07-10,Iron mining,Railway,m3,836.1352253019854
2025-10-26,Anchorage,Railway,m2,241.0020760596837
2025-12-04,Removing trees,Building,m2,3393.5347554865593
2025-08-22,Ballast,Railway,m3,745.024240799681
2025-07-30,Pavement,Road,m2,2914.0983111949918
2025-04-22,Anchorage,Railway,m2,1357.0332417146824
2025-02-07,Terrain leveling,Building,m3,3647.622837450105
2025-07-09,Removing trees,Building,m2,2267.2904302130382
2025-03-06,Pavement,Road,m2,2704.8514078235103
2025-08-18,Pavement,Road,m2,3970.1770342453015
2025-09-29,Walling,Building,m2,883.5828122237316
2025-06-11,Ballast,Railway,m3,1021.7136913658031
2025-01-26,Foundation pouring,Building,m3,4877.031418405539
2025-12-11,Pavement,Road,m2,4953.2534920322505
2025-03-03,Terrain leveling,Building,m3,2627.8990032739607
2025-08-28,Coat preparation,Road,L,1055.254250076173
2025-01-21,Walling,Building,m2,4424.073264299868
2025-04-22,Coat preparation,Road,L,1706.862863882495
2025-04-15,Laying steel rail,Railway,m,75.6539629838493
2025-08-07,Terrain leveling,Building,m3,384.6576417053299
2025-06-07,Terrain leveling,Building,m3,2661.260506108477
2025-06-25,Laying steel rail,Railway,m,1985.1531139750073
2025-01-17,Removing trees,Building,m2,1049.355300410506
2025-05-06,Subbase application,Road,m2,2485.2892150374846
2025-02-06,Foundation pouring,Building,m3,774.5255220029518
2025-12-13,Pavement,Road,m2,634.7199085741433
2025-07-25,Coat preparation,Road,L,1138.0995155887763
2025-10-15,Ballast,Railway,m3,4511.750667755795
2025-09-05,Terrain leveling,Building,m3,3287.7926168122885
2025-02-14,Laying steel rail,Railway,m,2616.603160221503
2025-05-21,Pavement,Road,m2,864.8207294697252
2025-09-05,Iron mining,Railway,m3,3253.5436460074957
2025-12-24,Ballast,Railway,m3,2863.5046574369017
2025-06-12,Foundation pouring,Building,m3,3346.385487730091
2025-08-03,Foundation pouring,Building,m3,74.09797244147754
2025-09-29,Removing trees,Building,m2,1415.96055319055
2025-03-16,Anchorage,Railway,m2,1742.5781744705505
2025-01-26,Removing trees,Building,m2,146.1833353173403
2025-09-12,Laying steel rail,Railway,m,1421.473529961934
2025-04-07,Terrain leveling,Building,m3,1997.04494561804
2025-09-12,Removing trees,Building,m2,3865.3825331762864
2025-12-29,Subbase application,Road,m2,2454.8647652001987
2025-02-09,Rolling/Tractor,Road,m2,2877.4576514293913
2025-06-21,Anchorage,Railway,m2,2305.8808447175393
2025-09-11,Anchorage,Railway,m2,294.4385158892776
2025-11-07,Laying steel rail,Railway,m,3389.1124801412857
2025-05-23,Terrain leveling,Building,m3,4535.37578962565
2025-03-27,Coat preparation,Road,L,1535.6303439951957
2025-03-03,Terrain leveling,Building,m3,3982.3873270425906
2025-07-07,Foundation pouring,Building,m3,1287.9929115632488
2025-01-22,Coat preparation,Road,L,2731.9375831499788
2025-06-11,Removing trees,Building,m2,1766.6573823341441
2025-01-10,Ballast,Railway,m3,3195.3782517112004
2025-11-22,Terrain leveling,Building,m3,2007.4820176433973
2025-05-27,Foundation pouring,Building,m3,4552.885210749077
2025-06-10,Cement making,Building,m3,1830.7360275211204
2025-02-11,Anchorage,Railway,m2,1012.3775405580559
2025-06-09,Iron mining,Railway,m3,958.9322724896732
2025-10-09,Iron mining,Railway,m3,3203.305158263092
2025-11-27,Laying steel rail,Railway,m,1616.7571037197342
2025-12-04,Iron mining,Railway,m3,1275.0020530253548
2025-08-07,Rolling/Tractor,Road,m2,3206.761818533449
2025-01-12,Terrain leveling,Building,m3,4473.163261661136
2025-05-19,Anchorage,Railway,m2,1141.5125120448472
2025-07-30,Laying steel rail,Railway,m,4160.330778201006
2025-01-10,Coat preparation,Road,L,355.67833250637284
2025-02-26,Rolling/Tractor,Road,m2,1623.3494644361078
2025-06-20,Coat preparation,Road,L,4046.047068045041
2025-07-20,Laying steel rail,Railway,m,2190.753839149036
2025-08-20,Iron mining,Railway,m3,4466.54625059083
2025-10-22,Terrain leveling,Building,m3,455.99776810153867
2025-10-30,Anchorage,Railway,m2,4108.735630744666
2025-10-19,Foundation pouring,Building,m3,4980.263345172008
2025-04-22,Terrain leveling,Building,m3,1842.5387453751352
2025-04-16,Walling,Building,m2,3115.0683023987267
2025-07-09,Subbase application,Road,m2,890.6544943244993
2025-02-23,Cement making,Building,m3,3345.698148894998
2025-03-10,Rolling/Tractor,Road,m2,3223.5097585154863
2025-07-30,Walling,Building,m2,3289.1604019916344
2025-04-28,Foundation pouring,Building,m3,1746.981631401499
2025-05-24,Walling,Building,m2,584.3023179421015
2025-03-01,Subbase application,Road,m2,1716.5575440322784
2025-04-23,Laying steel rail,Railway,m,1958.249198930791
2025-05-05,Terrain leveling,Building,m3,2150.074306727438
2025-07-01,Walling,Building,m2,735.5605905367729
2025-04-15,Coat preparation,Road,L,674.5412653601074
2025-02-12,Coat preparation,Road,L,1639.5148498884282
2025-10-22,Foundation pouring,Building,m3,4575.53519449235
2025-12-13,Subbase application,Road,m2,505.62520396987276
2025-04-08,Cement making,Building,m3,711.8515952687643
2025-06-09,Subbase application,Road,m2,3244.661400471649
2025-10-26,Pavement,Road,m2,3101.994721203965
2025-11-12,Anchorage,Railway,m2,3236.748456636583
2025-08-01,Iron mining,Railway,m3,3118.0246935534637
2025-12-01,Pavement,Road,m2,3162.097720518352
2025-04-17,Ballast,Railway,m3,1368.4989786219437
2025-08-12,Laying steel rail,Railway,m,4851.990297721821
2025-10-18,Removing trees,Building,m2,1094.828022084224
2025-07-08,Removing trees,Building,m2,4022.0794259447325
2025-02-18,Walling,Building,m2,620.308222658183
2025-07-15,Terrain leveling,Building,m3,3097.068436201639
2025-02-12,Coat preparation,Road,L,501.2358278776724
2025-01-30,Walling,Building,m2,791.388755984141
2025-02-28,Rolling/Tractor,Road,m2,2254.5740634951917
2025-02-25,Terrain leveling,Building,m3,2636.5719180602164
2025-03-27,Cement making,Building,m3,3143.251782309619
2025-06-16,Anchorage,Railway,m2,4376.354454680722
2025-11-05,Subbase application,Road,m2,551.7779827368436
2025-03-28,Coat preparation,Road,L,4640.860833952658
2025-11-30,Foundation pouring,Building,m3,3091.8233772028348
2025-04-13,Cement making,Building,m3,2788.9897610852736
2025-07-19,Anchorage,Railway,m2,1146.978593096974
2025-08-20,Subbase application,Road,m2,422.8235223742016
2025-07-29,Terrain leveling,Building,m3,52.13320676616395
2025-05-28,Removing trees,Building,m2,150.75558089618025
2025-04-28,Terrain leveling,Building,m3,4256.8269557073745
2025-01-16,Terrain leveling,Building,m3,4450.269725114881
2025-08-02,Cement making,Building,m3,3441.343377007646
2025-05-13,Terrain leveling,Building,m3,1371.9305662317881
2025-12-23,Anchorage,Railway,m2,3733.975665662525
2025-10-05,Ballast,Railway,m3,2670.0835903234756
2025-10-25,Iron mining,Railway,m3,1559.4013700468672
2025-08-09,Removing trees,Building,m2,251.7961302768501
2025-04-26,Walling,Building,m2,3669.920484804345
2025-07-07,Iron mining,Railway,m3,2534.366108582552
2025-02-22,Foundation pouring,Building,m3,2058.815422788764
2025-01-15,Iron mining,Railway,m3,995.8222952086837
2025-01-18,Ballast,Railway,m3,3510.4766927707255
2025-05-01,Rolling/Tractor,Road,m2,1416.6466392709704
2025-07-29,Foundation pouring,Building,m3,2834.3349225805637
2025-03-12,Walling,Building,m2,2740.7668093521615
2025-03-04,Rolling/Tractor,Road,m2,485.0084271725025
2025-03-14,Iron mining,Railway,m3,247.84464170713395
2025-09-18,Terrain leveling,Building,m3,1462.2700626520584
2025-08-23,Iron mining,Railway,m3,3617.0744278784837
2025-12-20,Terrain leveling,Building,m3,4581.190417326809
2025-07-22,Anchorage,Railway,m2,4187.014972079016
2025-02-02,Laying steel rail,Railway,m,1421.718007951232
2025-06-05,Rolling/Tractor,Road,m2,160.19285761401102
2025-01-24,Rolling/Tractor,Road,m2,1321.498412096413
2025-09-12,Anchorage,Railway,m2,1971.0110568131063
2025-12-23,Ballast,Railway,m3,4526.2547588543375
2025-01-16,Walling,Building,m2,4508.396115343687
2025-03-27,Foundation pouring,Building,m3,1215.7868302519441
2025-02-07,Coat preparation,Road,L,260.05199197637666
2025-02-02,Walling,Building,m2,1284.6896531299224
2025-02-09,Foundation pouring,Building,m3,794.433657558003
2025-02-03,Foundation pouring,Building,m3,1976.2269484499977
2025-01-03,Pavement,Road,m2,3812.7811034619526
2025-05-21,Laying steel rail,Railway,m,4293.2691249460795
2025-01-19,Pavement,Road,m2,3451.7998395314958
2025-08-22,Removing trees,Building,m2,386.54315816103457
2025-02-02,Anchorage,Railway,m2,1684.7553301267715
2025-03-16,Rolling/Tractor,Road,m2,4239.255782961096
2025-03-01,Coat preparation,Road,L,3813.6451390969487
2025-04-04,Rolling/Tractor,Road,m2,116.89802165213369
2025-10-01,Rolling/Tractor,Road,m2,3848.4068872223925
2025-07-04,Coat preparation,Road,L,3667.0962149844217
2025-01-06,Rolling/Tractor,Road,m2,2383.326496365159
2025-07-05,Removing trees,Building,m2,4768.9418696513785
2025-06-09,Ballast,Railway,m3,1680.36760312112
2025-12-08,Iron mining,Railway,m3,323.4328798600572
2025-09-08,Coat preparation,Road,L,2500.321831649995
2025-07-27,Laying steel rail,Railway,m,2022.457199913218
2025-08-07,Coat preparation,Road,L,4653.652454795836
2025-02-23,Laying steel rail,Railway,m,4656.0005342140375
2025-05-24,Ballast,Railway,m3,1813.7095847023731
2025-11-12,Anchorage,Railway,m2,4935.68910182932
2025-04-20,Rolling/Tractor,Road,m2,4307.54502042798
2025-05-04,Walling,Building,m2,4893.991657752321
2025-11-09,Terrain leveling,Building,m3,1007.6390866216989
2025-11-14,Ballast,Railway,m3,225.87182138143703
2025-12-04,Terrain leveling,Building,m3,147.1347570254311
2025-12-25,Iron mining,Railway,m3,3083.759361420624
2025-06-28,Iron mining,Railway,m3,4599.1992565857045
2025-10-19,Laying steel rail,Railway,m,724.6220018343103
2025-06-13,Pavement,Road,m2,547.3014727599046
2025-11-29,Coat preparation,Road,L,1493.7692869238567
2025-07-23,Foundation pouring,Building,m3,1348.8123608273133
2025-01-31,Walling,Building,m2,164.78315855817328
2025-06-25,Cement making,Building,m3,2.5506102918954054
2025-12-04,Rolling/Tractor,Road,m2,936.4982386191467
2025-09-09,Ballast,Railway,m3,1886.7630541687352
2025-05-21,Removing trees,Building,m2,3010.974167298484
2025-11-10,Removing trees,Building,m2,2174.4475390792268
2025-06-15,Removing trees,Building,m2,782.5191721123958
2025-08-22,Terrain leveling,Building,m3,3566.69456786634
2025-12-11,Anchorage,Railway,m2,195.50183939644972
2025-09-25,Walling,Building,m2,1142.5073151935255
2025-05-25,Removing trees,Building,m2,4763.297851580936
2025-10-24,Subbase application,Road,m2,2307.883232046098
2025-10-25,Terrain leveling,Building,m3,3364.4682392947066
2025-11-23,Rolling/Tractor,Road,m2,1062.2423039713153
2025-10-02,Pavement,Road,m2,2074.2681988661616
2025-02-07,Laying steel rail,Railway,m,3282.8278292070795
2025-07-19,Walling,Building,m2,575.8140978324633
2025-01-24,Terrain leveling,Building,m3,2075.6758021271216
2025-04-04,Laying steel rail,Railway,m,4798.542225539185
2025-07-03,Coat preparation,Road,L,1745.1680491446614
2025-08-31,Terrain leveling,Building,m3,321.7027828015367
2025-10-05,Rolling/Tractor,Road,m2,2804.9781309139694
2025-06-01,Pavement,Road,m2,274.14735850926184
2025-09-01,Walling,Building,m2,2075.170147696486
2025-02-03,Cement making,Building,m3,3272.0677117254363
2025-12-27,Foundation pouring,Building,m3,2088.986160588511
2025-02-28,Ballast,Railway,m3,723.975645841457
2025-09-05,Foundation pouring,Building,m3,2245.9985307788647
2025-06-02,Removing trees,Building,m2,2254.304184618696
2025-03-17,Terrain leveling,Building,m3,4795.215873389061
2025-04-01,Cement making,Building,m3,2257.667194109111
2025-07-17,Foundation pouring,Building,m3,2383.715011638686
2025-10-11,Subbase application,Road,m2,696.0065048074288
2025-02-13,Anchorage,Railway,m2,3556.5822238881246
2025-05-23,Pavement,Road,m2,1238.4383396474846
2025-07-24,Iron mining,Railway,m3,4907.42588710617
2025-08-31,Walling,Building,m2,3063.31126255503
2025-08-15,Coat preparation,Road,L,142.3892165018775
2025-12-02,Terrain leveling,Building,m3,2985.4062502122265
2025-04-08,Subbase application,Road,m2,4893.222999293279
2025-10-08,Walling,Building,m2,2726.822382377041
2025-07-04,Coat preparation,Road,L,1877.2561464344928
2025-08-04,Subbase application,Road,m2,853.2490362460044
2025-09-21,Subbase application,Road,m2,2806.541423861773
2025-08-25,Terrain leveling,Building,m3,3180.261341418698
2025-12-19,Pavement,Road,m2,69.49842502199488
2025-11-20,Walling,Building,m2,2896.079833671517
2025-01-03,Terrain leveling,Building,m3,2592.283578201255
2025-06-29,Laying steel rail,Railway,m,2623.892771510293
2025-07-31,Foundation pouring,Building,m3,3802.0802040746767
2025-12-05,Cement making,Building,m3,3581.203063731499
2025-03-16,Ballast,Railway,m3,1300.535360954334
2025-01-03,Cement making,Building,m3,4605.447389529628
2025-04-04,Pavement,Road,m2,3674.610663142117
2025-10-07,Terrain leveling,Building,m3,4370.9593917468865
2025-09-19,Removing trees,Building,m2,1957.9266534774138
2025-11-16,Walling,Building,m2,3685.6734413509703
2025-11-16,Anchorage,Railway,m2,1163.9553017812636
2025-07-18,Pavement,Road,m2,4437.155105442986
2025-09-01,Pavement,Road,m2,4270.665314467682
2025-11-27,Subbase application,Road,m2,4963.813071385916
2025-06-09,Pavement,Road,m2,193.88593252291088
2025-08-18,Terrain leveling,Building,m3,1312.611044148066
2025-12-12,Laying steel rail,Railway,m,2965.0014261777746
2025-04-12,Foundation pouring,Building,m3,4760.214984035657
2025-03-11,Subbase application,Road,m2,3270.7946485207513
2025-05-22,Removing trees,Building,m2,918.1551621470002
2025-02-06,Laying steel rail,Railway,m,1134.351416443799
2025-01-04,Removing trees,Building,m2,1808.9572101022727
2025-12-23,Laying steel rail,Railway,m,152.84814085315125
2025-12-16,Rolling/Tractor,Road,m2,2130.9211537628016
2025-04-07,Cement making,Building,m3,869.5434197324314
2025-01-18,Coat preparation,Road,L,3962.770584882869
2025-11-19,Removing trees,Building,m2,2474.061450293603
2025-10-07,Laying steel rail,Railway,m,2881.1063590791846
2025-07-13,Rolling/Tractor,Road,m2,699.6179711752709
2025-10-07,Walling,Building,m2,4655.7134349179905
2025-07-01,Foundation pouring,Building,m3,3042.6194161706476
2025-03-16,Terrain leveling,Building,m3,2679.3785530735063
2025-07-22,Laying steel rail,Railway,m,3965.345559171743
2025-02-25,Coat preparation,Road,L,1205.966230875033
2025-07-12,Laying steel rail,Railway,m,3674.3794909627236
2025-03-19,Subbase application,Road,m2,485.9136281143622
2025-10-18,Subbase application,Road,m2,4186.10037326895
2025-03-05,Cement making,Building,m3,3471.7766191512565
2025-02-19,Anchorage,Railway,m2,407.8362478506803
2025-02-21,Iron mining,Railway,m3,1934.5817207874288
2025-09-27,Laying steel rail,Railway,m,2762.954645424041
2025-04-02,Subbase application,Road,m2,1397.999458693694
2025-01-09,Ballast,Railway,m3,4775.934893067096
2025-06-20,Coat preparation,Road,L,1122.0917179149942
2025-05-09,Coat preparation,Road,L,986.8350627935451
2025-11-30,Foundation pouring,Building,m3,3608.842368185026
2025-08-24,Removing trees,Building,m2,4482.967022370637
2025-07-18,Laying steel rail,Railway,m,4461.940115901511
2025-07-15,Terrain leveling,Building,m3,2290.3101152411173
2025-02-01,Pavement,Road,m2,1414.3376050721902
2025-11-27,Iron mining,Railway,m3,1351.388636042486
2025-10-01,Ballast,Railway,m3,2486.8016740866124
2025-07-20,Laying steel rail,Railway,m,1995.0521740954653
2025-06-29,Cement making,Building,m3,3403.730306044495
2025-05-13,Laying steel rail,Railway,m,3763.748603435005
2025-11-06,Rolling/Tractor,Road,m2,4960.53740493345
2025-06-01,Ballast,Railway,m3,464.24564671871894
2025-03-03,Rolling/Tractor,Road,m2,198.38221951972324
2025-08-09,Laying steel rail,Railway,m,29.01756525240995
2025-07-28,Subbase application,Road,m2,232.28383240818496
2025-01-05,Iron mining,Railway,m3,1570.1898829414167
2025-10-16,Coat preparation,Road,L,1929.9579789449572
2025-06-11,Foundation pouring,Building,m3,3150.461710833921
2025-10-10,Laying steel rail,Railway,m,1430.1273169091644
2025-11-09,Anchorage,Railway,m2,1732.070016680576
2025-01-26,Iron mining,Railway,m3,2596.5711609746068
2025-08-11,Laying steel rail,Railway,m,1363.8032829867575
2025-09-16,Iron mining,Railway,m3,4850.657025959564
2025-12-11,Walling,Building,m2,467.34768713340367
2025-03-19,Subbase application,Road,m2,630.2366086577982
2025-02-19,Walling,Building,m2,2549.763678942014
2025-02-19,Pavement,Road,m2,4753.227663916885
2025-07-06,Cement making,Building,m3,1432.4481796751127
2025-10-24,Foundation pouring,Building,m3,3783.3836600832037
2025-01-17,Walling,Building,m2,4204.187884177062
2025-03-22,Walling,Building,m2,3714.0520864668615
2025-07-22,Removing trees,Building,m2,3304.3993761410607
2025-04-20,Ballast,Railway,m3,3810.3542102218207
2025-12-13,Removing trees,Building,m2,4071.796076803652
2025-04-16,Laying steel rail,Railway,m,3735.2854597393593
2025-11-29,Walling,Building,m2,2574.800725739818
2025-03-13,Removing trees,Building,m2,2381.7199059152445
2025-01-05,Cement making,Building,m3,4816.214624134212
2025-07-10,Cement making,Building,m3,438.0484093653336
2025-11-09,Iron mining,Railway,m3,390.9828876440641
2025-06-15,Rolling/Tractor,Road,m2,4224.918461687648
2025-12-22,Anchorage,Railway,m2,4209.287894126812
2025-12-17,Removing trees,Building,m2,895.8778175576232
2025-11-10,Terrain leveling,Building,m3,2986.438551610192
2025-12-16,Pavement,Road,m2,1634.1234562971836
2025-09-04,Foundation pouring,Building,m3,276.7725928162906
2025-12-08,Terrain leveling,Building,m3,4986.382668729014
2025-08-13,Terrain leveling,Building,m3,4993.586428172151
2025-03-26,Terrain leveling,Building,m3,1235.4248031694904
2025-09-05,Walling,Building,m2,3635.3719613961844
