Date,Activity,Activity type,Unit,Amount planned
2025-01-04,Ballast,Railway,m3,4872.924205063387
2025-06-12,Foundation pouring,Building,m3,363.21513899701785
2025-07-18,Iron mining,Railway,m3,2456.1105626648823
2025-11-22,Laying steel rail,Railway,m,2624.521019067249
2025-10-16,Rolling/Tractor,Road,m2,2759.2545360716626
2025-11-02,Iron mining,Railway,m3,2708.0663779709607
2025-10-23,Cement making,Building,m3,303.88218733628514
2025-02-05,Pavement,Road,m2,337.34942411171255
2025-10-18,Subbase application,Road,m2,4840.266064511025
2025-07-07,Foundation pouring,Building,m3,2237.854278370284
2025-01-02,Coat preparation,Road,L,4652.042542271794
2025-07-06,Anchorage,Railway,m2,682.2402053099452
2025-09-27,Iron mining,Railway,m3,2946.5777853942204
2025-10-30,Anchorage,Railway,m2,4666.3907743175
2025-02-06,Anchorage,Railway,m2,2774.0549575702867
2025-07-03,Rolling/Tractor,Road,m2,1833.7851639050962
2025-07-09,Laying steel rail,Railway,m,125.19811548598159
2025-10-24,Ballast,Railway,m3,3293.616733668689
2025-04-09,Laying steel rail,Railway,m,2325.901751635205
2025-07-26,Iron mining,Railway,m3,1551.143262762783
2025-07-13,Rolling/Tractor,Road,m2,4874.662587436389
2025-09-25,Laying steel rail,Railway,m,1801.9609957889315
2025-07-10,Iron mining,Railway,m3,4050.3195094090074
2025-04-22,Removing trees,Building,m2,1672.1617311419434
2025-11-21,Terrain leveling,Building,m3,94.81737703271432
2025-07-06,Terrain leveling,Building,m3,3122.4403859674603
2025-12-28,Rolling/Tractor,Road,m2,3486.9864036273407
2025-09-03,Removing trees,Building,m2,4106.849014431738
2025-05-13,Walling,Building,m2,4754.0271164777005
2025-08-24,Cement making,Building,m3,1788.561515238392
2025-06-22,Ballast,Railway,m3,699.7386125372251
2025-02-07,Cement making,Building,m3,3690.15601776269
2025-01-03,Terrain leveling,Building,m3,1691.6212716648588
2025-08-08,Iron mining,Railway,m3,4290.810929605402
2025-10-07,Terrain leveling,Building,m3,2368.8091736289553
2025-11-04,Pavement,Road,m2,895.6198615797356
2025-05-14,Iron mining,Railway,m3,1482.1862528940749
2025-04-24,Coat preparation,Road,L,1382.9970524732082
2025-04-09,Coat preparation,Road,L,4526.743858253395
2025-02-21,Coat preparation,Road,L,4896.780301815039
2025-02-27,Removing trees,Building,m2,4890.846453767824
2025-03-31,Anchorage,Railway,m2,3073.9341018665677
2025-11-12,Foundation pouring,Building,m3,1741.0655853709338
2025-01-04,Pavement,Road,m2,4792.376750447742
2025-01-24,Rolling/Tractor,Road,m2,144.96685393084186
2025-09-04,Pavement,Road,m2,1163.93416372214
2025-04-06,Anchorage,Railway,m2,4664.920040211475
2025-02-11,Cement making,Building,m3,3984.187471077871
2025-06-24,Foundation pouring,Building,m3,1037.752305335193
2025-11-14,Removing trees,Building,m2,655.3007268152883
2025-04-15,Coat preparation,Road,L,2588.851701187325
2025-11-19,Ballast,Railway,m3,4712.974568091719
2025-07-20,Foundation pouring,Building,m3,2763.001110312173
2025-08-19,Rolling/Tractor,Road,m2,179.49404163967066
2025-10-09,Rolling/Tractor,Road,m2,932.5224652960562
2025-01-22,Foundation pouring,Building,m3,1618.3464528704321
2025-01-03,Walling,Building,m2,4357.816909276242
2025-03-12,Subbase application,Road,m2,2740.8630470891853
2025-01-03,Pavement,Road,m2,514.59837278016
2025-01-07,Coat preparation,Road,L,4892.457041843152
2025-09-24,Removing trees,Building,m2,4701.366702307143
2025-07-14,Cement making,Building,m3,1577.8179891974569
2025-07-22,Coat preparation,Road,L,932.1960991721329
2025-10-09,Walling,Building,m2,145.30551825740977
2025-03-16,Foundation pouring,Building,m3,3182.813552675758
2025-03-25,Pavement,Road,m2,1787.0424007032127
2025-11-15,Foundation pouring,Building,m3,4468.192307455153
2025-01-02,Laying steel rail,Railway,m,3491.0085963995575
2025-03-04,Anchorage,Railway,m2,1410.342934533919
2025-05-30,Laying steel rail,Railway,m,1544.8212379866422
2025-09-02,Pavement,Road,m2,4625.365171654081
2025-06-19,Walling,Building,m2,1599.763233649551
2025-02-20,Pavement,Road,m2,3685.7382151995826
2025-12-17,Coat preparation,Road,L,2291.785785346795
2025-07-12,Cement making,Building,m3,4660.750945158329
2025-04-04,Walling,Building,m2,2539.3234723985092
2025-06-09,Ballast,Railway,m3,1415.2514513635729
2025-12-18,Removing trees,Building,m2,123.35705856888035
2025-12-07,Anchorage,Railway,m2,1361.7613641242183
2025-07-04,Rolling/Tractor,Road,m2,4152.66469075754
2025-09-26,Foundation pouring,Building,m3,167.55553623352958
2025-04-19,Rolling/Tractor,Road,m2,847.8905104103135
2025-03-14,Subbase application,Road,m2,2767.5223325952375
2025-11-07,Cement making,Building,m3,2485.1093742170783
2025-01-02,Ballast,Railway,m3,2723.3495573650325
2025-10-01,Cement making,Building,m3,3738.0069451584823
2025-05-04,Removing trees,Building,m2,594.5605825029365
2025-07-23,Iron mining,Railway,m3,3384.5429741632765
2025-12-05,Rolling/Tractor,Road,m2,2188.732635614901
2025-04-26,Iron mining,Railway,m3,3907.815559557214
2025-05-27,Rolling/Tractor,Road,m2,3775.375164370555
2025-04-06,Coat preparation,Road,L,852.4459135972967
2025-01-22,Walling,Building,m2,1065.7463465275007
2025-02-05,Subbase application,Road,m2,499.71766743354465
2025-01-29,Iron mining,Railway,m3,3761.5964752536656
2025-06-05,Laying steel rail,Railway,m,1021.3236092250089
2025-07-13,Walling,Building,m2,88.52884033779706
2025-02-23,Rolling/Tractor,Road,m2,2459.1991248482996
2025-10-24,Cement making,Building,m3,80.3523008452145
2025-01-03,Foundation pouring,Building,m3,775.7148560692395
2025-10-21,Foundation pouring,Building,m3,4642.308658873466
2025-09-26,Cement making,Building,m3,614.5036167145773
2025-02-15,Subbase application,Road,m2,1063.1185020033902
2025-05-20,Pavement,Road,m2,19.31124177528776
2025-02-27,Rolling/Tractor,Road,m2,1685.010505826942
2025-11-03,Iron mining,Railway,m3,4060.2992588538473
2025-10-24,Subbase application,Road,m2,4690.752075832082
2025-08-10,Subbase application,Road,m2,1419.8230700716836
2025-02-15,Coat preparation,Road,L,1287.5274779805645
2025-03-12,Ballast,Railway,m3,470.4316257769037
2025-06-23,Laying steel rail,Railway,m,3116.564612160039
2025-11-04,Foundation pouring,Building,m3,1136.0770746391636
2025-08-16,Laying steel rail,Railway,m,4198.760809553457
2025-02-11,Anchorage,Railway,m2,3934.5793781872007
2025-07-09,Laying steel rail,Railway,m,1641.2091764583008
2025-05-03,Iron mining,Railway,m3,3548.4344034309656
2025-08-05,Foundation pouring,Building,m3,225.31160176092357
2025-04-17,Foundation pouring,Building,m3,227.10993053791262
2025-06-23,Laying steel rail,Railway,m,3718.817791970674
2025-08-21,Terrain leveling,Building,m3,2373.966498696118
2025-07-09,Terrain leveling,Building,m3,1693.2502410673183
2025-10-29,Rolling/Tractor,Road,m2,3073.6535159858067
2025-04-28,Foundation pouring,Building,m3,2973.242500306281
2025-07-25,Subbase application,Road,m2,4751.931722374137
2025-05-17,Laying steel rail,Railway,m,1830.6790882575146
2025-06-30,Ballast,Railway,m3,981.8963294699635
2025-11-09,Foundation pouring,Building,m3,1196.4124043295692
2025-04-01,Laying steel rail,Railway,m,3932.943841638301
2025-12-04,Walling,Building,m2,4574.840236670259
2025-07-31,Subbase application,Road,m2,2547.813764578508
2025-03-08,Iron mining,Railway,m3,2887.7392017111265
2025-10-30,Removing trees,Building,m2,96.82582202476864
2025-05-07,Foundation pouring,Building,m3,66.3137930938873
2025-10-29,Subbase application,Road,m2,3837.0482148083997
2025-06-18,Terrain leveling,Building,m3,2074.162373747834
2025-09-23,Cement making,Building,m3,2559.4960190814795
2025-07-15,Ballast,Railway,m3,3945.385571045125
2025-10-19,Rolling/Tractor,Road,m2,4473.356258728275
2025-04-06,Cement making,Building,m3,924.8431891432768
2025-11-15,Anchorage,Railway,m2,208.33173575234065
2025-07-09,Terrain leveling,Building,m3,3511.9569415432848
2025-08-08,Removing trees,Building,m2,4442.030239210633
2025-09-08,Laying steel rail,Railway,m,2042.6782211278537
2025-04-13,Rolling/Tractor,Road,m2,428.31063282383565
2025-07-27,Foundation pouring,Building,m3,4850.406501202219
2025-02-26,Pavement,Road,m2,1335.9254212272685
2025-08-08,Cement making,Building,m3,2276.717844347674
2025-03-23,Coat preparation,Road,L,47.82911507069054
2025-09-05,Anchorage,Railway,m2,2154.601461635429
2025-03-30,Iron mining,Railway,m3,2835.1991254390064
2025-03-09,Removing trees,Building,m2,455.2413127168131
2025-07-18,Ballast,Railway,m3,4943.449071563233
2025-04-04,Removing trees,Building,m2,3715.798249462546
2025-03-27,Iron mining,Railway,m3,1619.0951681663153
2025-12-10,Anchorage,Railway,m2,4588.649772305023
2025-02-20,Walling,Building,m2,2896.927766249975
2025-09-09,Walling,Building,m2,3357.458462473432
2025-11-22,Foundation pouring,Building,m3,4659.0856668072265
2025-05-08,Coat preparation,Road,L,834.506164931576
2025-03-19,Walling,Building,m2,2095.733474376461
2025-11-01,Ballast,Railway,m3,1516.046399399743
2025-10-12,Removing trees,Building,m2,937.4051937808442
2025-11-27,Coat preparation,Road,L,1853.9651780787108
2025-12-26,Cement making,Building,m3,309.8554251195545
2025-12-25,Anchorage,Railway,m2,1675.6642919842845
2025-08-27,Walling,Building,m2,1073.4912280418096
2025-08-04,Subbase application,Road,m2,1119.4965989788802
2025-06-22,Terrain leveling,Building,m3,2263.064871268498
2025-04-14,Rolling/Tractor,Road,m2,466.9179893819092
2025-12-09,Subbase application,Road,m2,4123.072038023757
2025-02-09,Terrain leveling,Building,m3,2258.224971807784
2025-04-28,Laying steel rail,Railway,m,45.88680731661465
2025-02-16,Rolling/Tractor,Road,m2,3436.6977445398957
2025-07-11,Coat preparation,Road,L,940.6171924234991
2025-06-22,Terrain leveling,Building,m3,3633.367145756672
2025-05-18,Removing trees,Building,m2,3590.3935590165943
2025-03-17,Subbase application,Road,m2,3285.5961698299825
2025-04-17,Iron mining,Railway,m3,4965.593541055018
2025-12-10,Rolling/Tractor,Road,m2,3078.1684470231235
2025-03-30,Pavement,Road,m2,243.53343689659636
2025-07-06,Iron mining,Railway,m3,3253.4743998089066
2025-07-05,Anchorage,Railway,m2,106.44835289749244
2025-03-06,Iron mining,Railway,m3,1002.3967988121402
2025-03-04,Anchorage,Railway,m2,4336.0576482598
2025-09-04,Anchorage,Railway,m2,311.2275755344895
2025-08-24,Rolling/Tractor,Road,m2,1553.46366833651
2025-02-18,Walling,Building,m2,1990.874576526535
2025-11-13,Coat preparation,Road,L,4348.212135720273
2025-07-19,Walling,Building,m2,888.088743610449
2025-06-09,Ballast,Railway,m3,3852.6059735555236
2025-11-21,Removing trees,Building,m2,506.684839461643
2025-02-19,Foundation pouring,Building,m3,1821.2110263232585
2025-12-05,Ballast,Railway,m3,1028.8506889292698
2025-11-13,Removing trees,Building,m2,1417.2199240535454
2025-03-15,Removing trees,Building,m2,398.60954166410556
2025-12-13,Cement making,Building,m3,2555.111266751624
2025-11-30,Coat preparation,Road,L,3134.1717599352237
2025-05-31,Laying steel rail,Railway,m,4842.892077972176
2025-02-01,Iron mining,Railway,m3,593.0165396532344
2025-07-21,Laying steel rail,Railway,m,1869.057975579481
2025-02-20,Subbase application,Road,m2,2789.6749789633514
2025-03-21,Subbase application,Road,m2,1923.0382876419078
2025-07-17,Rolling/Tractor,Road,m2,624.8283098877505
2025-12-07,Foundation pouring,Building,m3,1778.9736940154983
2025-09-28,Terrain leveling,Building,m3,1635.8330430302449
2025-12-17,Anchorage,Railway,m2,138.74139860363454
2025-10-01,Terrain leveling,Building,m3,4530.368876458929
2025-10-10,Ballast,Railway,m3,3870.6138664436953
2025-09-27,Anchorage,Railway,m2,770.6780111353851
2025-12-06,Walling,Building,m2,2616.097481359877
2025-10-01,Terrain leveling,Building,m3,86.80032929950676
2025-01-19,Ballast,Railway,m3,2412.5146955324776
2025-10-06,Pavement,Road,m2,3811.15590102358
2025-04-30,Walling,Building,m2,2107.8012398796436
2025-02-05,Foundation pouring,Building,m3,2438.522908937412
2025-07-13,Anchorage,Railway,m2,2863.7100961280494
2025-01-21,Laying steel rail,Railway,m,4466.491393666009
2025-02-04,Subbase application,Road,m2,2462.929329076359
2025-04-12,Walling,Building,m2,1800.3275648544354
2025-03-22,Ballast,Railway,m3,1385.1944252792798
2025-11-09,Anchorage,Railway,m2,298.21476075576504
2025-06-11,Foundation pouring,Building,m3,4299.857738106547
2025-04-06,Walling,Building,m2,4170.254255105941
2025-12-14,Rolling/Tractor,Road,m2,1261.9632510453011
2025-02-06,Anchorage,Railway,m2,2256.541153497712
2025-12-18,Cement making,Building,m3,1191.9746672816962
2025-09-19,Foundation pouring,Building,m3,1822.0229705128322
2025-11-15,Pavement,Road,m2,2284.0621546637103
2025-06-26,Terrain leveling,Building,m3,3591.583159029699
2025-07-14,Rolling/Tractor,Road,m2,4614.326721902511
2025-01-09,Ballast,Railway,m3,1777.5677609685963
2025-12-25,Removing trees,Building,m2,4120.4255091467985
2025-11-15,Rolling/Tractor,Road,m2,1840.4156050188546
2025-05-14,Walling,Building,m2,181.56443696580038
2025-03-19,Cement making,Building,m3,484.6195219156596
2025-12-04,Terrain leveling,Building,m3,4548.393044402519
2025-11-28,Foundation pouring,Building,m3,3787.3012946695694
2025-06-02,Terrain leveling,Building,m3,4333.52814057054
2025-08-06,Anchorage,Railway,m2,1542.446868017057
2025-02-03,Terrain leveling,Building,m3,3074.636222832465
2025-07-22,Walling,Building,m2,584.4249268440016
2025-10-02,Anchorage,Railway,m2,4594.542474390847
2025-10-01,Terrain leveling,Building,m3,530.7771215629336
2025-07-09,Removing trees,Building,m2,4999.834938061482
2025-04-18,Walling,Building,m2,3604.271463853534
2025-11-24,Rolling/Tractor,Road,m2,2845.9635679820058
2025-12-23,Laying steel rail,Railway,m,1802.586043578146
2025-06-25,Iron mining,Railway,m3,339.79315158081556
2025-04-22,Cement making,Building,m3,1072.3247272362546
2025-01-26,Coat preparation,Road,L,4708.7514547954215
2025-06-16,Pavement,Road,m2,1500.857016781248
2025-05-04,Coat preparation,Road,L,1219.7832086841404
2025-12-23,Iron mining,Railway,m3,1100.0509119042263
2025-11-12,Cement making,Building,m3,4133.814147501453
2025-06-10,Coat preparation,Road,L,4052.574582503029
2025-04-08,Laying steel rail,Railway,m,406.7625026257543
2025-09-05,Coat preparation,Road,L,3403.1702349424454
2025-07-23,Laying steel rail,Railway,m,642.5985443102667
2025-01-11,Walling,Building,m2,980.1327933465998
2025-07-06,Laying steel rail,Railway,m,2535.7049868175413
2025-07-26,Laying steel rail,Railway,m,4749.010088725703
2025-12-18,Rolling/Tractor,Road,m2,2348.878895307341
2025-01-31,Removing trees,Building,m2,1051.0009268832894
2025-03-21,Rolling/Tractor,Road,m2,3321.6451684939975
2025-11-04,Coat preparation,Road,L,2029.2709000823734
2025-02-05,Subbase application,Road,m2,924.9203887302615
2025-12-13,Ballast,Railway,m3,4560.9050891042025
2025-06-26,Foundation pouring,Building,m3,628.1283799227
2025-08-19,Anchorage,Railway,m2,1800.8256548063932
2025-12-25,Coat preparation,Road,L,51.17165896207476
2025-08-29,Removing trees,Building,m2,1913.9459985532737
2025-02-05,Removing trees,Building,m2,4685.6196235814705
2025-01-25,Walling,Building,m2,1177.2136437377717
2025-09-14,Coat preparation,Road,L,1608.3670119079302
2025-04-06,Subbase application,Road,m2,2624.9906178204815
2025-05-07,Subbase application,Road,m2,3020.0178252136184
2025-03-01,Ballast,Railway,m3,2087.2764857469615
2025-04-21,Laying steel rail,Railway,m,3934.3955682517717
2025-12-26,Subbase application,Road,m2,425.33480282263724
2025-09-15,Laying steel rail,Railway,m,3761.779501881878
2025-03-01,Rolling/Tractor,Road,m2,4144.924354617673
2025-05-05,Iron mining,Railway,m3,3875.5212349279773
2025-10-12,Terrain leveling,Building,m3,3302.05350442569
2025-06-15,Ballast,Railway,m3,3960.2533838338686
2025-01-16,Foundation pouring,Building,m3,695.3114634391194
2025-01-10,Laying steel rail,Railway,m,4112.513312402033
2025-08-26,Anchorage,Railway,m2,4044.614164899132
2025-02-11,Anchorage,Railway,m2,2325.683375066454
2025-12-09,Rolling/Tractor,Road,m2,3017.734269571038
2025-02-12,Removing trees,Building,m2,4336.975014220375
2025-04-07,Iron mining,Railway,m3,2209.2470259378565
2025-06-06,Foundation pouring,Building,m3,3462.9323244468364
2025-03-20,Ballast,Railway,m3,4174.358903729128
2025-09-11,Removing trees,Building,m2,4291.633012012751
2025-11-21,Cement making,Building,m3,2342.226565250727
2025-09-19,Foundation pouring,Building,m3,3146.3386645829137
2025-10-11,Coat preparation,Road,L,1596.423034244584
2025-06-30,Cement making,Building,m3,3470.578825483776
2025-10-22,Pavement,Road,m2,827.6358826419605
2025-10-15,Walling,Building,m2,1514.2125550350777
2025-04-24,Terrain leveling,Building,m3,1195.8438382417091
2025-09-06,Removing trees,Building,m2,1401.4270139898306
2025-10-24,Anchorage,Railway,m2,4843.347153056144
2025-02-13,Laying steel rail,Railway,m,3234.3342639932744
2025-10-30,Laying steel rail,Railway,m,580.2051179095846
2025-03-29,Pavement,Road,m2,3901.0851563006518
2025-06-25,Terrain leveling,Building,m3,1620.866386009896
2025-10-30,Subbase application,Road,m2,708.4162882377915
2025-11-17,Laying steel rail,Railway,m,4832.8855706484155
2025-08-15,Rolling/Tractor,Road,m2,4510.303713092968
2025-05-12,Rolling/Tractor,Road,m2,4510.355058832875
2025-12-06,Foundation pouring,Building,m3,3243.8445130237137
2025-08-09,Cement making,Building,m3,297.6281377530171
2025-01-03,Walling,Building,m2,1469.403165638486
2025-01-14,Removing trees,Building,m2,4251.554576176414
2025-07-06,Coat preparation,Road,L,1825.1129402283111
2025-07-10,Removing trees,Building,m2,4878.140123181359
2025-07-15,Walling,Building,m2,4098.550436182553
2025-08-25,Removing trees,Building,m2,4344.504781540186
2025-01-12,Pavement,Road,m2,665.2206269151723
2025-10-27,Laying steel rail,Railway,m,2528.3532311768035
2025-12-11,Coat preparation,Road,L,3290.6843437726434
2025-02-03,Walling,Building,m2,3500.859543697886
2025-06-11,Subbase application,Road,m2,3108.899015161271
2025-07-17,Walling,Building,m2,4867.7601054350425
2025-07-08,Anchorage,Railway,m2,4013.6660399216075
2025-08-11,Foundation pouring,Building,m3,837.2693300396927
2025-11-04,Rolling/Tractor,Road,m2,694.8895775917501
2025-10-24,Anchorage,Railway,m2,4208.785621618599
2025-09-25,Ballast,Railway,m3,3250.456864124594
2025-04-09,Coat preparation,Road,L,746.712378191014
2025-04-07,Rolling/Tractor,Road,m2,263.595428054566
2025-12-16,Walling,Building,m2,4729.437850603005
2025-01-15,Laying steel rail,Railway,m,4682.102412855797
2025-01-23,Pavement,Road,m2,4251.821602016182
2025-09-17,Iron mining,Railway,m3,4919.278430133646
2025-11-28,Laying steel rail,Railway,m,2064.523542034004
2025-10-22,Anchorage,Railway,m2,1638.0287958272204
2025-01-30,Anchorage,Railway,m2,2106.1679068196336
2025-12-21,Subbase application,Road,m2,422.5792358247937
2025-12-13,Cement making,Building,m3,1222.5026748113837
2025-05-12,Foundation pouring,Building,m3,2401.633346362954
2025-08-21,Rolling/Tractor,Road,m2,1965.124376389663
2025-05-30,Coat preparation,Road,L,4199.484242830412
2025-07-10,Walling,Building,m2,3462.594965405256
2025-10-13,Pavement,Road,m2,1866.3776822463974
2025-07-16,Anchorage,Railway,m2,2597.3496824796225
2025-01-17,Coat preparation,Road,L,4606.970341100013
2025-01-30,Subbase application,Road,m2,4588.039483053514
2025-07-18,Cement making,Building,m3,788.5697791306068
2025-03-25,Walling,Building,m2,2351.096110126472
2025-04-26,Removing trees,Building,m2,3393.4060814380528
2025-11-27,Subbase application,Road,m2,26.450716198231362
2025-05-02,Anchorage,Railway,m2,3477.7456484421778
2025-11-15,Cement making,Building,m3,1926.454751350708
2025-04-27,Laying steel rail,Railway,m,4433.389952263988
2025-11-13,Cement making,Building,m3,1076.998273536075
2025-01-19,Coat preparation,Road,L,1704.0396188826328
2025-10-11,Removing trees,Building,m2,2935.32332526235
2025-12-02,Coat preparation,Road,L,1802.0604107557292
2025-10-25,Coat preparation,Road,L,1806.6828533392393
2025-12-24,Iron mining,Railway,m3,1884.1586976387625
2025-10-09,Subbase application,Road,m2,3755.2889949413316
2025-01-31,Laying steel rail,Railway,m,83.01095457382279
2025-08-24,Removing trees,Building,m2,2274.2633658157097
2025-12-02,Cement making,Building,m3,4233.551332278063
2025-09-07,Rolling/Tractor,Road,m2,2801.7859947343486
2025-07-27,Rolling/Tractor,Road,m2,4476.7965259043085
2025-06-22,Pavement,Road,m2,1050.4364143457224
2025-08-09,Walling,Building,m2,1542.0898439743446
2025-12-23,Foundation pouring,Building,m3,1554.8014016875977
2025-10-14,Pavement,Road,m2,2793.6190992206252
2025-08-13,Iron mining,Railway,m3,3386.6505261792436
2025-01-30,Removing trees,Building,m2,1544.0605870373174
2025-02-18,Cement making,Building,m3,482.0666010757907
2025-08-21,Pavement,Road,m2,774.1317590534968
2025-08-18,Laying steel rail,Railway,m,862.4842679991046
2025-07-30,Terrain leveling,Building,m3,510.4832887367694
2025-04-13,Laying steel rail,Railway,m,400.08459871248624
2025-04-22,Walling,Building,m2,1386.4019241725339
2025-08-15,Terrain leveling,Building,m3,3912.8008528993146
2025-03-05,Laying steel rail,Railway,m,1692.757162815069
2025-01-06,Anchorage,Railway,m2,4807.510356905307
2025-08-05,Ballast,Railway,m3,2794.9254709126876
2025-09-01,Anchorage,Railway,m2,300.9330534351889
2025-11-15,Foundation pouring,Building,m3,591.3589520799834
2025-02-16,Rolling/Tractor,Road,m2,312.3117496927963
2025-09-14,Ballast,Railway,m3,3589.1868096142716
2025-02-12,Removing trees,Building,m2,362.9416437282085
2025-01-09,Terrain leveling,Building,m3,4711.792271691759
2025-05-28,Foundation pouring,Building,m3,2454.806180930006
2025-08-14,Coat preparation,Road,L,2594.6095138225955
2025-11-28,Pavement,Road,m2,3700.5293197410074
2025-07-30,Terrain leveling,Building,m3,3502.217584912358
2025-06-15,Pavement,Road,m2,3003.079049338061
2025-12-04,Walling,Building,m2,4167.844597534797
2025-03-17,Cement making,Building,m3,1946.4798672591505
2025-08-21,Laying steel rail,Railway,m,4543.164957666184
2025-09-02,Pavement,Road,m2,2165.4569242221687
2025-09-06,Removing trees,Building,m2,3301.1953306027967
2025-08-28,Foundation pouring,Building,m3,3266.534104703831
2025-07-21,Iron mining,Railway,m3,4779.462308431877
2025-06-13,Cement making,Building,m3,126.62053041472166
2025-11-10,Foundation pouring,Building,m3,3127.578725414008
2025-11-13,Anchorage,Railway,m2,1395.3999878868751
2025-04-21,Pavement,Road,m2,647.9846240302478
2025-08-21,Subbase application,Road,m2,1869.6069876263105
2025-05-04,Removing trees,Building,m2,527.7750407161286
2025-08-27,Removing trees,Building,m2,232.13599812382913
2025-04-14,Terrain leveling,Building,m3,3362.058407874111
2025-04-16,Coat preparation,Road,L,2395.366015694631
2025-08-28,Subbase application,Road,m2,3495.818724998776
2025-08-22,Rolling/Tractor,Road,m2,4341.434112929612
2025-03-27,Subbase application,Road,m2,364.3319715398652
2025-07-01,Removing trees,Building,m2,1194.6970544018031
2025-08-01,Terrain leveling,Building,m3,1716.236119111516
2025-12-07,Walling,Building,m2,1122.3696244844762
2025-02-17,Rolling/Tractor,Road,m2,1054.6478612472959
2025-03-07,Subbase application,Road,m2,164.30978757794202
2025-05-04,Foundation pouring,Building,m3,4448.43554017474
2025-06-02,Foundation pouring,Building,m3,1914.9717040430357
2025-10-13,Anchorage,Railway,m2,4337.932080754753
2025-04-27,Walling,Building,m2,3089.4141162108026
2025-07-09,Rolling/Tractor,Road,m2,2298.9083976635925
2025-04-09,Coat preparation,Road,L,1917.5100001741264
2025-06-24,Iron mining,Railway,m3,2319.3380826875878
2025-02-21,Pavement,Road,m2,2339.658982377209
2025-01-02,Laying steel rail,Railway,m,1790.9998618570467
2025-03-07,Foundation pouring,Building,m3,2483.6798389734836
2025-04-01,Cement making,Building,m3,3599.863821359151
2025-05-04,Iron mining,Railway,m3,4543.405585234097
2025-10-02,Iron mining,Railway,m3,3814.8618397306923
2025-09-05,Iron mining,Railway,m3,4158.909662799956
2025-07-18,Rolling/Tractor,Road,m2,1095.3844531997308
2025-05-18,Pavement,Road,m2,1717.2308838875845
2025-03-10,Foundation pouring,Building,m3,4056.7990340084125
2025-09-22,Subbase application,Road,m2,4698.80070698742
2025-08-27,Pavement,Road,m2,3115.519955135557
2025-05-31,Rolling/Tractor,Road,m2,2633.226378329781
2025-09-08,Walling,Building,m2,367.5735569792499
2025-09-28,Iron mining,Railway,m3,3290.2499591102664
2025-10-29,Pavement,Road,m2,2595.9842930239643
2025-04-04,Foundation pouring,Building,m3,1106.0666703667155
2025-03-16,Anchorage,Railway,m2,3733.33384046639
2025-10-14,Ballast,Railway,m3,267.09706325414527
2025-03-11,Ballast,Railway,m3,2879.0391724241804
2025-04-26,Cement making,Building,m3,3374.987803270272
2025-02-20,Laying steel rail,Railway,m,1060.683897353611
2025-08-23,Walling,Building,m2,777.1721597205473
2025-06-15,Rolling/Tractor,Road,m2,4281.400991577652
2025-02-20,Subbase application,Road,m2,842.7323914240636
2025-06-25,Coat preparation,Road,L,4379.013595161756
2025-01-20,Pavement,Road,m2,1116.4130333238793
2025-02-04,Pavement,Road,m2,3877.4278187543737
2025-10-02,Walling,Building,m2,2114.1764251674117
2025-01-01,Cement making,Building,m3,2298.5591420167016
2025-03-07,Coat preparation,Road,L,2798.259600894779
2025-11-30,Foundation pouring,Building,m3,1457.638147133729
2025-08-07,Iron mining,Railway,m3,4551.773797620668
2025-04-11,Rolling/Tractor,Road,m2,641.7663378086386
2025-01-12,Ballast,Railway,m3,1872.8188695627496
2025-03-04,Anchorage,Railway,m2,2498.59065158269
2025-04-06,Walling,Building,m2,433.11252543215215
2025-11-13,Rolling/Tractor,Road,m2,88.3801558528291
2025-03-09,Laying steel rail,Railway,m,4550.338421475429
2025-12-09,Anchorage,Railway,m2,4199.8812028386465
2025-11-12,Cement making,Building,m3,1257.7950169681158
2025-03-24,Ballast,Railway,m3,4441.285500627637
2025-09-30,Cement making,Building,m3,4817.309621137121
2025-04-09,Anchorage,Railway,m2,3207.4883465709286
2025-05-18,Foundation pouring,Building,m3,806.5162941256382
2025-10-11,Iron mining,Railway,m3,3730.475982221273
2025-02-19,Coat preparation,Road,L,461.0657482807284
2025-06-28,Iron mining,Railway,m3,3549.926468484818
2025-05-30,Anchorage,Railway,m2,3204.629526519984
2025-08-28,Iron mining,Railway,m3,1826.629736423841
2025-09-09,Laying steel rail,Railway,m,740.0254625920194
2025-05-14,Walling,Building,m2,564.6421736729973
2025-10-08,Iron mining,Railway,m3,1485.6508837604654
2025-07-16,Walling,Building,m2,3533.620497206144
2025-10-23,Iron mining,Railway,m3,1851.7743509259037
2025-02-22,Coat preparation,Road,L,1186.815051893149
2025-01-19,Ballast,Railway,m3,4987.0721838987265
2025-08-15,Removing trees,Building,m2,1270.8966402816552
2025-07-19,Rolling/Tractor,Road,m2,359.9629348109429
2025-02-12,Removing trees,Building,m2,2911.2024821297723
2025-03-12,Iron mining,Railway,m3,341.51035365021454
2025-04-25,Rolling/Tractor,Road,m2,1442.0110022924644
2025-04-27,Removing trees,Building,m2,4843.54250762824
2025-05-08,Walling,Building,m2,3019.8916265735534
2025-01-21,Pavement,Road,m2,850.640878709969
2025-12-28,Removing trees,Building,m2,414.6860493699528
2025-08-01,Pavement,Road,m2,2228.1453276895413
2025-01-01,Pavement,Road,m2,1294.8021969517392
2025-06-03,Cement making,Building,m3,2647.5223406711884
2025-05-24,Pavement,Road,m2,4710.64869610618
2025-11-13,Rolling/Tractor,Road,m2,2549.457618664907
2025-04-22,Coat preparation,Road,L,3403.506192818401
2025-01-15,Iron mining,Railway,m3,3264.8369784691176
2025-03-23,Foundation pouring,Building,m3,4520.075851040739
2025-10-13,Rolling/Tractor,Road,m2,4282.221719080788
2025-06-04,Removing trees,Building,m2,3460.4113326892566
2025-08-06,Ballast,Railway,m3,4032.2333737757585
2025-05-13,Walling,Building,m2,4015.8370356745445
2025-02-03,Cement making,Building,m3,1846.0422717905294
2025-06-10,Walling,Building,m2,2922.5773060335596
2025-08-23,Anchorage,Railway,m2,2125.372942727748
2025-06-30,Ballast,Railway,m3,1146.8252759096954
2025-01-21,Anchorage,Railway,m2,2470.462340550568
2025-05-28,Removing trees,Building,m2,3980.4139878405394
2025-08-14,Anchorage,Railway,m2,1082.445885810273
2025-01-16,Terrain leveling,Building,m3,3637.5204237890766
2025-10-08,Pavement,Road,m2,1266.8118550769757
2025-10-09,Terrain leveling,Building,m3,3948.2361588078047
2025-05-12,Subbase application,Road,m2,190.83564672530028
2025-05-31,Walling,Building,m2,1812.5261846630951
2025-02-02,Walling,Building,m2,1113.1209393413071
2025-09-19,Rolling/Tractor,Road,m2,2848.124160973326
2025-06-17,Ballast,Railway,m3,3327.275622287895
2025-12-10,Rolling/Tractor,Road,m2,2600.17859962818
2025-04-26,Cement making,Building,m3,2810.9321607120196
2025-08-13,Ballast,Railway,m3,4412.770102283945
2025-11-29,Laying steel rail,Railway,m,1609.255315622592
2025-06-13,Ballast,Railway,m3,2648.4213113400633
2025-09-26,Anchorage,Railway,m2,919.1296091612921
2025-08-10,Anchorage,Railway,m2,1108.9612186109864
2025-08-10,Subbase application,Road,m2,1583.5983144048178
2025-02-26,Rolling/Tractor,Road,m2,1908.9974928409947
2025-04-30,Removing trees,Building,m2,1709.946112472256
2025-05-24,Foundation pouring,Building,m3,1503.0839129982553
2025-01-28,Laying steel rail,Railway,m,1640.0469342620365
2025-10-14,Walling,Building,m2,2312.6074758901877
2025-01-05,Coat preparation,Road,L,1826.0987336011558
2025-06-14,Cement making,Building,m3,3353.5022127757984
2025-01-01,Ballast,Railway,m3,3893.3539806740923
2025-10-23,Terrain leveling,Building,m3,4268.0347867231
2025-01-20,Rolling/Tractor,Road,m2,4445.53757611919
2025-07-23,Rolling/Tractor,Road,m2,3221.8980240509336
2025-11-18,Pavement,Road,m2,1926.7948158220327
2025-04-26,Removing trees,Building,m2,1672.3429150199704
2025-12-17,Subbase application,Road,m2,4081.5882226003423
2025-12-25,Subbase application,Road,m2,3146.63042537693
2025-02-08,Removing trees,Building,m2,1533.1783577648655
2025-08-23,Iron mining,Railway,m3,3917.098454741138
2025-08-27,Rolling/Tractor,Road,m2,1561.3017952158066
2025-11-04,Foundation pouring,Building,m3,2015.9025855676932
2025-08-02,Iron mining,Railway,m3,1926.3479021155727
2025-11-12,Iron mining,Railway,m3,1017.1768558868222
2025-02-24,Terrain leveling,Building,m3,2233.618848716017
2025-12-24,Cement making,Building,m3,3716.9992372339116
2025-01-27,Anchorage,Railway,m2,3826.829191621913
2025-03-20,Removing trees,Building,m2,474.05781988857586
2025-07-16,Ballast,Railway,m3,3061.491044911899
2025-05-23,Coat preparation,Road,L,920.0850459461928
2025-10-10,Walling,Building,m2,3349.6944299908787
2025-12-17,Foundation pouring,Building,m3,1814.621561988286
2025-06-01,Foundation pouring,Building,m3,2948.3941477010694
2025-06-19,Removing trees,Building,m2,2481.029320565726
2025-02-01,Ballast,Railway,m3,1740.877150223587
2025-11-02,Ballast,Railway,m3,1919.3052893709778
2025-03-01,Terrain leveling,Building,m3,439.7042638844895
2025-05-28,Cement making,Building,m3,3917.45186973387
2025-07-21,Subbase application,Road,m2,720.0858835169965
2025-09-12,Ballast,Railway,m3,1270.0838954710002
2025-03-07,Laying steel rail,Railway,m,3823.1997902456415
2025-11-14,Pavement,Road,m2,4225.658215483389
2025-05-01,Laying steel rail,Railway,m,1494.1293498233842
2025-05-10,Foundation pouring,Building,m3,3109.0878298152597
2025-01-27,Removing trees,Building,m2,630.4884001648597
2025-06-20,Walling,Building,m2,3463.361226814092
2025-09-17,Walling,Building,m2,2403.878009595382
2025-06-28,Terrain leveling,Building,m3,4202.775768390327
2025-06-21,Coat preparation,Road,L,1612.4500325720464
2025-10-08,Pavement,Road,m2,4024.0615931677694
2025-03-24,Ballast,Railway,m3,661.2547717455153
2025-02-21,Laying steel rail,Railway,m,2454.4266707774186
2025-02-17,Walling,Building,m2,3426.822428959804
2025-08-17,Iron mining,Railway,m3,4373.6867844594635
2025-04-02,Rolling/Tractor,Road,m2,2719.556991288174
2025-10-20,Iron mining,Railway,m3,2999.3230975954475
2025-05-22,Subbase application,Road,m2,4534.850127141363
2025-12-21,Removing trees,Building,m2,2208.564036924705
2025-10-24,Anchorage,Railway,m2,501.0798968558067
2025-02-15,Ballast,Railway,m3,652.3441899845172
2025-02-22,Cement making,Building,m3,156.4502508295862
2025-11-01,Laying steel rail,Railway,m,4526.030368251774
2025-09-06,Foundation pouring,Building,m3,1980.4222445415803
2025-03-04,Laying steel rail,Railway,m,2656.790735872816
2025-10-03,Iron mining,Railway,m3,4579.64336983902
2025-03-26,Removing trees,Building,m2,4974.958308523042
2025-06-24,Foundation pouring,Building,m3,4490.023499502188
2025-09-01,Rolling/Tractor,Road,m2,1606.116877867328
2025-05-07,Walling,Building,m2,2660.0333165715233
2025-06-18,Cement making,Building,m3,4073.2029156222716
2025-01-01,Foundation pouring,Building,m3,2576.39046807509
2025-12-28,Rolling/Tractor,Road,m2,4176.842286217601
2025-02-19,Removing trees,Building,m2,1979.9102865402162
2025-10-22,Terrain leveling,Building,m3,442.45275639991087
2025-05-21,Foundation pouring,Building,m3,4291.139635851262
2025-07-17,Walling,Building,m2,1921.2726270142794
2025-06-23,Pavement,Road,m2,2864.0901930000414
2025-11-10,Walling,Building,m2,1118.192642851729
2025-04-05,Terrain leveling,Building,m3,450.39401398976884
2025-01-12,Terrain leveling,Building,m3,822.755214845352
2025-06-03,Coat preparation,Road,L,270.891503896038
2025-08-17,Laying steel rail,Railway,m,1243.4644547814382
2025-04-15,Rolling/Tractor,Road,m2,639.2369115984259
2025-05-27,Foundation pouring,Building,m3,1614.0516538850313
2025-05-17,Laying steel rail,Railway,m,4491.693133661165
2025-04-14,Rolling/Tractor,Road,m2,3049.8376513627295
2025-01-30,Anchorage,Railway,m2,2574.839289200539
2025-07-19,Coat preparation,Road,L,3001.006928810958
2025-10-12,Subbase application,Road,m2,1601.2999073430728
2025-10-10,Anchorage,Railway,m2,967.4771715096814
2025-08-08,Subbase application,Road,m2,2872.5432502425665
2025-06-18,Ballast,Railway,m3,4919.049261161415
2025-05-11,Removing trees,Building,m2,4703.8890549368225
2025-07-21,Foundation pouring,Building,m3,3988.4243900881283
2025-08-12,Cement making,Building,m3,2283.5944927025
2025-07-02,Anchorage,Railway,m2,3779.154133745182
2025-08-02,Iron mining,Railway,m3,3215.5926998547866
2025-08-05,Cement making,Building,m3,3033.18313198138
2025-12-12,Walling,Building,m2,2091.38510371957
2025-04-20,Subbase application,Road,m2,1332.7598598327907
2025-10-30,Terrain leveling,Building,m3,4714.815242347215
2025-05-11,Iron mining,Railway,m3,40.4275978732771
2025-09-11,Foundation pouring,Building,m3,564.9774279180891
2025-04-06,Subbase application,Road,m2,3301.721100322947
2025-07-31,Cement making,Building,m3,2275.1722054400357
2025-08-14,Iron mining,Railway,m3,1813.1277887480262
2025-06-20,Pavement,Road,m2,4174.3492462514705
2025-12-24,Walling,Building,m2,3279.7402731290176
2025-10-19,Terrain leveling,Building,m3,4673.476107172467
2025-01-16,Coat preparation,Road,L,311.6135524779262
2025-04-17,Coat preparation,Road,L,2671.2088580861337
2025-09-22,Cement making,Building,m3,1615.8175530988178
2025-07-15,Laying steel rail,Railway,m,2436.4827899044208
2025-01-30,Laying steel rail,Railway,m,2085.0748132964154
2025-08-25,Walling,Building,m2,132.39665199903217
2025-11-30,Rolling/Tractor,Road,m2,3038.1115551336043
2025-04-29,Coat preparation,Road,L,4355.153367111476
2025-03-26,Anchorage,Railway,m2,2877.722585411499
2025-06-07,Cement making,Building,m3,649.803149767978
2025-11-08,Iron mining,Railway,m3,668.2046042915817
2025-01-08,Pavement,Road,m2,1853.97419574307
2025-09-29,Ballast,Railway,m3,4134.311674399155
2025-07-25,Walling,Building,m2,2531.395889569426
2025-02-23,Removing trees,Building,m2,2811.11820300698
2025-01-22,Rolling/Tractor,Road,m2,2455.4149652707765
2025-09-29,Subbase application,Road,m2,1161.9519068566958
2025-03-28,Ballast,Railway,m3,3652.3631252949463
2025-12-13,Coat preparation,Road,L,2485.5260561392047
2025-02-06,Foundation pouring,Building,m3,3525.898924450879
2025-05-06,Subbase application,Road,m2,3081.1135783478517
2025-08-03,Pavement,Road,m2,2963.546688806798
2025-01-02,Anchorage,Railway,m2,3081.4623937776296
2025-05-27,Pavement,Road,m2,3529.692381739436
2025-07-18,Coat preparation,Road,L,2418.4557057435036
2025-09-30,Pavement,Road,m2,4126.248447793639
2025-03-28,Cement making,Building,m3,1799.4264373854014
2025-02-08,Cement making,Building,m3,150.91325531363108
2025-10-18,Cement making,Building,m3,2257.585576664908
2025-02-10,Pavement,Road,m2,1798.1610756644773
2025-04-25,Iron mining,Railway,m3,635.1342480465205
2025-12-10,Removing trees,Building,m2,2871.3975007485574
2025-09-20,Iron mining,Railway,m3,1271.0829359292197
2025-08-15,Iron mining,Railway,m3,4244.58665753459
2025-07-15,Removing trees,Building,m2,2628.2718681732867
2025-09-24,Pavement,Road,m2,1913.449496713136
2025-01-09,Foundation pouring,Building,m3,1708.0995362724543
2025-10-17,Rolling/Tractor,Road,m2,2692.270756182764
2025-07-31,Subbase application,Road,m2,3891.453851664485
2025-02-23,Walling,Building,m2,871.5435095178952
2025-10-08,Iron mining,Railway,m3,2506.569641787851
2025-12-24,Anchorage,Railway,m2,3180.0947303775747
2025-02-19,Walling,Building,m2,4577.194187584787
2025-02-21,Coat preparation,Road,L,1865.8299158265695
2025-01-22,Removing trees,Building,m2,4137.547230577572
2025-05-19,Cement making,Building,m3,591.5306413155557
2025-10-31,Rolling/Tractor,Road,m2,4426.0468945447765
2025-07-11,Iron mining,Railway,m3,4652.842742674602
2025-08-28,Iron mining,Railway,m3,3571.406643946438
2025-11-28,Subbase application,Road,m2,2078.1809103584446
2025-02-03,Pavement,Road,m2,868.1767105283506
2025-10-28,Removing trees,Building,m2,4825.089532971219
2025-09-20,Pavement,Road,m2,1881.6268052458734
2025-01-28,Coat preparation,Road,L,3201.885591754903
2025-01-20,Removing trees,Building,m2,4823.470141958195
2025-10-14,Terrain leveling,Building,m3,1021.2474757156286
2025-05-20,Terrain leveling,Building,m3,3471.5991777013332
2025-05-23,Cement making,Building,m3,4834.794873455287
2025-08-08,Anchorage,Railway,m2,1361.899924798174
2025-06-03,Walling,Building,m2,1952.4769971290273
2025-02-17,Subbase application,Road,m2,4723.38130667229
2025-01-17,Cement making,Building,m3,2162.471205819353
2025-06-02,Removing trees,Building,m2,4246.207070103976
2025-08-05,Anchorage,Railway,m2,1027.9029678672098
2025-02-03,Cement making,Building,m3,1024.5397146339258
2025-09-20,Terrain leveling,Building,m3,4034.49504325622
2025-03-17,Ballast,Railway,m3,83.06620281263
2025-09-13,Ballast,Railway,m3,4433.603224846628
2025-09-06,Pavement,Road,m2,4630.208799348221
2025-07-31,Ballast,Railway,m3,1400.2155432906404
2025-09-24,Iron mining,Railway,m3,4356.751557684471
2025-12-18,Laying steel rail,Railway,m,2684.483190908409
2025-12-08,Foundation pouring,Building,m3,1662.2100756711038
2025-09-03,Cement making,Building,m3,2654.201823371772
2025-11-13,Subbase application,Road,m2,3010.922472154471
2025-06-03,Removing trees,Building,m2,927.2047466181959
2025-06-13,Anchorage,Railway,m2,4735.562499363566
2025-11-17,Walling,Building,m2,1396.6107828723361
2025-10-06,Removing trees,Building,m2,4479.498959448438
2025-07-10,Pavement,Road,m2,4624.875005286381
2025-04-01,Cement making,Building,m3,3234.9332092931672
2025-12-05,Anchorage,Railway,m2,3388.1064986367364
2025-04-25,Terrain leveling,Building,m3,3146.6994351327608
2025-10-29,Foundation pouring,Building,m3,4700.492299763558
2025-12-27,Coat preparation,Road,L,1139.5590718853805
2025-07-29,Subbase application,Road,m2,4347.125692215646
2025-06-03,Laying steel rail,Railway,m,1139.1632357419323
2025-01-08,Foundation pouring,Building,m3,4756.182598447722
2025-08-13,Subbase application,Road,m2,2514.8939096312456
2025-07-23,Cement making,Building,m3,3699.202446528976
2025-01-27,Rolling/Tractor,Road,m2,1119.6854991781297
2025-11-26,Pavement,Road,m2,2619.052319714061
2025-01-28,Cement making,Building,m3,2352.7148982091035
2025-05-31,Removing trees,Building,m2,1443.7240711369536
2025-12-01,Walling,Building,m2,3362.437862156786
2025-11-26,Foundation pouring,Building,m3,4192.01872902454
2025-02-09,Terrain leveling,Building,m3,348.6448620963095
2025-07-30,Removing trees,Building,m2,952.9094911842473
2025-02-25,Terrain leveling,Building,m3,843.6558336835642
2025-09-26,Rolling/Tractor,Road,m2,4409.270639372842
2025-10-29,Anchorage,Railway,m2,2457.028273959569
2025-10-11,Coat preparation,Road,L,4760.961201812288
2025-06-10,Rolling/Tractor,Road,m2,1379.6212422253302
2025-11-14,Laying steel rail,Railway,m,3011.05202134931
2025-08-19,Cement making,Building,m3,4657.819861732141
2025-11-17,Laying steel rail,Railway,m,3238.2588982513066
2025-04-29,Rolling/Tractor,Road,m2,985.3723681694415
2025-07-11,Ballast,Railway,m3,1861.2461602206881
2025-04-10,Walling,Building,m2,308.62693425581347
2025-11-23,Walling,Building,m2,2476.125142953957
2025-11-14,Anchorage,Railway,m2,2612.923341422963
2025-07-29,Foundation pouring,Building,m3,633.7810635151648
2025-02-11,Subbase application,Road,m2,1737.2695116001591
2025-01-09,Subbase application,Road,m2,2732.1083901031366
2025-05-06,Subbase application,Road,m2,4256.877717835314
2025-02-25,Pavement,Road,m2,3890.1652576973606
2025-04-15,Iron mining,Railway,m3,3356.198308623362
2025-11-29,Terrain leveling,Building,m3,2403.8924803158225
2025-08-30,Anchorage,Railway,m2,88.17385564529934
2025-01-14,Coat preparation,Road,L,4860.499673325422
2025-02-17,Laying steel rail,Railway,m,2549.8418051820154
2025-09-07,Cement making,Building,m3,4711.855536465326
2025-09-09,Rolling/Tractor,Road,m2,2793.2968769732993
2025-05-08,Removing trees,Building,m2,4624.1032316663695
2025-06-07,Foundation pouring,Building,m3,899.4235778486253
2025-04-01,Ballast,Railway,m3,75.9663763608398
2025-11-21,Walling,Building,m2,4656.649414732456
2025-06-01,Anchorage,Railway,m2,4863.42725184574
2025-01-24,Foundation pouring,Building,m3,1967.0236824188148
2025-11-05,Coat preparation,Road,L,1572.1182666780926
2025-08-06,Cement making,Building,m3,4127.86962905269
2025-10-24,Iron mining,Railway,m3,2936.223452734341
2025-03-24,Laying steel rail,Railway,m,2861.6314081900778
2025-11-08,Iron mining,Railway,m3,3846.1670902308924
2025-01-16,Terrain leveling,Building,m3,3663.7398734368826
2025-02-18,Foundation pouring,Building,m3,4675.969073190434
2025-12-18,Laying steel rail,Railway,m,154.66264786451356
2025-11-11,Walling,Building,m2,2450.8519389871753
2025-06-24,Removing trees,Building,m2,3525.930158906733
2025-11-15,Terrain leveling,Building,m3,3089.341968096179
2025-09-29,Removing trees,Building,m2,1400.8934409692204
2025-05-02,Subbase application,Road,m2,751.4424755764015
2025-02-12,Ballast,Railway,m3,4951.170929636992
2025-07-11,Removing trees,Building,m2,4972.077040242179
2025-09-06,Laying steel rail,Railway,m,1552.9885266329695
2025-02-05,Foundation pouring,Building,m3,320.37070725169036
2025-01-03,Pavement,Road,m2,4689.552978782196
2025-07-13,Cement making,Building,m3,2410.8262432733245
2025-09-07,Pavement,Road,m2,3933.776481633429
2025-12-17,Foundation pouring,Building,m3,3109.26769606318
2025-02-05,Removing trees,Building,m2,1329.5030849400684
2025-07-20,Terrain leveling,Building,m3,2178.679517479844
2025-12-06,Laying steel rail,Railway,m,3150.153589799422
2025-10-11,Iron mining,Railway,m3,4648.742583211283
2025-06-06,Foundation pouring,Building,m3,2094.584447650391
2025-12-21,Removing trees,Building,m2,3165.798299360806
2025-03-23,Rolling/Tractor,Road,m2,2395.9738015898215
2025-03-05,Coat preparation,Road,L,2081.90244842497
2025-11-03,Iron mining,Railway,m3,1907.6254168225325
2025-03-19,Terrain leveling,Building,m3,214.14820016336822
2025-05-18,Rolling/Tractor,Road,m2,4998.507660415906
2025-03-16,Foundation pouring,Building,m3,3987.026940529058
2025-12-16,Walling,Building,m2,4471.77791520609
2025-11-29,Foundation pouring,Building,m3,2046.6080536768454
2025-05-08,Walling,Building,m2,4814.031279213204
2025-01-04,Anchorage,Railway,m2,687.97601321331
2025-12-05,Cement making,Building,m3,2915.962203047171
2025-09-02,Subbase application,Road,m2,1395.7720094078174
2025-11-25,Ballast,Railway,m3,2172.8313119316704
2025-06-13,Subbase application,Road,m2,4087.822703912606
2025-03-29,Removing trees,Building,m2,193.75232874654202
2025-04-24,Subbase application,Road,m2,1946.5490978345772
2025-06-25,Laying steel rail,Railway,m,1512.3900855220684
2025-07-12,Iron mining,Railway,m3,4991.866225191914
2025-02-06,Ballast,Railway,m3,1910.1122458628129
2025-04-25,Rolling/Tractor,Road,m2,4309.2055626136325
2025-08-20,Removing trees,Building,m2,3619.7412742335932
2025-04-03,Iron mining,Railway,m3,3410.5966773347923
2025-03-17,Subbase application,Road,m2,1579.4910305054223
2025-05-05,Anchorage,Railway,m2,1935.7826838767528
2025-07-20,Coat preparation,Road,L,4529.961156637966
2025-04-22,Removing trees,Building,m2,3451.343838367183
2025-03-17,Subbase application,Road,m2,491.6383779325345
2025-02-25,Iron mining,Railway,m3,2682.8618735090613
2025-05-26,Subbase application,Road,m2,4597.490078763487
2025-09-19,Foundation pouring,Building,m3,4119.260142897896
2025-12-23,Ballast,Railway,m3,1378.1026325435973
2025-09-14,Subbase application,Road,m2,2607.440699629752
2025-11-06,Laying steel rail,Railway,m,70.45349379836752
2025-05-22,Pavement,Road,m2,653.948712878168
2025-12-04,Coat preparation,Road,L,1932.7272582661803
2025-05-11,Ballast,Railway,m3,560.2171665479083
2025-08-25,Ballast,Railway,m3,655.3772244240419
2025-12-21,Terrain leveling,Building,m3,2927.4629980982577
2025-06-21,Ballast,Railway,m3,943.5591694024976
2025-08-08,Laying steel rail,Railway,m,211.87522931003733
2025-05-06,Walling,Building,m2,60.67320941894438
2025-06-07,Coat preparation,Road,L,2922.5690379672824
2025-08-09,Cement making,Building,m3,1341.4375734026385
2025-10-28,Ballast,Railway,m3,312.9974971715094
2025-02-07,Iron mining,Railway,m3,2351.9906547277365
2025-12-19,Anchorage,Railway,m2,2397.0737492995404
2025-11-09,Ballast,Railway,m3,862.1328568284481
2025-12-18,Coat preparation,Road,L,4247.024251193559
2025-04-07,Rolling/Tractor,Road,m2,141.0127150192947
2025-11-04,Ballast,Railway,m3,4520.6893849557255
2025-11-29,Removing trees,Building,m2,2254.2543306789603
2025-01-16,Anchorage,Railway,m2,1288.2153979541838
2025-07-29,Removing trees,Building,m2,1161.4980258217345
2025-01-09,Laying steel rail,Railway,m,4545.314219389829
2025-03-23,Iron mining,Railway,m3,1044.249748764699
2025-10-16,Pavement,Road,m2,4422.861031128356
2025-02-12,Iron mining,Railway,m3,2662.3480498422196
2025-02-20,Ballast,Railway,m3,4437.779065215248
2025-04-24,Pavement,Road,m2,4792.6705253285245
2025-08-29,Anchorage,Railway,m2,3132.0250873010846
2025-10-05,Pavement,Road,m2,3267.2054010031165
2025-10-30,Walling,Building,m2,4866.017920730026
2025-11-04,Foundation pouring,Building,m3,3542.477187824036
2025-09-03,Walling,Building,m2,4167.897620517629
2025-06-25,Subbase application,Road,m2,4513.5642302683145
2025-11-14,Anchorage,Railway,m2,4985.288263440852
2025-06-12,Walling,Building,m2,1770.5121173588877
2025-07-25,Laying steel rail,Railway,m,4083.3657645692992
2025-12-22,Laying steel rail,Railway,m,4191.603559162613
2025-01-07,Subbase application,Road,m2,1120.480839610044
2025-01-23,Removing trees,Building,m2,2607.367252993544
2025-11-08,Iron mining,Railway,m3,4095.7097567831947
2025-03-29,Removing trees,Building,m2,853.926581603085
2025-11-10,Walling,Building,m2,4683.720031201869
2025-12-08,Subbase application,Road,m2,388.72748819281543
2025-04-25,Foundation pouring,Building,m3,780.3604479469361
2025-01-21,Walling,Building,m2,3462.11929200087
2025-06-10,Cement making,Building,m3,2503.373173538344
2025-08-29,Coat preparation,Road,L,2742.8709763689253
2025-06-01,Ballast,Railway,m3,99.45271811985069
2025-01-25,Removing trees,Building,m2,2074.516852004158
2025-07-02,Pavement,Road,m2,4171.248703066976
2025-03-28,Terrain leveling,Building,m3,3404.3582443457076
2025-04-06,Walling,Building,m2,2372.44088478943
2025-12-19,Ballast,Railway,m3,4761.791095144451
2025-11-10,Coat preparation,Road,L,1039.1802087877616
2025-03-09,Ballast,Railway,m3,1773.0458679460676
2025-05-24,Terrain leveling,Building,m3,1992.3367344021476
2025-04-25,Rolling/Tractor,Road,m2,2562.9534484832134
2025-06-05,Terrain leveling,Building,m3,114.35196346382959
2025-06-25,Subbase application,Road,m2,4910.4109362480895
2025-09-30,Removing trees,Building,m2,2981.165729977482
2025-11-08,Coat preparation,Road,L,3264.0881553746285
2025-09-08,Terrain leveling,Building,m3,3314.6432264560526
2025-08-22,Ballast,Railway,m3,2181.7720790608187
2025-12-27,Coat preparation,Road,L,4862.030053190885
2025-09-15,Foundation pouring,Building,m3,1095.6136634276247
2025-11-11,Cement making,Building,m3,3350.9255991998216
2025-07-19,Removing trees,Building,m2,2113.349055430878
2025-02-09,Cement making,Building,m3,2802.7012926500656
2025-06-29,Anchorage,Railway,m2,3101.0907352445633
2025-10-31,Subbase application,Road,m2,1902.6660540138096
2025-07-01,Cement making,Building,m3,237.1987376762752
2025-02-20,Terrain leveling,Building,m3,1556.9599390814765
2025-05-27,Terrain leveling,Building,m3,3931.577194323542
2025-05-07,Pavement,Road,m2,3746.350661749171
2025-09-23,Pavement,Road,m2,744.9226802608166
2025-06-19,Cement making,Building,m3,4394.933872269167
2025-06-08,Subbase application,Road,m2,4164.251788620499
2025-01-04,Pavement,Road,m2,2083.158709391714
2025-12-13,Ballast,Railway,m3,3662.637536994984
2025-01-23,Removing trees,Building,m2,972.47855050148
2025-04-27,Walling,Building,m2,2932.509905459582
2025-09-03,Laying steel rail,Railway,m,492.9802488405982
2025-09-08,Rolling/Tractor,Road,m2,2995.055692237343
2025-07-08,Cement making,Building,m3,1942.1820530471107
2025-04-27,Iron mining,Railway,m3,3686.9572006174185
2025-12-01,Terrain leveling,Building,m3,716.2852819488019
2025-10-31,Iron mining,Railway,m3,4865.622689156672
2025-08-25,Foundation pouring,Building,m3,3054.863711429145
2025-11-13,Iron mining,Railway,m3,2282.7059049470668
2025-04-24,Iron mining,Railway,m3,2833.515815715305
2025-09-08,Foundation pouring,Building,m3,3102.5087898550346
2025-10-12,Terrain leveling,Building,m3,2540.4780894518426
2025-02-06,Foundation pouring,Building,m3,4308.104448211882
2025-03-07,Terrain leveling,Building,m3,373.5859700046862
2025-09-03,Terrain leveling,Building,m3,2986.8569704550096
2025-10-03,Laying steel rail,Railway,m,2691.1226024744474
2025-06-10,Coat preparation,Road,L,3633.5071466062936
2025-07-26,Subbase application,Road,m2,2438.741529441116
2025-03-22,Foundation pouring,Building,m3,1990.0369181913109
2025-01-02,Foundation pouring,Building,m3,4796.386342039105
2025-03-07,Iron mining,Railway,m3,1565.9182298424873
2025-12-14,Rolling/Tractor,Road,m2,3082.440456530312
2025-10-06,Anchorage,Railway,m2,4280.760250372112
2025-09-22,Removing trees,Building,m2,902.5679045067159
2025-03-31,Iron mining,Railway,m3,746.3196358831581
2025-04-13,Walling,Building,m2,4920.0848257660655
2025-06-26,Subbase application,Road,m2,3580.760123534486
2025-09-18,Subbase application,Road,m2,1282.3284551204083
2025-09-21,Subbase application,Road,m2,21.22103488841509
2025-08-19,Rolling/Tractor,Road,m2,4289.343399496962
2025-03-31,Walling,Building,m2,1589.342503291365
2025-10-06,Terrain leveling,Building,m3,3010.134307511637
2025-06-12,Cement making,Building,m3,958.4436239533684
2025-11-04,Removing trees,Building,m2,4207.473134760501
2025-06-05,Terrain leveling,Building,m3,1682.4670100053995
2025-02-23,Laying steel rail,Railway,m,2641.3840923325006
2025-08-07,Rolling/Tractor,Road,m2,3459.3788777171603
2025-01-06,Iron mining,Railway,m3,3897.458659684543
2025-07-20,Coat preparation,Road,L,4921.116838370501
2025-01-05,Iron mining,Railway,m3,4689.404359068169
2025-08-19,Iron mining,Railway,m3,2045.9387690766257
2025-10-05,Pavement,Road,m2,4772.953630879383
2025-03-28,Foundation pouring,Building,m3,2576.5685036361206
2025-12-09,Ballast,Railway,m3,2384.534276661136
2025-09-29,Foundation pouring,Building,m3,870.1395338925416
2025-10-24,Coat preparation,Road,L,2483.923005195966
2025-10-06,Foundation pouring,Building,m3,1396.7741366535936
2025-05-03,Terrain leveling,Building,m3,3083.313017991382
2025-01-20,Anchorage,Railway,m2,4307.740643529622
2025-02-17,Terrain leveling,Building,m3,2930.5473520512583
2025-07-03,Terrain leveling,Building,m3,4698.421361629263
2025-06-03,Foundation pouring,Building,m3,2673.3184979177277
2025-11-29,Iron mining,Railway,m3,1154.582646417315
2025-07-23,Coat preparation,Road,L,2052.3666232838027
2025-09-08,Walling,Building,m2,4073.335315191626
2025-04-19,Foundation pouring,Building,m3,1390.4985836801625
2025-03-13,Coat preparation,Road,L,3945.249080892497
2025-09-09,Ballast,Railway,m3,4692.803388585602
2025-06-17,Ballast,Railway,m3,3045.740510618823
2025-05-02,Removing trees,Building,m2,2630.8725224629757
2025-01-26,Terrain leveling,Building,m3,758.4002689473007
2025-01-10,Cement making,Building,m3,1926.1192788379894
2025-09-05,Iron mining,Railway,m3,408.5023974683688
2025-10-05,Subbase application,Road,m2,1597.270223532542
2025-08-16,Ballast,Railway,m3,61.6058968576072
2025-05-20,Walling,Building,m2,3914.5247472753226
2025-12-29,Foundation pouring,Building,m3,2201.817528240613
2025-04-29,Ballast,Railway,m3,1974.3169133360673
2025-12-04,Coat preparation,Road,L,4680.727623633279
2025-11-21,Anchorage,Railway,m2,1637.5723186142839
2025-08-02,Iron mining,Railway,m3,2376.9256392470284
2025-01-28,Foundation pouring,Building,m3,1271.1587631392224
2025-02-28,Coat preparation,Road,L,3854.882217564903
2025-06-27,Terrain leveling,Building,m3,704.1329698435305
2025-05-29,Laying steel rail,Railway,m,3110.2663262370506
2025-07-31,Foundation pouring,Building,m3,4011.463456353853
2025-05-18,Foundation pouring,Building,m3,2557.7403681004666
2025-04-20,Ballast,Railway,m3,3919.1630881251626
2025-04-23,Rolling/Tractor,Road,m2,1500.106063742147
2025-11-05,Anchorage,Railway,m2,1584.0217439290261
2025-10-13,Pavement,Road,m2,4829.392240827627
2025-11-06,Terrain leveling,Building,m3,1333.1401681320392
2025-12-22,Anchorage,Railway,m2,4988.012194564385
2025-05-13,Laying steel rail,Railway,m,3294.809984626342
2025-10-12,Foundation pouring,Building,m3,2770.2403471431207
2025-05-06,Pavement,Road,m2,2151.4525190664167
2025-10-29,Pavement,Road,m2,3301.651735566401
2025-09-27,Coat preparation,Road,L,4982.6698227587585
2025-11-24,Ballast,Railway,m3,99.35370150554235
2025-10-01,Rolling/Tractor,Road,m2,2124.1987961832474
2025-12-11,Coat preparation,Road,L,13.245301980031599
2025-05-27,Cement making,Building,m3,4475.791355846471
2025-05-30,Rolling/Tractor,Road,m2,3774.4455648505354
2025-10-27,Terrain leveling,Building,m3,2873.762863983059
2025-09-26,Walling,Building,m2,1949.6072391154994
2025-10-09,Walling,Building,m2,2174.9845867986587
2025-10-24,Rolling/Tractor,Road,m2,4109.113244746791
2025-05-22,Coat preparation,Road,L,1048.195400174191
2025-06-11,Coat preparation,Road,L,4675.05529686583
2025-05-11,Subbase application,Road,m2,152.2551749024126
2025-06-27,Cement making,Building,m3,3105.20512339617
2025-09-26,Anchorage,Railway,m2,212.84644780650953
2025-08-01,Pavement,Road,m2,2097.5741320472735
2025-01-19,Ballast,Railway,m3,4349.494820953003
2025-07-20,Cement making,Building,m3,2344.155674504001
2025-02-01,Foundation pouring,Building,m3,2010.8599702060014
2025-05-21,Subbase application,Road,m2,2921.467992006187
2025-10-28,Ballast,Railway,m3,1752.1320650800749
2025-08-18,Anchorage,Railway,m2,750.8574346564933
2025-04-30,Removing trees,Building,m2,335.05148164410303
2025-08-05,Coat preparation,Road,L,1186.3420257826751
2025-12-18,Foundation pouring,Building,m3,2796.381934466391
2025-05-19,Cement making,Building,m3,3857.114796758001
2025-08-30,Anchorage,Railway,m2,3059.3572466662827
2025-06-25,Laying steel rail,Railway,m,2492.5999947659498
2025-07-31,Removing trees,Building,m2,3746.267776552431
2025-08-15,Terrain leveling,Building,m3,4848.949507911935
2025-08-26,Laying steel rail,Railway,m,277.45629274062264
2025-08-07,Laying steel rail,Railway,m,1717.748771489938
2025-04-01,Subbase application,Road,m2,4347.88184472562
2025-09-06,Pavement,Road,m2,3683.007022776038
2025-07-31,Walling,Building,m2,989.3300032928076
2025-10-23,Iron mining,Railway,m3,2075.653793756017
2025-01-22,Terrain leveling,Building,m3,2733.3870471820405
2025-11-01,Removing trees,Building,m2,3902.03751969459
2025-01-17,Rolling/Tractor,Road,m2,1763.439319844507
2025-03-03,Subbase application,Road,m2,4262.487801604784
2025-05-28,Pavement,Road,m2,2306.0528700676587
2025-01-10,Pavement,Road,m2,2467.902955893353
2025-10-16,Rolling/Tractor,Road,m2,1082.8627830715166
2025-08-23,Cement making,Building,m3,3168.4683066147345
2025-03-28,Removing trees,Building,m2,4190.157584667605
2025-09-21,Ballast,Railway,m3,962.7863572763479
2025-11-26,Pavement,Road,m2,1858.1534339307038
2025-05-01,Anchorage,Railway,m2,3213.582483705345
2025-06-09,Laying steel rail,Railway,m,3775.877637408791
2025-07-13,Rolling/Tractor,Road,m2,1885.2595055024258
2025-06-11,Ballast,Railway,m3,1957.8348797514234
2025-06-01,Pavement,Road,m2,1788.3457981182764
2025-06-10,Ballast,Railway,m3,929.3229302209055
2025-03-14,Subbase application,Road,m2,1487.5871870221158
2025-08-27,Walling,Building,m2,3569.3743549515266
2025-05-23,Cement making,Building,m3,3547.245946576606
2025-11-23,Rolling/Tractor,Road,m2,571.6690407931912
2025-12-28,Cement making,Building,m3,664.1279380032566
2025-10-31,Terrain leveling,Building,m3,1759.1305568216658
2025-02-02,Removing trees,Building,m2,1412.8740102970567
2025-09-30,Removing trees,Building,m2,3558.872461046271
2025-11-02,Foundation pouring,Building,m3,2807.9121174592037
2025-11-06,Terrain leveling,Building,m3,749.1910167623195
2025-08-30,Rolling/Tractor,Road,m2,3102.8442608791975
2025-08-18,Iron mining,Railway,m3,2114.747101835994
2025-04-06,Subbase application,Road,m2,2303.459700593835
2025-04-06,Cement making,Building,m3,3172.1770476197626
2025-04-15,Foundation pouring,Building,m3,4789.460651228168
2025-12-20,Laying steel rail,Railway,m,4485.218223131488
2025-03-19,Removing trees,Building,m2,4418.624002459158
2025-10-06,Iron mining,Railway,m3,2902.007315617159
2025-03-13,Cement making,Building,m3,1143.6825890973212
2025-10-17,Laying steel rail,Railway,m,4990.357624975895
2025-11-02,Ballast,Railway,m3,1796.7250178722377
2025-09-11,Walling,Building,m2,989.2771735762956
2025-12-02,Coat preparation,Road,L,3500.301058584763
2025-06-03,Rolling/Tractor,Road,m2,3253.346963381025
2025-10-05,Coat preparation,Road,L,4532.461162188291
2025-12-02,Iron mining,Railway,m3,1754.3229826226998
2025-10-07,Rolling/Tractor,Road,m2,210.33304399740825
2025-01-04,Pavement,Road,m2,81.79946125945025
2025-10-17,Pavement,Road,m2,4941.067624498524
2025-05-30,Cement making,Building,m3,2209.206118436722
2025-03-22,Laying steel rail,Railway,m,419.4958493362355
2025-12-06,Foundation pouring,Building,m3,2266.915301714027
2025-01-30,Rolling/Tractor,Road,m2,4599.914284912197
2025-05-30,Cement making,Building,m3,2691.7640213737604
2025-09-26,Cement making,Building,m3,4528.223087961339
2025-09-04,Ballast,Railway,m3,4449.730267743707
2025-05-03,Anchorage,Railway,m2,55.21029861174975
2025-12-09,Cement making,Building,m3,4900.541691410028
2025-05-01,Foundation pouring,Building,m3,1449.0387383807713
2025-11-17,Walling,Building,m2,3181.2585355734236
2025-06-12,Iron mining,Railway,m3,4743.716293138914
2025-12-12,Removing trees,Building,m2,418.82922181296743
2025-07-21,Foundation pouring,Building,m3,4481.201908574209
2025-11-24,Anchorage,Railway,m2,1374.6199231722494
2025-09-11,Removing trees,Building,m2,3180.3319142941373
2025-02-14,Subbase application,Road,m2,3309.195493669448
2025-12-29,Laying steel rail,Railway,m,4170.392566849923
2025-01-30,Anchorage,Railway,m2,512.2797136170204
2025-01-11,Terrain leveling,Building,m3,4307.161878392454
2025-01-21,Rolling/Tractor,Road,m2,4446.823675825788
2025-12-16,Walling,Building,m2,2912.805353716915
2025-06-29,Walling,Building,m2,3230.318395020331
2025-03-13,Foundation pouring,Building,m3,4088.1346638383707
2025-12-19,Subbase application,Road,m2,2940.6152524775503
2025-11-22,Rolling/Tractor,Road,m2,2298.372493520985
2025-11-22,Subbase application,Road,m2,254.18943378399118
2025-02-01,Pavement,Road,m2,2965.4764077671875
2025-09-30,Anchorage,Railway,m2,1265.4467369358424
2025-03-30,Ballast,Railway,m3,266.9376438545179
2025-12-21,Ballast,Railway,m3,3106.7089694506085
2025-08-01,Pavement,Road,m2,1670.3198956829567
2025-09-06,Ballast,Railway,m3,597.1254020847832
2025-08-27,Ballast,Railway,m3,1074.0550233761637
2025-12-01,Foundation pouring,Building,m3,2549.064529876673
2025-01-18,Coat preparation,Road,L,4099.453402499304
2025-08-25,Terrain leveling,Building,m3,1303.503300702173
2025-01-17,Rolling/Tractor,Road,m2,1829.6874272854964
2025-08-28,Cement making,Building,m3,2349.4146451035513
2025-01-27,Coat preparation,Road,L,3533.6917030593436
2025-02-06,Walling,Building,m2,600.8766599615122
2025-09-07,Rolling/Tractor,Road,m2,4983.431640479818
2025-01-02,Laying steel rail,Railway,m,3701.1942019530347
2025-05-19,Coat preparation,Road,L,3380.5786898309943
2025-06-23,Subbase application,Road,m2,34.20767357558918
2025-07-23,Subbase application,Road,m2,1583.9982214350985
2025-02-08,Removing trees,Building,m2,2434.5261063195217
2025-08-13,Ballast,Railway,m3,875.1058523990018
2025-04-10,Walling,Building,m2,4682.8716402597465
2025-04-05,Terrain leveling,Building,m3,438.5259054772661
2025-07-27,Laying steel rail,Railway,m,4079.1821644516453
2025-07-15,Foundation pouring,Building,m3,1766.8594970810213
2025-03-03,Pavement,Road,m2,3830.5483480222374
2025-03-18,Subbase application,Road,m2,3438.912184315333
2025-08-09,Laying steel rail,Railway,m,846.3209766146617
2025-05-23,Laying steel rail,Railway,m,960.484341384133
2025-01-28,Anchorage,Railway,m2,4268.535651189762
2025-07-27,Ballast,Railway,m3,2307.6928221393455
2025-06-18,Rolling/Tractor,Road,m2,4698.774596690311
2025-06-19,Anchorage,Railway,m2,3358.5787871185835
2025-04-05,Anchorage,Railway,m2,2426.182765406993
2025-01-09,Subbase application,Road,m2,1845.1046142786793
2025-06-24,Rolling/Tractor,Road,m2,1875.9415386617807
2025-07-09,Foundation pouring,Building,m3,782.1137344837492
2025-12-20,Removing trees,Building,m2,140.30191612908249
2025-08-20,Laying steel rail,Railway,m,4431.818476439454
2025-09-18,Rolling/Tractor,Road,m2,1529.3815383376414
2025-05-31,Cement making,Building,m3,4813.192098325763
2025-03-09,Rolling/Tractor,Road,m2,1087.3301236744965
2025-05-20,Pavement,Road,m2,58.428755487405226
2025-04-19,Pavement,Road,m2,4509.0022979790165
2025-06-17,Removing trees,Building,m2,1718.4452934317223
2025-05-29,Anchorage,Railway,m2,707.6803278961336
2025-04-14,Walling,Building,m2,513.1399819330418
2025-01-28,Coat preparation,Road,L,2817.2603596587155
2025-01-16,Terrain leveling,Building,m3,4268.586256922893
2025-08-06,Walling,Building,m2,1851.1319446198015
2025-11-10,Cement making,Building,m3,563.1902071236377
2025-05-23,Rolling/Tractor,Road,m2,820.0927511852129
2025-08-30,Anchorage,Railway,m2,1270.6172484098188
2025-05-19,Cement making,Building,m3,1365.2767035789466
2025-08-14,Foundation pouring,Building,m3,3013.4039211908307
2025-02-12,Ballast,Railway,m3,968.3318921134354
2025-02-08,Foundation pouring,Building,m3,3973.9186776053502
2025-12-20,Laying steel rail,Railway,m,4435.948644050944
2025-03-30,Iron mining,Railway,m3,3416.8686883698224
2025-03-10,Laying steel rail,Railway,m,4542.147220312533
2025-05-18,Removing trees,Building,m2,4199.915923540702
2025-03-07,Subbase application,Road,m2,3669.2330277086303
2025-09-13,Subbase application,Road,m2,3948.080746605386
2025-04-14,Ballast,Railway,m3,1783.5953531642594
2025-02-22,Coat preparation,Road,L,2077.256359595777
2025-01-05,Cement making,Building,m3,3679.0604412780067
2025-01-16,Anchorage,Railway,m2,4528.006047402781
2025-04-05,Foundation pouring,Building,m3,728.6484178868452
2025-09-11,Removing trees,Building,m2,1640.396323224254
2025-05-29,Coat preparation,Road,L,4312.557551066054
2025-04-14,Rolling/Tractor,Road,m2,2713.356422313286
2025-03-22,Subbase application,Road,m2,90.11276263059254
2025-01-03,Coat preparation,Road,L,269.2321392202612
2025-08-13,Foundation pouring,Building,m3,1607.2423786000234
2025-01-31,Laying steel rail,Railway,m,2128.980091823253
2025-02-25,Subbase application,Road,m2,3676.634480850936
2025-04-06,Walling,Building,m2,3010.8798242447656
2025-09-07,Removing trees,Building,m2,129.81102333341045
2025-11-22,Laying steel rail,Railway,m,2332.6182862647793
2025-03-01,Removing trees,Building,m2,2060.531182367805
2025-02-13,Subbase application,Road,m2,231.93853545826815
2025-07-01,Coat preparation,Road,L,3495.681377442331
2025-11-26,Foundation pouring,Building,m3,955.3820484299447
2025-05-03,Rolling/Tractor,Road,m2,1528.4778889275374
2025-03-20,Walling,Building,m2,1800.54835083655
2025-09-11,Pavement,Road,m2,1611.621465904886
2025-08-21,Cement making,Building,m3,1759.1533966980166
2025-05-10,Rolling/Tractor,Road,m2,764.1104591230246
2025-10-29,Laying steel rail,Railway,m,3092.277010345174
2025-08-23,Ballast,Railway,m3,3520.7040959873516
2025-02-09,Anchorage,Railway,m2,4893.716894483844
2025-11-13,Ballast,Railway,m3,2220.4052231862415
2025-04-06,Removing trees,Building,m2,2552.353087417462
2025-07-01,Coat preparation,Road,L,3659.493427791992
2025-05-22,Rolling/Tractor,Road,m2,3121.7805516278054
2025-09-06,Removing trees,Building,m2,2742.2267022437213
2025-04-04,Foundation pouring,Building,m3,2328.9809317675313
2025-03-24,Iron mining,Railway,m3,1861.7850423204502
2025-11-30,Terrain leveling,Building,m3,109.14500167117258
2025-08-17,Laying steel rail,Railway,m,1695.726739204842
2025-01-04,Subbase application,Road,m2,2618.457441454004
2025-03-12,Removing trees,Building,m2,3561.381187958434
2025-05-09,Laying steel rail,Railway,m,4050.131973178868
2025-01-01,Terrain leveling,Building,m3,4651.319883896376
2025-05-30,Subbase application,Road,m2,1832.5323329570003
2025-09-04,Anchorage,Railway,m2,1358.3026275996351
2025-07-12,Pavement,Road,m2,1914.9845956810557
2025-02-27,Cement making,Building,m3,1550.7430342085531
2025-11-17,Laying steel rail,Railway,m,3511.9315288565367
2025-06-06,Ballast,Railway,m3,2418.4956095632792
2025-03-01,Pavement,Road,m2,1466.3049885568037
2025-11-09,Iron mining,Railway,m3,266.25307400935105
2025-08-12,Anchorage,Railway,m2,2067.1904209469494
2025-01-04,Laying steel rail,Railway,m,3076.513470087532
2025-01-16,Coat preparation,Road,L,4895.692541283711
2025-07-13,Terrain leveling,Building,m3,4531.299905993095
2025-04-30,Laying steel rail,Railway,m,2928.919123714078
2025-05-08,Coat preparation,Road,L,2503.8118370202246
2025-12-03,Pavement,Road,m2,4479.602493454449
2025-08-18,Iron mining,Railway,m3,4387.054119035938
2025-05-31,Pavement,Road,m2,3534.350102905408
2025-08-08,Subbase application,Road,m2,1392.211405208595
2025-01-20,Ballast,Railway,m3,2045.0428440665225
2025-10-06,Pavement,Road,m2,2547.95827323318
2025-02-04,Coat preparation,Road,L,4765.493189927216
2025-11-13,Walling,Building,m2,4282.748249156873
2025-12-01,Ballast,Railway,m3,271.0795867075022
2025-03-10,Removing trees,Building,m2,1442.0063454291276
2025-07-06,Rolling/Tractor,Road,m2,2986.4504570122403
2025-01-19,Subbase application,Road,m2,444.54244379256437
2025-03-16,Removing trees,Building,m2,4931.222800152497
2025-08-30,Laying steel rail,Railway,m,3127.7490256365804
2025-09-25,Subbase application,Road,m2,703.4211228131215
2025-07-02,Coat preparation,Road,L,3076.4838221289165
2025-11-18,Coat preparation,Road,L,3104.6175089299973
2025-08-30,Laying steel rail,Railway,m,2830.0589851653694
2025-06-22,Coat preparation,Road,L,4090.6506344832537
2025-10-07,Foundation pouring,Building,m3,66.44269246067702
2025-03-28,Laying steel rail,Railway,m,3150.5630185617133
2025-02-20,Removing trees,Building,m2,1470.4803068446681
2025-10-06,Iron mining,Railway,m3,3189.0571220928177
2025-01-16,Iron mining,Railway,m3,1598.3838310854048
2025-01-21,Rolling/Tractor,Road,m2,2851.240374045435
2025-12-12,Subbase application,Road,m2,3295.524761025633
2025-03-07,Foundation pouring,Building,m3,491.49345468524007
2025-06-19,Coat preparation,Road,L,547.1686529233882
2025-05-26,Terrain leveling,Building,m3,2581.622029851226
2025-05-28,Ballast,Railway,m3,1527.5677318389585
2025-12-19,Pavement,Road,m2,879.580626413386
2025-11-08,Iron mining,Railway,m3,844.0022735857872
2025-06-07,Cement making,Building,m3,663.3974283189937
2025-12-18,Cement making,Building,m3,2878.0341741310485
2025-04-11,Foundation pouring,Building,m3,471.7736211511214
2025-09-09,Coat preparation,Road,L,1832.3886650325617
2025-03-15,Pavement,Road,m2,3201.3436800978984
2025-08-08,Coat preparation,Road,L,771.3549299958311
2025-11-16,Iron mining,Railway,m3,3880.799609172691
2025-08-14,Rolling/Tractor,Road,m2,3065.129043866857
2025-11-19,Walling,Building,m2,685.9251709666237
2025-10-28,Cement making,Building,m3,2230.713894188534
2025-02-16,Removing trees,Building,m2,3660.830932197901
2025-01-19,Walling,Building,m2,4017.303979034299
2025-11-21,Cement making,Building,m3,3475.006049455755
2025-08-29,Pavement,Road,m2,4572.892717627694
2025-05-23,Foundation pouring,Building,m3,2350.7379265696313
2025-08-24,Ballast,Railway,m3,1808.3524388815658
2025-02-15,Coat preparation,Road,L,2940.41233171678
2025-06-17,Iron mining,Railway,m3,349.56084385335095
2025-01-12,Foundation pouring,Building,m3,1489.4860472559535
2025-10-14,Cement making,Building,m3,2238.268333624085
2025-03-10,Ballast,Railway,m3,4581.680653145883
2025-07-25,Pavement,Road,m2,2356.1485752366034
2025-01-19,Anchorage,Railway,m2,3293.2248843481325
2025-04-13,Removing trees,Building,m2,248.60319981558465
2025-08-13,Anchorage,Railway,m2,3769.683194240586
2025-05-06,Terrain leveling,Building,m3,6.976807213684988
2025-08-22,Coat preparation,Road,L,4340.838623818793
2025-11-04,Removing trees,Building,m2,318.3751585497685
2025-01-12,Coat preparation,Road,L,3986.920179822732
2025-04-20,Anchorage,Railway,m2,3946.6104492347613
2025-06-18,Removing trees,Building,m2,1615.7061023991898
2025-12-01,Coat preparation,Road,L,298.15130330293425
2025-12-27,Laying steel rail,Railway,m,1479.1199883990903
2025-04-22,Anchorage,Railway,m2,2432.4357871035586
2025-11-29,Laying steel rail,Railway,m,4596.145572386381
2025-08-14,Coat preparation,Road,L,3772.4805705588906
2025-07-06,Walling,Building,m2,4124.3946055090255
2025-02-08,Walling,Building,m2,782.2585277617588
2025-11-08,Laying steel rail,Railway,m,2775.493955447883
2025-08-18,Coat preparation,Road,L,1221.522860886554
2025-07-11,Subbase application,Road,m2,1061.54174012148
2025-09-01,Iron mining,Railway,m3,4033.2509156530136
2025-01-01,Pavement,Road,m2,1024.9988345291827
2025-12-15,Iron mining,Railway,m3,4027.1307971481524
2025-03-08,Iron mining,Railway,m3,3198.1938262844287
2025-11-01,Walling,Building,m2,2904.8705377220185
2025-10-14,Rolling/Tractor,Road,m2,588.677153277416
2025-06-24,Anchorage,Railway,m2,2736.8056959890173
2025-09-07,Foundation pouring,Building,m3,3142.360041092582
2025-02-25,Anchorage,Railway,m2,4198.410572331574
2025-11-23,Cement making,Building,m3,1219.021064745368
2025-03-06,Subbase application,Road,m2,1960.8640223037764
2025-05-14,Terrain leveling,Building,m3,1367.514449998909
2025-07-31,Iron mining,Railway,m3,3899.629854082645
2025-06-16,Subbase application,Road,m2,25.90770146418675
2025-01-02,Removing trees,Building,m2,3833.813452883763
2025-12-02,Terrain leveling,Building,m3,3531.728121235127
2025-03-25,Ballast,Railway,m3,4478.451445216501
2025-10-27,Ballast,Railway,m3,18.298285962256024
2025-02-22,Coat preparation,Road,L,120.35346329829943
2025-04-12,Foundation pouring,Building,m3,1825.452354715902
2025-10-18,Removing trees,Building,m2,2201.0062526389856
2025-03-14,Subbase application,Road,m2,1069.283949259186
2025-06-14,Cement making,Building,m3,4789.57624813851
2025-02-06,Pavement,Road,m2,1020.4046919935078
2025-12-27,Iron mining,Railway,m3,684.3384505121658
2025-07-13,Terrain leveling,Building,m3,3129.7683836421293
2025-08-25,Rolling/Tractor,Road,m2,4217.862529549331
2025-12-20,Subbase application,Road,m2,2533.616456234962
2025-08-24,Subbase application,Road,m2,3432.8773679423075
2025-01-09,Subbase application,Road,m2,954.548300865849
2025-09-14,Laying steel rail,Railway,m,1111.6261916521992
2025-04-25,Pavement,Road,m2,2306.048533622555
2025-08-21,Walling,Building,m2,698.3201773746356
2025-02-20,Coat preparation,Road,L,1386.782980974497
2025-09-04,Foundation pouring,Building,m3,765.4788353529141
2025-06-22,Pavement,Road,m2,624.2848081112534
2025-04-16,Coat preparation,Road,L,4700.859383745298
2025-05-20,Terrain leveling,Building,m3,3372.8191535664264
2025-01-14,Cement making,Building,m3,4389.54806018421
2025-12-17,Subbase application,Road,m2,4186.665257235168
2025-02-05,Cement making,Building,m3,2039.7267555826527
2025-02-16,Laying steel rail,Railway,m,2349.0635345187893
2025-04-02,Terrain leveling,Building,m3,3951.597507715068
2025-08-12,Iron mining,Railway,m3,2731.8205999370416
2025-04-06,Laying steel rail,Railway,m,3004.8157254649395
2025-06-13,Ballast,Railway,m3,4456.074931141854
2025-02-09,Rolling/Tractor,Road,m2,1285.2617741165645
2025-04-27,Cement making,Building,m3,4407.922848111677
2025-07-04,Pavement,Road,m2,4478.681905100043
2025-08-02,Iron mining,Railway,m3,2192.2685594802138
2025-12-23,Coat preparation,Road,L,1115.12097087611
2025-06-01,Ballast,Railway,m3,765.0675009219027
2025-04-19,Iron mining,Railway,m3,1189.5131388352397
2025-08-04,Ballast,Railway,m3,1620.6095152668477
2025-11-06,Pavement,Road,m2,3142.5073701298006
2025-12-16,Foundation pouring,Building,m3,3801.05559563252
2025-07-04,Pavement,Road,m2,4240.6952827597825
2025-11-21,Subbase application,Road,m2,2086.391296613731
2025-07-13,Cement making,Building,m3,2422.8458350158403
2025-01-13,Subbase application,Road,m2,3882.442473330353
2025-02-18,Walling,Building,m2,1101.3936634790516
2025-11-24,Coat preparation,Road,L,2592.677278601342
2025-02-26,Coat preparation,Road,L,4946.000051855796
2025-10-30,Anchorage,Railway,m2,3598.075884810652
2025-07-15,Laying steel rail,Railway,m,2595.105581263149
2025-05-04,Foundation pouring,Building,m3,4512.207225883386
2025-07-11,Cement making,Building,m3,1605.5034374348238
2025-08-18,Anchorage,Railway,m2,3681.4448695142764
2025-03-06,Coat preparation,Road,L,4869.430358202432
2025-11-11,Foundation pouring,Building,m3,3190.5472830303233
2025-06-18,Iron mining,Railway,m3,3610.7244093134004
2025-10-17,Iron mining,Railway,m3,3061.011107852361
2025-08-21,Rolling/Tractor,Road,m2,2870.341725069979
2025-06-23,Subbase application,Road,m2,1214.9895840319502
2025-09-26,Coat preparation,Road,L,857.9247009527713
2025-09-04,Terrain leveling,Building,m3,864.3015389736636
2025-02-16,Laying steel rail,Railway,m,1478.0365905923893
2025-08-13,Coat preparation,Road,L,3687.184436991233
2025-10-06,Foundation pouring,Building,m3,1831.8366185359591
2025-11-23,Ballast,Railway,m3,3811.88513347003
2025-06-19,Subbase application,Road,m2,1188.9727301321807
2025-02-23,Cement making,Building,m3,744.7112108539367
2025-07-01,Walling,Building,m2,4258.797087165053
2025-07-11,Walling,Building,m2,2891.4650828024196
2025-11-05,Iron mining,Railway,m3,2049.9979770672544
2025-04-25,Laying steel rail,Railway,m,4827.7772125938955
2025-07-16,Pavement,Road,m2,4975.642929885612
2025-10-09,Ballast,Railway,m3,3500.1641628258185
2025-06-12,Subbase application,Road,m2,2465.5126407239345
2025-06-11,Cement making,Building,m3,4781.952185178535
2025-09-06,Foundation pouring,Building,m3,315.4821113770634
2025-04-26,Terrain leveling,Building,m3,3384.6857642637146
2025-02-20,Subbase application,Road,m2,3507.393693969591
2025-07-23,Terrain leveling,Building,m3,826.3302007598966
2025-08-17,Cement making,Building,m3,4742.124411303459
2025-11-09,Coat preparation,Road,L,2694.3836158620616
2025-05-09,Pavement,Road,m2,4459.951818125897
2025-02-13,Laying steel rail,Railway,m,3698.7320596432733
2025-09-28,Cement making,Building,m3,489.36384181357596
2025-06-29,Laying steel rail,Railway,m,291.3738030696944
2025-03-15,Pavement,Road,m2,1528.4785182779558
2025-12-22,Walling,Building,m2,2915.5402482695863
2025-02-26,Ballast,Railway,m3,4579.475025644666
2025-05-15,Pavement,Road,m2,134.6762121735079
2025-09-08,Cement making,Building,m3,3929.9811061755486
2025-03-04,Anchorage,Railway,m2,3053.4849259191647
2025-08-12,Anchorage,Railway,m2,1807.1942049667134
2025-07-12,Foundation pouring,Building,m3,1071.9727483745444
2025-11-26,Laying steel rail,Railway,m,4968.492206768707
2025-04-29,Cement making,Building,m3,3274.175013737178
2025-11-19,Subbase application,Road,m2,3081.1230456004996
2025-03-18,Anchorage,Railway,m2,2732.9203861216893
2025-09-05,Walling,Building,m2,174.87884458938285
2025-08-14,Removing trees,Building,m2,3969.3962312268322
2025-06-20,Anchorage,Railway,m2,2913.907196060294
2025-08-21,Rolling/Tractor,Road,m2,4422.06211091895
2025-03-20,Removing trees,Building,m2,162.36649186999963
2025-09-18,Laying steel rail,Railway,m,406.1730216782528
2025-09-25,Cement making,Building,m3,2845.703742173158
2025-04-07,Terrain leveling,Building,m3,2957.225735826559
2025-10-04,Anchorage,Railway,m2,2514.0300490368286
2025-09-05,Coat preparation,Road,L,1595.3202856095456
2025-08-21,Ballast,Railway,m3,4172.368151770305
2025-07-18,Subbase application,Road,m2,4290.906484814946
2025-04-21,Coat preparation,Road,L,4777.297457879155
2025-11-21,Cement making,Building,m3,3295.6834183907845
2025-03-23,Cement making,Building,m3,3530.453163940847
2025-09-19,Ballast,Railway,m3,2487.476769151162
2025-10-20,Anchorage,Railway,m2,4493.044264351596
2025-11-20,Cement making,Building,m3,2098.4971945381444
2025-03-25,Cement making,Building,m3,3665.5282097754157
2025-08-14,Coat preparation,Road,L,3208.172580411785
2025-04-13,Terrain leveling,Building,m3,2133.152495451349
2025-08-17,Subbase application,Road,m2,2912.264248043669
2025-02-28,Ballast,Railway,m3,4078.490235273819
2025-05-25,Pavement,Road,m2,2278.652205108037
2025-08-08,Coat preparation,Road,L,3860.4430862409945
2025-11-17,Subbase application,Road,m2,4888.2873740028135
2025-02-22,Ballast,Railway,m3,2206.452012175315
2025-12-11,Removing trees,Building,m2,3180.530690926641
2025-07-24,Pavement,Road,m2,3158.680156824349
2025-08-17,Coat preparation,Road,L,890.4586075338739
2025-11-02,Coat preparation,Road,L,350.45754953237196
2025-04-03,Subbase application,Road,m2,418.6384488469735
2025-03-19,Laying steel rail,Railway,m,3607.885832282755
2025-10-26,Cement making,Building,m3,3020.1435375066817
2025-08-31,Coat preparation,Road,L,1711.6882185572686
2025-02-07,Walling,Building,m2,3669.8603379001474
2025-03-23,Ballast,Railway,m3,4401.4925939750065
2025-07-27,Laying steel rail,Railway,m,1457.9666416894233
2025-06-28,Walling,Building,m2,640.9882716720416
2025-06-24,Iron mining,Railway,m3,417.2572181147593
2025-03-25,Laying steel rail,Railway,m,616.8998499686535
2025-10-04,Rolling/Tractor,Road,m2,979.037976840082
2025-09-25,Rolling/Tractor,Road,m2,2543.450326955112
2025-09-30,Removing trees,Building,m2,2414.7787415760695
2025-12-20,Walling,Building,m2,1759.7882688728582
2025-02-20,Pavement,Road,m2,3936.632551114809
2025-10-26,Anchorage,Railway,m2,2810.4686694702114
2025-11-18,Coat preparation,Road,L,3813.2243374717154
2025-02-21,Anchorage,Railway,m2,4705.088152162511
2025-05-25,Anchorage,Railway,m2,291.56357318722627
2025-07-17,Rolling/Tractor,Road,m2,1676.0779272746206
2025-04-24,Laying steel rail,Railway,m,1107.2108554367082
2025-07-12,Subbase application,Road,m2,853.7842827504194
2025-03-10,Foundation pouring,Building,m3,4390.465431072823
2025-11-06,Cement making,Building,m3,3012.5647681335595
2025-07-09,Removing trees,Building,m2,2235.760609478214
2025-04-12,Anchorage,Railway,m2,2114.778967833791
2025-12-20,Rolling/Tractor,Road,m2,4665.929303423474
2025-03-17,Pavement,Road,m2,4792.246220705625
2025-04-29,Subbase application,Road,m2,4185.719275717224
2025-07-14,Walling,Building,m2,1204.8267213606962
2025-05-23,Terrain leveling,Building,m3,1244.9124804000467
2025-05-30,Cement making,Building,m3,2247.982014201222
2025-09-09,Coat preparation,Road,L,307.57107133083605
2025-01-03,Foundation pouring,Building,m3,3737.0886690886
2025-05-02,Iron mining,Railway,m3,2609.06580968141
2025-07-04,Ballast,Railway,m3,1664.3925513373715
2025-03-24,Cement making,Building,m3,257.3139199704688
2025-04-24,Cement making,Building,m3,2640.1485494059975
2025-01-06,Subbase application,Road,m2,951.6032870912844
2025-12-17,Terrain leveling,Building,m3,3224.9264062501825
2025-10-27,Terrain leveling,Building,m3,2025.9139559432858
2025-03-16,Pavement,Road,m2,4614.366648419916
2025-05-17,Walling,Building,m2,1720.0629518839055
2025-01-11,Terrain leveling,Building,m3,426.82953438394566
2025-09-14,Iron mining,Railway,m3,1909.4584071480958
2025-01-27,Cement making,Building,m3,3591.242370774396
2025-08-26,Subbase application,Road,m2,1022.7842138379073
2025-09-02,Iron mining,Railway,m3,1256.7362390880937
2025-10-30,Cement making,Building,m3,4508.475107158176
2025-03-06,Coat preparation,Road,L,2513.988876080166
2025-05-18,Anchorage,Railway,m2,109.15591715076889
2025-03-03,Foundation pouring,Building,m3,2594.012819431117
2025-11-07,Removing trees,Building,m2,923.9938155805049
2025-06-08,Walling,Building,m2,2203.8185190904924
2025-02-09,Terrain leveling,Building,m3,4009.661403890895
2025-10-24,Laying steel rail,Railway,m,4177.152807181326
2025-12-23,Laying steel rail,Railway,m,4240.769875889963
2025-07-06,Walling,Building,m2,4616.471877994748
2025-12-24,Cement making,Building,m3,1641.4796078558686
2025-11-04,Cement making,Building,m3,1930.4317692598038
2025-09-27,Iron mining,Railway,m3,2154.697682643972
2025-04-14,Foundation pouring,Building,m3,2427.315757963921
2025-09-17,Walling,Building,m2,2248.8710952574065
2025-01-13,Subbase application,Road,m2,2503.6990277389414
2025-05-03,Terrain leveling,Building,m3,2211.788954690297
2025-07-28,Terrain leveling,Building,m3,2610.872783785421
2025-10-17,Foundation pouring,Building,m3,2954.81000565681
2025-11-27,Ballast,Railway,m3,1527.593141567175
2025-02-26,Foundation pouring,Building,m3,580.1959795181672
2025-05-20,Ballast,Railway,m3,3501.9341241196917
2025-10-05,Anchorage,Railway,m2,4451.296396901011
2025-12-17,Terrain leveling,Building,m3,2329.635186017149
2025-05-07,Iron mining,Railway,m3,574.6073090625337
2025-08-03,Cement making,Building,m3,2740.4472970808606
2025-11-08,Subbase application,Road,m2,1450.5106313992283
2025-07-04,Subbase application,Road,m2,4693.566016887704
2025-08-17,Coat preparation,Road,L,2293.949314836604
2025-04-10,Coat preparation,Road,L,2511.1587946686236
2025-12-04,Subbase application,Road,m2,1457.4489541841058
2025-04-02,Pavement,Road,m2,4674.959384907532
2025-02-21,Rolling/Tractor,Road,m2,4718.675755007635
2025-08-06,Foundation pouring,Building,m3,3591.5312004304255
2025-07-07,Walling,Building,m2,4706.904102069372
2025-12-27,Coat preparation,Road,L,1510.5552660674482
2025-01-14,Laying steel rail,Railway,m,1443.0294242525765
2025-04-28,Terrain leveling,Building,m3,917.7428353213296
2025-09-27,Coat preparation,Road,L,4733.634098429089
2025-01-06,Terrain leveling,Building,m3,1276.9225346729595
2025-07-09,Subbase application,Road,m2,890.5132607940064
2025-08-15,Rolling/Tractor,Road,m2,668.6169862280839
2025-05-22,Pavement,Road,m2,3014.285749857053
2025-02-05,Anchorage,Railway,m2,4165.974967090639
2025-04-16,Laying steel rail,Railway,m,1377.406789941193
2025-01-11,Ballast,Railway,m3,2251.118791138203
2025-07-21,Laying steel rail,Railway,m,2433.118466630375
2025-03-31,Iron mining,Railway,m3,3050.526396217042
2025-11-11,Iron mining,Railway,m3,749.5187401225228
2025-11-26,Cement making,Building,m3,3048.5924553083523
2025-06-19,Walling,Building,m2,2980.7998632961853
2025-06-02,Laying steel rail,Railway,m,412.48820779507923
2025-01-02,Ballast,Railway,m3,4521.466154865226
2025-11-13,Cement making,Building,m3,4364.206864860147
2025-07-30,Iron mining,Railway,m3,4096.5193194931635
2025-09-16,Rolling/Tractor,Road,m2,3699.4728373704024
2025-04-15,Rolling/Tractor,Road,m2,495.62127149609336
2025-01-29,Cement making,Building,m3,3657.1103786767103
2025-07-22,Rolling/Tractor,Road,m2,1408.3962978559393
2025-07-05,Cement making,Building,m3,762.4834549296228
2025-02-15,Laying steel rail,Railway,m,1729.471558136348
2025-05-10,Ballast,Railway,m3,927.5889366073509
2025-11-15,Cement making,Building,m3,1315.6326439329935
2025-05-05,Ballast,Railway,m3,2208.0338959138203
2025-10-29,Walling,Building,m2,3455.487622723707
2025-07-02,Foundation pouring,Building,m3,960.0591560272726
2025-08-04,Coat preparation,Road,L,4888.086265063311
2025-01-25,Terrain leveling,Building,m3,1272.4551554360635
2025-11-21,Anchorage,Railway,m2,3136.695905413035
2025-01-24,Ballast,Railway,m3,3079.016877796002
2025-06-05,Laying steel rail,Railway,m,2934.921615144889
2025-03-12,Terrain leveling,Building,m3,4194.31099508604
2025-07-24,Pavement,Road,m2,1264.0052330573271
2025-04-16,Anchorage,Railway,m2,1113.101517600526
2025-07-26,Ballast,Railway,m3,1813.7161278643011
2025-01-12,Cement making,Building,m3,22.758415132548837
2025-08-19,Removing trees,Building,m2,3767.937110448628
2025-10-09,Laying steel rail,Railway,m,3396.2245993247543
2025-08-24,Anchorage,Railway,m2,4614.8809025013
2025-05-30,Subbase application,Road,m2,3355.351750456284
2025-10-18,Removing trees,Building,m2,27.760686731608253
2025-08-29,Rolling/Tractor,Road,m2,862.2512402868166
2025-01-10,Terrain leveling,Building,m3,4763.478197569033
2025-08-04,Foundation pouring,Building,m3,1648.2056069453731
2025-03-28,Removing trees,Building,m2,3415.137796134708
2025-01-22,Ballast,Railway,m3,611.0112810524648
2025-12-16,Coat preparation,Road,L,3831.4979100998985
2025-11-17,Foundation pouring,Building,m3,484.5935707260579
2025-11-03,Pavement,Road,m2,4107.230303035758
2025-08-14,Iron mining,Railway,m3,2738.4560048625744
2025-06-13,Subbase application,Road,m2,2448.3771738234836
2025-06-04,Foundation pouring,Building,m3,524.9743440843424
2025-05-18,Terrain leveling,Building,m3,1545.8278716913526
2025-11-12,Pavement,Road,m2,4732.566302953207
2025-05-01,Removing trees,Building,m2,2636.029379199773
2025-05-22,Coat preparation,Road,L,3792.1029011222063
2025-12-22,Iron mining,Railway,m3,1404.4039570216971
2025-03-14,Terrain leveling,Building,m3,339.15558295401047
2025-12-10,Laying steel rail,Railway,m,1676.8705151479917
2025-08-08,Removing trees,Building,m2,4469.294633055643
2025-09-23,Iron mining,Railway,m3,4254.10835270683
2025-01-05,Anchorage,Railway,m2,3498.002468153294
2025-10-28,Terrain leveling,Building,m3,1749.3106063180808
2025-07-11,Pavement,Road,m2,508.0784551290335
2025-08-09,Removing trees,Building,m2,292.55924026560353
2025-09-05,Cement making,Building,m3,2739.7835178681644
2025-01-21,Removing trees,Building,m2,1034.9023873136182
2025-01-28,Walling,Building,m2,2053.385498724193
2025-10-30,Ballast,Railway,m3,1515.8956289196074
2025-08-01,Cement making,Building,m3,2318.0687460414906
2025-08-19,Ballast,Railway,m3,814.8180511585762
2025-09-11,Coat preparation,Road,L,1000.0872459685651
2025-09-24,Anchorage,Railway,m2,4574.905548417949
2025-07-23,Iron mining,Railway,m3,3328.1814506331393
2025-08-15,Terrain leveling,Building,m3,4230.548992808762
2025-08-10,Subbase application,Road,m2,2894.1078904910146
2025-04-24,Anchorage,Railway,m2,4260.144956227142
2025-09-04,Coat preparation,Road,L,1136.008864886815
2025-02-17,Ballast,Railway,m3,884.7026253969892
2025-11-17,Subbase application,Road,m2,2884.5023968760934
2025-03-27,Laying steel rail,Railway,m,4108.815987270086
2025-03-06,Laying steel rail,Railway,m,4604.89570825062
2025-01-04,Rolling/Tractor,Road,m2,2302.4945933909958
2025-08-11,Ballast,Railway,m3,1519.8041990505185
2025-08-03,Anchorage,Railway,m2,2017.7712229743577
2025-01-02,Terrain leveling,Building,m3,2867.5361998441485
2025-11-04,Iron mining,Railway,m3,1463.0131326430574
2025-01-28,Anchorage,Railway,m2,3862.6112808097746
2025-07-26,Ballast,Railway,m3,4982.367168360237
2025-04-02,Iron mining,Railway,m3,1742.32228801737
2025-02-14,Cement making,Building,m3,141.55710931070377
2025-03-23,Iron mining,Railway,m3,1670.792794668064
2025-05-13,Cement making,Building,m3,3159.9865493172297
2025-03-21,Walling,Building,m2,4339.89318568012
2025-07-04,Subbase application,Road,m2,680.3282309383845
2025-07-14,Pavement,Road,m2,3261.863229411731
2025-11-24,Subbase application,Road,m2,4379.9043760649965
2025-10-15,Terrain leveling,Building,m3,3945.6722763574903
2025-01-17,Ballast,Railway,m3,4024.4813033498776
2025-07-29,Pavement,Road,m2,4138.985271486569
2025-06-01,Foundation pouring,Building,m3,987.7730304846938
2025-01-26,Ballast,Railway,m3,1897.9637256956028
2025-06-22,Cement making,Building,m3,3424.016201845404
2025-04-10,Removing trees,Building,m2,3512.724356031064
2025-10-22,Anchorage,Railway,m2,1523.3515438998636
2025-01-30,Rolling/Tractor,Road,m2,3908.7238732750466
2025-03-11,Foundation pouring,Building,m3,3109.2193645852394
2025-02-27,Foundation pouring,Building,m3,2502.0966341947865
2025-07-14,Terrain leveling,Building,m3,184.20969844658242
2025-09-16,Iron mining,Railway,m3,95.40745947665353
2025-03-20,Anchorage,Railway,m2,3498.3404131988823
2025-05-20,Cement making,Building,m3,4041.6098129603974
2025-12-20,Coat preparation,Road,L,2325.9843787916734
2025-09-08,Cement making,Building,m3,1907.3313844882127
2025-04-25,Terrain leveling,Building,m3,4090.916341225494
2025-08-08,Walling,Building,m2,2357.916670359565
2025-09-08,Terrain leveling,Building,m3,4391.371752040466
2025-09-30,Anchorage,Railway,m2,3138.7852922728102
2025-09-10,Cement making,Building,m3,2138.6300948513745
2025-03-06,Terrain leveling,Building,m3,1310.3607669260437
2025-07-30,Ballast,Railway,m3,1645.3859592877402
2025-10-08,Laying steel rail,Railway,m,2323.658954229357
2025-10-25,Iron mining,Railway,m3,4467.820721719616
2025-06-16,Terrain leveling,Building,m3,914.110099798598
2025-08-23,Walling,Building,m2,1923.521614352847
2025-11-15,Rolling/Tractor,Road,m2,2.6438192887745515
2025-10-13,Foundation pouring,Building,m3,1453.734500748573
2025-03-28,Laying steel rail,Railway,m,4982.736599247938
2025-05-12,Rolling/Tractor,Road,m2,3272.303183717482
2025-01-27,Pavement,Road,m2,1644.107798897403
2025-02-06,Subbase application,Road,m2,1116.337129198247
2025-08-11,Subbase application,Road,m2,39.01668727530894
2025-09-09,Removing trees,Building,m2,2878.310798730162
2025-03-09,Rolling/Tractor,Road,m2,383.5280104354866
2025-01-30,Ballast,Railway,m3,2620.979890401455
2025-10-16,Terrain leveling,Building,m3,1448.3886088810323
2025-06-09,Foundation pouring,Building,m3,4042.122164925542
2025-05-13,Walling,Building,m2,3223.907359502995
2025-12-24,Rolling/Tractor,Road,m2,2124.442136250254
2025-07-17,Subbase application,Road,m2,2128.9175315349785
2025-03-25,Rolling/Tractor,Road,m2,2157.7091992357014
2025-06-28,Terrain leveling,Building,m3,4910.891390701456
2025-09-23,Iron mining,Railway,m3,4907.84744034407
2025-02-04,Ballast,Railway,m3,2184.78628354785
2025-05-28,Walling,Building,m2,4705.68344353668
2025-04-29,Removing trees,Building,m2,361.3360411018529
2025-06-07,Walling,Building,m2,1082.6787867391147
2025-07-13,Cement making,Building,m3,4397.237562123755
2025-04-07,Subbase application,Road,m2,4160.38395342465
2025-04-09,Iron mining,Railway,m3,4282.871703332941
2025-02-27,Removing trees,Building,m2,2844.591257873539
2025-08-27,Iron mining,Railway,m3,687.5641680603422
2025-05-06,Ballast,Railway,m3,1446.1526204269348
2025-12-22,Foundation pouring,Building,m3,474.5434845258717
2025-01-23,Laying steel rail,Railway,m,4281.952657053433
2025-06-26,Anchorage,Railway,m2,3441.153399989004
2025-03-12,Subbase application,Road,m2,1157.2437854482182
2025-01-12,Walling,Building,m2,3244.9002851554696
2025-10-18,Rolling/Tractor,Road,m2,122.01449590242719
2025-07-17,Walling,Building,m2,2949.757079532366
2025-09-18,Pavement,Road,m2,3178.6680626723187
2025-04-07,Cement making,Building,m3,4423.940671906703
2025-03-07,Terrain leveling,Building,m3,2517.343888656252
2025-01-16,Removing trees,Building,m2,3191.074191863929
2025-04-30,Laying steel rail,Railway,m,3611.868481414546
2025-03-21,Removing trees,Building,m2,1579.1161587104102
2025-03-25,Rolling/Tractor,Road,m2,38.62411957744616
2025-02-10,Foundation pouring,Building,m3,2720.393821996393
2025-04-13,Terrain leveling,Building,m3,1019.482811018545
2025-05-24,Laying steel rail,Railway,m,1273.1286564613715
2025-05-28,Laying steel rail,Railway,m,447.15768905135343
2025-01-29,Removing trees,Building,m2,598.4647606994498
2025-01-29,Cement making,Building,m3,1957.5431675605591
2025-01-03,Coat preparation,Road,L,522.5506491004206
2025-04-11,Rolling/Tractor,Road,m2,3571.380796125626
2025-10-20,Anchorage,Railway,m2,4022.9173363903083
2025-07-05,Foundation pouring,Building,m3,2561.3199217043575
2025-12-10,Coat preparation,Road,L,31.33255331080442
2025-01-07,Ballast,Railway,m3,2706.4290368827924
2025-10-27,Rolling/Tractor,Road,m2,4667.480433032701
2025-10-05,Terrain leveling,Building,m3,592.6145472179745
2025-07-19,Pavement,Road,m2,4282.053790987797
2025-01-14,Terrain leveling,Building,m3,2394.2638252825827
2025-12-29,Subbase application,Road,m2,4663.900432599497
2025-03-01,Coat preparation,Road,L,4841.659972556811
2025-12-20,Iron mining,Railway,m3,1170.3113955362999
2025-08-17,Pavement,Road,m2,2224.1030824574896
2025-02-26,Removing trees,Building,m2,685.8804641164345
2025-06-05,Cement making,Building,m3,1105.8889533921224
2025-07-08,Subbase application,Road,m2,2563.929264962106
2025-11-06,Subbase application,Road,m2,418.87037573172637
2025-12-05,Subbase application,Road,m2,712.5255238078365
2025-12-09,Laying steel rail,Railway,m,1140.6793328917015
2025-07-16,Pavement,Road,m2,1958.7113490615855
2025-11-08,Iron mining,Railway,m3,2443.1072401774636
2025-10-31,Foundation pouring,Building,m3,2760.691172585162
2025-03-01,Removing trees,Building,m2,2993.7910493174354
2025-01-26,Foundation pouring,Building,m3,1286.248495421799
2025-09-09,Subbase application,Road,m2,3681.2668214935734
2025-03-29,Removing trees,Building,m2,3181.2974725898853
2025-06-20,Walling,Building,m2,2995.558113402005
2025-05-29,Laying steel rail,Railway,m,906.8320337487312
2025-01-13,Laying steel rail,Railway,m,1392.5363524127881
2025-09-12,Rolling/Tractor,Road,m2,4014.0858172409867
2025-10-15,Foundation pouring,Building,m3,1381.0007613811847
2025-07-01,Iron mining,Railway,m3,4891.811058968106
2025-07-04,Pavement,Road,m2,4649.3108103946515
2025-08-25,Laying steel rail,Railway,m,4388.457633721754
2025-12-01,Pavement,Road,m2,67.87658183206646
2025-11-04,Subbase application,Road,m2,2864.7740030891
2025-03-07,Ballast,Railway,m3,1811.1670330605893
2025-02-14,Iron mining,Railway,m3,44.95035333112962
2025-12-06,Terrain leveling,Building,m3,2506.288357113501
2025-04-12,Coat preparation,Road,L,4929.721104133341
2025-06-06,Cement making,Building,m3,3274.6642054880595
2025-10-20,Rolling/Tractor,Road,m2,2732.5688364423077
2025-02-13,Coat preparation,Road,L,1750.8189233674736
2025-10-18,Ballast,Railway,m3,2566.9355280027785
2025-09-25,Cement making,Building,m3,2771.523054608896
2025-03-19,Ballast,Railway,m3,2511.604522338794
2025-10-22,Anchorage,Railway,m2,3985.2662584636423
2025-03-10,Ballast,Railway,m3,823.5480117760995
2025-12-27,Walling,Building,m2,3363.713855174524
2025-05-02,Coat preparation,Road,L,859.7394283950805
2025-11-26,Laying steel rail,Railway,m,652.9018276867444
2025-10-28,Ballast,Railway,m3,665.8300526360367
2025-10-23,Terrain leveling,Building,m3,4503.707104639691
2025-08-13,Terrain leveling,Building,m3,941.1457362787246
2025-04-11,Foundation pouring,Building,m3,3111.7757521740923
2025-10-03,Anchorage,Railway,m2,4994.040661689356
2025-08-25,Laying steel rail,Railway,m,4091.620593666343
2025-07-31,Coat preparation,Road,L,3453.9548946367563
2025-01-29,Removing trees,Building,m2,4344.949203043483
2025-07-30,Subbase application,Road,m2,2548.1889286444807
2025-12-11,Removing trees,Building,m2,4368.220514819674
2025-11-04,Removing trees,Building,m2,2120.886067335882
2025-12-15,Walling,Building,m2,2709.6278952776333
2025-04-13,Iron mining,Railway,m3,754.3634975010377
2025-04-30,Rolling/Tractor,Road,m2,2733.713315784354
2025-08-24,Coat preparation,Road,L,2130.98625427679
2025-03-22,Iron mining,Railway,m3,3007.0296425083493
2025-10-01,Laying steel rail,Railway,m,1476.322770255294
2025-08-11,Laying steel rail,Railway,m,3176.9880391995016
2025-06-27,Iron mining,Railway,m3,2677.34939405666
2025-07-08,Coat preparation,Road,L,296.41674027605535
2025-12-29,Subbase application,Road,m2,2645.8228985963187
2025-10-05,Anchorage,Railway,m2,938.4495335586823
2025-08-22,Removing trees,Building,m2,1166.3444559391705
2025-03-19,Foundation pouring,Building,m3,1862.0751487717641
2025-09-27,Coat preparation,Road,L,3847.705999343332
2025-12-15,Ballast,Railway,m3,2311.8069379371404
2025-10-22,Ballast,Railway,m3,1698.299350207184
2025-05-09,Cement making,Building,m3,2571.1251838540315
2025-04-30,Iron mining,Railway,m3,132.05365301602433
2025-11-08,Foundation pouring,Building,m3,3116.1580292776216
2025-04-22,Rolling/Tractor,Road,m2,4037.748000207039
2025-04-19,Pavement,Road,m2,3532.9020267205597
2025-06-09,Walling,Building,m2,615.7565444570668
2025-08-02,Iron mining,Railway,m3,3339.4394176699598
2025-06-28,Subbase application,Road,m2,1503.2649412436106
2025-04-24,Foundation pouring,Building,m3,3487.239589282961
2025-03-12,Laying steel rail,Railway,m,1819.6334067610526
2025-05-02,Iron mining,Railway,m3,1767.7852732257204
2025-05-23,Anchorage,Railway,m2,2012.5740905753626
2025-11-13,Subbase application,Road,m2,1709.3511463378807
2025-12-05,Anchorage,Railway,m2,164.77768446782449
2025-04-10,Removing trees,Building,m2,3072.5670513518367
2025-07-26,Iron mining,Railway,m3,918.0336176921944
2025-03-16,Removing trees,Building,m2,423.0943431850809
2025-10-20,Coat preparation,Road,L,3623.0941011462446
2025-05-15,Walling,Building,m2,827.8620030663919
2025-06-27,Pavement,Road,m2,2260.761174371723
2025-06-25,Subbase application,Road,m2,3762.265542160202
2025-01-13,Subbase application,Road,m2,4182.030834281563
2025-12-11,Cement making,Building,m3,3275.8244033876617
2025-10-31,Cement making,Building,m3,1658.580719293704
2025-03-14,Anchorage,Railway,m2,4211.164322204899
2025-06-28,Walling,Building,m2,542.2986834155274
2025-01-16,Rolling/Tractor,Road,m2,4345.910329258504
2025-02-17,Subbase application,Road,m2,4223.632169342032
2025-09-13,Ballast,Railway,m3,1191.0268359246313
2025-11-07,Foundation pouring,Building,m3,4319.90928077179
2025-06-03,Removing trees,Building,m2,466.1342454247186
2025-04-03,Coat preparation,Road,L,4679.903700852554
2025-05-18,Iron mining,Railway,m3,38.02289123245095
2025-05-26,Anchorage,Railway,m2,2970.153406113374
2025-09-29,Coat preparation,Road,L,4080.5098868777504
2025-06-01,Terrain leveling,Building,m3,4219.1065726373645
2025-10-08,Pavement,Road,m2,3041.3659526958454
2025-12-02,Pavement,Road,m2,3691.1798409805883
2025-07-25,Cement making,Building,m3,2506.558794665607
2025-02-05,Walling,Building,m2,4595.229345840063
2025-01-16,Iron mining,Railway,m3,2476.6862771989863
2025-03-10,Subbase application,Road,m2,4698.6221005263515
2025-11-29,Iron mining,Railway,m3,830.2400827238921
2025-06-28,Coat preparation,Road,L,4513.7705616342155
2025-03-31,Terrain leveling,Building,m3,3680.1693563355193
2025-07-06,Walling,Building,m2,3490.263084045738
2025-12-21,Anchorage,Railway,m2,4942.8888012686275
2025-12-01,Cement making,Building,m3,1521.0638315554254
2025-07-21,Coat preparation,Road,L,4163.061232284401
2025-01-05,Ballast,Railway,m3,1041.0132984833538
2025-09-07,Removing trees,Building,m2,575.7200500756082
2025-07-18,Cement making,Building,m3,4342.273767612098
2025-01-23,Anchorage,Railway,m2,2563.9985470306683
2025-03-12,Anchorage,Railway,m2,1283.51905164798
2025-05-18,Subbase application,Road,m2,1282.1880831970511
2025-08-10,Pavement,Road,m2,953.5535166176945
2025-10-17,Rolling/Tractor,Road,m2,3878.2157502228583
2025-05-29,Terrain leveling,Building,m3,1738.507295633429
2025-05-23,Walling,Building,m2,2756.9625776630996
2025-04-13,Walling,Building,m2,1604.5215709504728
2025-09-11,Iron mining,Railway,m3,4888.04155079927
2025-10-11,Removing trees,Building,m2,3761.5084106312393
2025-03-18,Cement making,Building,m3,2662.5121685864547
2025-01-01,Iron mining,Railway,m3,3531.625755798798
2025-07-10,Laying steel rail,Railway,m,1048.1909043859062
2025-12-14,Removing trees,Building,m2,4568.893769719493
2025-12-16,Pavement,Road,m2,4260.262321368562
2025-12-01,Removing trees,Building,m2,221.13126359279644
2025-05-19,Iron mining,Railway,m3,3252.215298529582
2025-03-07,Rolling/Tractor,Road,m2,2996.197648970525
2025-03-18,Cement making,Building,m3,3613.0200223489373
2025-11-30,Subbase application,Road,m2,2792.3779482470177
2025-03-11,Removing trees,Building,m2,4923.0736085824155
2025-09-17,Pavement,Road,m2,1825.486637184906
2025-08-29,Walling,Building,m2,3938.835645558866
2025-03-26,Ballast,Railway,m3,4377.621709750645
2025-06-26,Subbase application,Road,m2,1731.1375872186024
2025-10-22,Cement making,Building,m3,1496.076572359657
2025-12-08,Subbase application,Road,m2,1853.697703347918
2025-07-30,Foundation pouring,Building,m3,274.1842358696822
2025-01-27,Coat preparation,Road,L,2947.0478104611293
2025-11-16,Subbase application,Road,m2,3084.186128331837
2025-09-22,Coat preparation,Road,L,3741.432961354111
2025-03-05,Rolling/Tractor,Road,m2,2137.8036212499073
2025-08-13,Laying steel rail,Railway,m,4984.687632724819
2025-08-09,Rolling/Tractor,Road,m2,2602.1571223754795
2025-07-08,Foundation pouring,Building,m3,1333.912817103634
2025-09-20,Iron mining,Railway,m3,3572.9877971541487
2025-09-16,Removing trees,Building,m2,4081.1436576848055
2025-03-07,Removing trees,Building,m2,3926.6569622896873
2025-10-26,Laying steel rail,Railway,m,3773.13960488478
2025-02-07,Removing trees,Building,m2,2156.8416058610137
2025-01-07,Terrain leveling,Building,m3,1295.8734969187524
2025-10-09,Terrain leveling,Building,m3,4017.8227793191013
2025-01-23,Laying steel rail,Railway,m,3959.017679040443
2025-11-27,Foundation pouring,Building,m3,4207.248339460365
2025-01-02,Pavement,Road,m2,4090.403003578527
2025-11-13,Ballast,Railway,m3,1537.5906276086325
2025-05-24,Ballast,Railway,m3,4862.586160094065
2025-08-27,Rolling/Tractor,Road,m2,3474.453950175204
2025-03-23,Ballast,Railway,m3,4672.7255848109435
2025-10-20,Foundation pouring,Building,m3,3515.4962668392036
2025-07-25,Foundation pouring,Building,m3,1704.2209845586399
2025-11-06,Subbase application,Road,m2,3397.0129213285977
2025-07-03,Laying steel rail,Railway,m,1057.1806061566374
2025-06-06,Foundation pouring,Building,m3,4344.02098501268
2025-05-01,Ballast,Railway,m3,3459.786318047752
2025-09-23,Rolling/Tractor,Road,m2,4618.721779656557
2025-03-21,Pavement,Road,m2,2400.934904322843
2025-06-06,Coat preparation,Road,L,2113.094933196679
2025-03-30,Cement making,Building,m3,2064.9462362180175
2025-09-17,Laying steel rail,Railway,m,112.57907453625815
2025-09-29,Walling,Building,m2,632.2987539315245
2025-04-13,Walling,Building,m2,4114.661682415037
2025-07-14,Rolling/Tractor,Road,m2,4938.820457846328
2025-03-25,Walling,Building,m2,4500.973520178863
2025-06-02,Removing trees,Building,m2,683.953831417024
2025-07-03,Subbase application,Road,m2,1263.2428301272353
2025-07-11,Ballast,Railway,m3,1042.8960165107164
2025-10-02,Pavement,Road,m2,1998.2188417351542
2025-08-10,Foundation pouring,Building,m3,1785.7751566964591
2025-02-18,Coat preparation,Road,L,187.2349340063234
2025-04-04,Foundation pouring,Building,m3,2629.584642976517
2025-06-06,Terrain leveling,Building,m3,3832.215372354483
2025-04-13,Rolling/Tractor,Road,m2,2257.2805691966773
2025-01-08,Coat preparation,Road,L,1848.2073367922046
2025-04-18,Removing trees,Building,m2,4117.039499693827
2025-09-28,Foundation pouring,Building,m3,1026.43325819665
2025-02-08,Subbase application,Road,m2,68.8417974327965
2025-10-09,Terrain leveling,Building,m3,1741.758626149395
2025-05-10,Foundation pouring,Building,m3,1152.8229574265808
2025-03-11,Laying steel rail,Railway,m,2041.5766659436401
2025-05-16,Pavement,Road,m2,1113.6428457695358
2025-09-18,Removing trees,Building,m2,4023.530281096784
2025-12-29,Laying steel rail,Railway,m,1898.7444145747672
2025-01-05,Walling,Building,m2,1988.2038445863975
2025-01-25,Coat preparation,Road,L,1648.974546280853
2025-06-09,Foundation pouring,Building,m3,287.7629037661361
2025-10-28,Anchorage,Railway,m2,3882.6621675974625
2025-04-27,Walling,Building,m2,927.236596073226
2025-02-25,Terrain leveling,Building,m3,725.8024492681203
2025-01-05,Coat preparation,Road,L,3203.3212941072125
2025-09-23,Coat preparation,Road,L,3420.270218420542
2025-02-11,Cement making,Building,m3,3174.7137312870536
2025-08-10,Iron mining,Railway,m3,2629.651642506694
2025-01-15,Terrain leveling,Building,m3,783.4027901680618
2025-03-19,Foundation pouring,Building,m3,610.868534232129
2025-11-05,Cement making,Building,m3,2520.303480980643
2025-11-15,Cement making,Building,m3,3403.697448673059
2025-03-14,Iron mining,Railway,m3,3730.182344017752
2025-06-19,Rolling/Tractor,Road,m2,1255.841272445209
2025-05-17,Subbase application,Road,m2,4856.002112717143
2025-05-20,Subbase application,Road,m2,4416.559616058347
2025-11-22,Laying steel rail,Railway,m,1054.436988187707
2025-10-17,Cement making,Building,m3,2737.042966427477
2025-01-10,Coat preparation,Road,L,4892.11501741565
2025-04-11,Ballast,Railway,m3,4672.6417989333195
2025-02-27,Cement making,Building,m3,3022.7324892505703
2025-12-23,Ballast,Railway,m3,3924.520541589868
2025-11-26,Ballast,Railway,m3,2412.0258815102543
2025-12-16,Iron mining,Railway,m3,2141.9662820127037
2025-10-05,Terrain leveling,Building,m3,431.04109194327225
2025-09-02,Foundation pouring,Building,m3,4558.976316355027
2025-03-30,Coat preparation,Road,L,885.4265383434839
2025-01-07,Foundation pouring,Building,m3,2809.300855410737
2025-12-29,Anchorage,Railway,m2,243.70213241552585
2025-03-05,Removing trees,Building,m2,2274.100336622412
2025-10-18,Foundation pouring,Building,m3,2221.593146831128
2025-11-13,Rolling/Tractor,Road,m2,4408.978373678234
2025-04-20,Anchorage,Railway,m2,4770.423755218678
2025-01-31,Rolling/Tractor,Road,m2,487.3816400541114
2025-04-12,Iron mining,Railway,m3,999.9577234860835
2025-01-18,Removing trees,Building,m2,4922.161341302685
2025-05-25,Iron mining,Railway,m3,4781.563616791671
2025-10-23,Subbase application,Road,m2,2795.230211489423
2025-07-21,Terrain leveling,Building,m3,4664.639916242511
2025-02-18,Subbase application,Road,m2,3867.4036339193003
2025-04-06,Anchorage,Railway,m2,1283.2154986547157
2025-08-19,Pavement,Road,m2,4259.221832909612
2025-06-30,Terrain leveling,Building,m3,2912.766071196293
2025-04-28,Coat preparation,Road,L,2213.2151498870567
2025-07-28,Pavement,Road,m2,1088.669197943916
2025-12-04,Ballast,Railway,m3,2065.000508351308
2025-01-13,Pavement,Road,m2,4843.317662884471
2025-05-02,Ballast,Railway,m3,4382.9354147549375
2025-01-12,Subbase application,Road,m2,2831.5973233760337
2025-03-31,Foundation pouring,Building,m3,2473.8538237675957
2025-11-30,Removing trees,Building,m2,1363.9157568096293
2025-07-17,Pavement,Road,m2,3307.57437040338
2025-02-02,Removing trees,Building,m2,2668.8638654360284
2025-05-20,Walling,Building,m2,2769.2002103698514
2025-06-17,Subbase application,Road,m2,2877.3603379181386
2025-07-16,Foundation pouring,Building,m3,1811.3789714985173
2025-05-08,Walling,Building,m2,2617.1392975373865
2025-01-01,Laying steel rail,Railway,m,1026.2050168389962
2025-04-30,Removing trees,Building,m2,3387.910074209783
2025-11-23,Walling,Building,m2,787.7382977716712
2025-01-04,Foundation pouring,Building,m3,4257.541700320507
2025-04-27,Laying steel rail,Railway,m,3002.468004461199
2025-03-15,Terrain leveling,Building,m3,1879.199928352978
2025-08-19,Rolling/Tractor,Road,m2,1639.6378367673049
2025-04-22,Removing trees,Building,m2,1426.3179597945175
2025-03-21,Iron mining,Railway,m3,4261.202979080175
2025-10-13,Anchorage,Railway,m2,121.35798565047762
2025-12-08,Laying steel rail,Railway,m,2319.2291816634993
2025-01-24,Subbase application,Road,m2,2487.114919747153
2025-07-07,Laying steel rail,Railway,m,1795.554506278295
2025-06-07,Iron mining,Railway,m3,2964.300200543745
2025-11-07,Laying steel rail,Railway,m,3005.179274363813
2025-11-29,Foundation pouring,Building,m3,851.6790926515216
2025-05-25,Iron mining,Railway,m3,2923.675813086936
2025-03-20,Foundation pouring,Building,m3,2667.3409276602106
2025-01-23,Rolling/Tractor,Road,m2,4004.3170653449038
2025-10-22,Foundation pouring,Building,m3,1580.8648531644176
2025-11-19,Coat preparation,Road,L,68.91585348740625
2025-11-26,Removing trees,Building,m2,2902.1753080375197
2025-08-12,Subbase application,Road,m2,4855.697310116661
2025-12-04,Pavement,Road,m2,2156.617950692609
2025-11-19,Rolling/Tractor,Road,m2,3227.942909339238
2025-01-01,Subbase application,Road,m2,746.9511058776385
2025-03-26,Ballast,Railway,m3,4850.550805081804
2025-01-10,Removing trees,Building,m2,1868.142101557293
2025-08-13,Ballast,Railway,m3,2461.8561353149985
2025-05-11,Terrain leveling,Building,m3,1263.5636118621496
2025-11-29,Ballast,Railway,m3,1260.6930474880057
2025-09-01,Anchorage,Railway,m2,1701.7429378565696
2025-06-07,Cement making,Building,m3,621.314300144139
2025-09-01,Coat preparation,Road,L,4118.468432472522
2025-12-14,Coat preparation,Road,L,2490.8162538268707
2025-10-03,Ballast,Railway,m3,163.88635354163017
2025-09-09,Foundation pouring,Building,m3,1736.4381566244497
2025-05-14,Terrain leveling,Building,m3,169.2253663403509
2025-11-15,Foundation pouring,Building,m3,4136.688567113976
2025-12-22,Pavement,Road,m2,100.79284435801694
2025-12-06,Walling,Building,m2,3065.71722878002
2025-02-24,Laying steel rail,Railway,m,2994.6455136077548
2025-08-14,Anchorage,Railway,m2,1541.6378431617234
2025-10-10,Ballast,Railway,m3,2305.433147011548
2025-10-15,Foundation pouring,Building,m3,3705.3808613156343
2025-08-23,Removing trees,Building,m2,995.832346093703
2025-04-04,Pavement,Road,m2,2897.7971355703153
2025-08-28,Pavement,Road,m2,3524.075611817552
2025-01-15,Pavement,Road,m2,4911.668863994793
2025-03-10,Coat preparation,Road,L,4938.569069943163
2025-08-26,Cement making,Building,m3,2236.4442119373216
2025-05-20,Iron mining,Railway,m3,4389.577491366278
2025-10-28,Iron mining,Railway,m3,1883.1622055017067
2025-01-24,Walling,Building,m2,3644.4185516085304
2025-12-07,Foundation pouring,Building,m3,1793.3637501025878
2025-12-11,Foundation pouring,Building,m3,1817.3989979752548
2025-07-02,Coat preparation,Road,L,3688.814481166287
2025-11-10,Pavement,Road,m2,1968.567532912754
2025-03-15,Removing trees,Building,m2,3220.5162390018654
2025-10-11,Removing trees,Building,m2,502.8621233008451
2025-08-08,Pavement,Road,m2,2309.54658756708
2025-12-13,Removing trees,Building,m2,226.86062782146686
2025-10-04,Removing trees,Building,m2,1944.3993034066953
2025-12-02,Removing trees,Building,m2,4354.459060639979
2025-04-29,Pavement,Road,m2,3387.2488109317246
2025-05-04,Ballast,Railway,m3,2852.631523395457
2025-04-02,Laying steel rail,Railway,m,3644.33496196232
2025-06-28,Subbase application,Road,m2,988.0604229456336
2025-05-05,Rolling/Tractor,Road,m2,244.75543929641074
2025-05-29,Iron mining,Railway,m3,1275.857021337964
2025-03-26,Iron mining,Railway,m3,1340.5234010274391
2025-11-07,Rolling/Tractor,Road,m2,790.6582851120719
2025-02-27,Ballast,Railway,m3,4053.8398393415737
2025-04-10,Walling,Building,m2,1822.818482880052
2025-05-10,Pavement,Road,m2,942.0498627843543
2025-07-13,Iron mining,Railway,m3,1539.8204594876447
2025-01-23,Iron mining,Railway,m3,1685.498930338596
2025-09-06,Foundation pouring,Building,m3,3833.87447348865
2025-11-25,Laying steel rail,Railway,m,2309.137141057016
2025-11-28,Coat preparation,Road,L,136.31975901974346
2025-07-03,Laying steel rail,Railway,m,3777.7745857369423
2025-06-29,Cement making,Building,m3,1190.108200997238
2025-06-13,Rolling/Tractor,Road,m2,1931.7856354761636
2025-04-14,Laying steel rail,Railway,m,4672.442167462343
2025-02-07,Pavement,Road,m2,3901.089290093648
2025-12-02,Ballast,Railway,m3,2026.5300925258334
2025-07-02,Foundation pouring,Building,m3,2218.5435336572973
2025-10-17,Coat preparation,Road,L,2817.267691437662
2025-08-22,Pavement,Road,m2,389.5432739322607
2025-11-22,Coat preparation,Road,L,1590.1789076447049
2025-05-18,Laying steel rail,Railway,m,1124.505569728072
2025-04-23,Walling,Building,m2,1352.7533405379345
2025-03-24,Anchorage,Railway,m2,438.8529169754862
2025-09-27,Pavement,Road,m2,1975.8787570050551
2025-02-15,Terrain leveling,Building,m3,4426.733703591024
2025-01-31,Subbase application,Road,m2,1640.7419840796294
2025-05-16,Terrain leveling,Building,m3,1447.5839933527345
2025-09-07,Foundation pouring,Building,m3,4840.573169522666
2025-02-14,Coat preparation,Road,L,1378.1512676282075
2025-07-24,Subbase application,Road,m2,1841.0547676003564
2025-01-31,Foundation pouring,Building,m3,2298.0600282520695
2025-06-18,Rolling/Tractor,Road,m2,4159.073609366236
2025-01-08,Rolling/Tractor,Road,m2,2737.5592727476824
2025-06-23,Foundation pouring,Building,m3,3834.616443628749
2025-12-10,Removing trees,Building,m2,2336.803259879924
2025-05-15,Subbase application,Road,m2,639.7202418205655
2025-11-12,Iron mining,Railway,m3,3283.7765665558395
2025-09-14,Ballast,Railway,m3,1033.1032154459424
2025-01-13,Pavement,Road,m2,3221.5919633952503
2025-01-18,Iron mining,Railway,m3,2567.8694290122357
2025-10-24,Removing trees,Building,m2,3876.0082835382427
2025-03-14,Foundation pouring,Building,m3,2577.888007720796
2025-10-30,Rolling/Tractor,Road,m2,3553.1939397555875
2025-02-24,Foundation pouring,Building,m3,4588.286759828539
2025-05-19,Anchorage,Railway,m2,920.3952736139504
2025-07-03,Iron mining,Railway,m3,4846.1007574978
2025-07-23,Walling,Building,m2,3304.5638883133925
2025-12-04,Walling,Building,m2,1274.4360106000097
2025-03-15,Iron mining,Railway,m3,3744.303830798709
2025-03-06,Terrain leveling,Building,m3,2690.408324530674
2025-02-26,Cement making,Building,m3,4498.7673246545555
2025-08-17,Pavement,Road,m2,1263.3214898917606
2025-05-04,Ballast,Railway,m3,2865.2606219555405
2025-07-09,Foundation pouring,Building,m3,441.65889208256317
2025-10-08,Foundation pouring,Building,m3,1369.1214115242967
2025-05-13,Terrain leveling,Building,m3,258.95264069379533
2025-06-01,Coat preparation,Road,L,4470.544588468918
2025-11-07,Terrain leveling,Building,m3,1399.8232330853932
2025-12-15,Subbase application,Road,m2,2361.01921940194
2025-12-19,Removing trees,Building,m2,2325.6654656877067
2025-08-09,Rolling/Tractor,Road,m2,3596.295942606522
2025-07-15,Ballast,Railway,m3,4328.706582982879
2025-10-01,Ballast,Railway,m3,2804.6306105279277
2025-01-07,Coat preparation,Road,L,3604.4498671729334
2025-01-25,Foundation pouring,Building,m3,511.6049458233218
2025-09-06,Walling,Building,m2,1353.6912234831461
2025-08-17,Pavement,Road,m2,901.1487303435023
2025-12-05,Foundation pouring,Building,m3,891.093490014801
2025-07-24,Terrain leveling,Building,m3,1673.3948719216423
2025-06-26,Pavement,Road,m2,3639.31137360747
2025-09-28,Laying steel rail,Railway,m,822.4797931719713
2025-11-01,Rolling/Tractor,Road,m2,4414.369617290847
2025-02-11,Terrain leveling,Building,m3,3322.0147963369577
2025-09-11,Rolling/Tractor,Road,m2,4294.748994592226
2025-02-20,Iron mining,Railway,m3,225.2473434173985
2025-05-24,Ballast,Railway,m3,4645.659110383427
2025-12-29,Foundation pouring,Building,m3,2335.3097314595216
2025-10-10,Cement making,Building,m3,2120.3808821018793
2025-05-24,Terrain leveling,Building,m3,324.71178446454195
2025-06-27,Iron mining,Railway,m3,2058.3106410887603
2025-01-24,Pavement,Road,m2,350.53658220463024
2025-09-06,Coat preparation,Road,L,67.29209641840205
2025-12-12,Rolling/Tractor,Road,m2,4862.679252363216
2025-04-27,Rolling/Tractor,Road,m2,1435.7082662868104
2025-03-06,Laying steel rail,Railway,m,3398.847257230007
2025-04-22,Coat preparation,Road,L,3634.215579628167
2025-08-08,Rolling/Tractor,Road,m2,4835.705473409026
2025-11-09,Ballast,Railway,m3,3601.4285851742266
2025-09-04,Ballast,Railway,m3,376.15945133198767
2025-11-09,Pavement,Road,m2,1872.6408236241805
2025-09-24,Subbase application,Road,m2,3725.8692967707025
2025-04-13,Foundation pouring,Building,m3,2313.0336046840466
2025-02-02,Coat preparation,Road,L,4597.09035235284
2025-07-22,Subbase application,Road,m2,2210.8793768257174
2025-09-10,Walling,Building,m2,3196.1258946031066
2025-06-13,Cement making,Building,m3,2522.9607655590094
2025-10-08,Coat preparation,Road,L,3445.227645528798
2025-02-08,Removing trees,Building,m2,4941.658565077581
2025-03-17,Anchorage,Railway,m2,1775.718688093168
2025-12-10,Iron mining,Railway,m3,3265.6353693779392
2025-12-29,Walling,Building,m2,1743.3640342524525
2025-07-18,Subbase application,Road,m2,3945.3585108995
2025-11-12,Rolling/Tractor,Road,m2,3968.3602008195367
2025-08-24,Subbase application,Road,m2,4079.34177806961
2025-11-19,Iron mining,Railway,m3,4921.424206068885
2025-02-04,Cement making,Building,m3,2042.2928876725844
2025-10-24,Removing trees,Building,m2,4466.867006743401
2025-03-16,Iron mining,Railway,m3,3114.560078508956
2025-10-04,Coat preparation,Road,L,3357.6647347156354
2025-07-18,Anchorage,Railway,m2,2282.476338682104
2025-04-10,Rolling/Tractor,Road,m2,1752.6601051623352
2025-02-28,Pavement,Road,m2,2917.381020853394
2025-12-08,Anchorage,Railway,m2,4410.32618402446
2025-12-04,Coat preparation,Road,L,490.106745563384
2025-01-13,Terrain leveling,Building,m3,2297.019493557105
2025-10-21,Rolling/Tractor,Road,m2,1307.2839016763487
2025-08-06,Removing trees,Building,m2,3642.2727258117116
2025-11-03,Anchorage,Railway,m2,4482.533596793333
2025-02-06,Laying steel rail,Railway,m,863.2081117630503
2025-02-25,Walling,Building,m2,4792.969794862611
2025-02-01,Terrain leveling,Building,m3,1570.2524042864225
2025-02-11,Subbase application,Road,m2,1579.7693107436428
2025-06-12,Laying steel rail,Railway,m,4034.5568893958944
2025-09-07,Cement making,Building,m3,588.11057255034
2025-03-28,Pavement,Road,m2,1943.2642595516563
2025-12-07,Cement making,Building,m3,3310.642069519811
2025-06-28,Coat preparation,Road,L,3063.327256793993
2025-11-07,Terrain leveling,Building,m3,500.7868589179881
2025-06-05,Terrain leveling,Building,m3,2071.120603977688
2025-12-07,Rolling/Tractor,Road,m2,4605.475343481908
2025-01-01,Walling,Building,m2,3448.649118601937
2025-05-14,Iron mining,Railway,m3,776.0516798089867
2025-08-11,Cement making,Building,m3,84.64330604451509
2025-12-15,Coat preparation,Road,L,4242.7212627912695
2025-04-09,Cement making,Building,m3,2309.0517905218126
2025-09-04,Foundation pouring,Building,m3,1370.47140908581
2025-05-03,Removing trees,Building,m2,3213.0342118601766
2025-08-23,Removing trees,Building,m2,3888.2609966695495
2025-12-29,Anchorage,Railway,m2,616.0891387537071
2025-02-03,Walling,Building,m2,1130.6594330339553
2025-07-28,Coat preparation,Road,L,211.81301705332888
2025-03-21,Iron mining,Railway,m3,4731.126360152115
2025-09-14,Laying steel rail,Railway,m,700.2799005357141
2025-02-03,Ballast,Railway,m3,1934.7320236940186
2025-06-16,Pavement,Road,m2,4966.316520765092
2025-12-08,Walling,Building,m2,3478.1859039149635
2025-10-05,Pavement,Road,m2,129.06739561816428
2025-08-02,Rolling/Tractor,Road,m2,36.27933661687843
2025-04-10,Coat preparation,Road,L,2031.1029626599225
2025-02-23,Anchorage,Railway,m2,3322.8759787707495
2025-10-23,Foundation pouring,Building,m3,1088.7239324698312
2025-10-24,Terrain leveling,Building,m3,1624.8603574567398
2025-09-14,Anchorage,Railway,m2,3444.7115138187282
2025-09-11,Laying steel rail,Railway,m,449.34925917587685
2025-01-15,Pavement,Road,m2,4778.104435094633
2025-08-22,Iron mining,Railway,m3,1985.1917134705382
2025-02-21,Anchorage,Railway,m2,4582.072454205275
2025-01-14,Foundation pouring,Building,m3,2673.448932707813
2025-12-20,Walling,Building,m2,3041.880437699862
2025-02-07,Subbase application,Road,m2,3599.118237791489
2025-10-15,Iron mining,Railway,m3,73.4700278160294
2025-12-11,Cement making,Building,m3,3955.7094024873772
2025-07-17,Subbase application,Road,m2,4534.36125422891
2025-10-30,Ballast,Railway,m3,3090.112082046851
2025-09-12,Coat preparation,Road,L,3929.3093912289983
2025-05-16,Pavement,Road,m2,1749.1191547851815
2025-10-23,Walling,Building,m2,112.23576510378864
2025-02-12,Pavement,Road,m2,59.46758009779452
2025-02-22,Laying steel rail,Railway,m,964.0398067089678
2025-07-05,Cement making,Building,m3,3465.675476394273
2025-04-06,Rolling/Tractor,Road,m2,1905.5457999096664
2025-02-12,Walling,Building,m2,2606.517056028818
2025-07-29,Cement making,Building,m3,4410.441257537258
2025-08-18,Coat preparation,Road,L,3760.7954883323873
2025-08-24,Coat preparation,Road,L,2610.9275519629446
2025-09-11,Pavement,Road,m2,4662.110620241509
2025-03-18,Pavement,Road,m2,2257.077942297457
2025-10-18,Iron mining,Railway,m3,843.4391402763786
2025-05-21,Coat preparation,Road,L,989.6343405088764
2025-03-06,Pavement,Road,m2,4195.266478003574
2025-06-05,Foundation pouring,Building,m3,2327.0792314916657
2025-11-06,Walling,Building,m2,2622.3385176374336
2025-12-01,Cement making,Building,m3,1335.0812211074115
2025-01-21,Foundation pouring,Building,m3,3877.3105143129037
2025-07-01,Ballast,Railway,m3,3445.5056334472774
2025-09-25,Pavement,Road,m2,2195.0169560849963
2025-12-19,Laying steel rail,Railway,m,3800.6269758951325
2025-08-22,Pavement,Road,m2,1905.9898348411032
2025-09-27,Coat preparation,Road,L,2215.412519936232
2025-05-11,Pavement,Road,m2,1976.319844527068
2025-06-11,Removing trees,Building,m2,3948.0383003562297
2025-02-23,Ballast,Railway,m3,403.9599156615092
2025-11-25,Pavement,Road,m2,1939.3226060827328
2025-10-01,Anchorage,Railway,m2,1646.969532781145
2025-09-25,Ballast,Railway,m3,3690.5544092067416
2025-08-15,Removing trees,Building,m2,2111.704499589008
2025-08-23,Anchorage,Railway,m2,2083.172800520722
2025-06-05,Walling,Building,m2,2080.1940054996217
2025-05-27,Pavement,Road,m2,1961.697943783489
2025-10-03,Coat preparation,Road,L,2994.3677655403276
2025-02-13,Terrain leveling,Building,m3,3383.900640990784
2025-04-28,Subbase application,Road,m2,475.7691233279821
2025-08-06,Removing trees,Building,m2,1941.9575182405301
2025-03-08,Pavement,Road,m2,3875.1368650930394
2025-03-04,Ballast,Railway,m3,249.68681316006604
2025-10-16,Terrain leveling,Building,m3,1095.8530934483656
2025-05-19,Rolling/Tractor,Road,m2,2520.187614044007
2025-08-11,Foundation pouring,Building,m3,3294.7307525223828
2025-03-15,Walling,Building,m2,3493.4749300417757
2025-07-13,Terrain leveling,Building,m3,1255.781724275073
2025-10-19,Subbase application,Road,m2,4855.05547148587
2025-09-07,Foundation pouring,Building,m3,1477.2129083253926
2025-09-15,Removing trees,Building,m2,2675.735830548184
2025-04-10,Coat preparation,Road,L,3575.5293982681947
2025-11-21,Anchorage,Railway,m2,434.08419353096474
2025-12-22,Terrain leveling,Building,m3,1556.760980873827
2025-08-03,Subbase application,Road,m2,3411.5518510467496
2025-08-02,Pavement,Road,m2,2943.834067935351
2025-10-20,Pavement,Road,m2,4903.823516877897
2025-02-17,Terrain leveling,Building,m3,4088.1892133775714
2025-06-28,Foundation pouring,Building,m3,919.9415013290901
2025-11-28,Foundation pouring,Building,m3,187.0187008338825
2025-03-09,Removing trees,Building,m2,2164.4027129449923
2025-08-02,Iron mining,Railway,m3,4325.936116782073
2025-02-28,Pavement,Road,m2,1859.9520681209697
2025-04-28,Removing trees,Building,m2,4068.3347236891705
2025-03-28,Foundation pouring,Building,m3,785.1975666568534
2025-11-22,Removing trees,Building,m2,3811.889837259837
2025-05-18,Rolling/Tractor,Road,m2,2108.39593902687
2025-06-06,Laying steel rail,Railway,m,3971.190242447897
2025-04-20,Walling,Building,m2,4705.571692620002
2025-11-17,Anchorage,Railway,m2,3461.842248771562
2025-01-27,Ballast,Railway,m3,3588.2080320613813
2025-01-11,Rolling/Tractor,Road,m2,2440.915190815039
2025-08-10,Anchorage,Railway,m2,2435.6252535443123
2025-07-24,Ballast,Railway,m3,4583.5222443853245
2025-05-02,Cement making,Building,m3,3554.2558111077124
2025-11-11,Anchorage,Railway,m2,4674.753359289894
2025-08-12,Coat preparation,Road,L,3566.6147066239564
2025-11-09,Iron mining,Railway,m3,2096.0780781385047
2025-07-15,Laying steel rail,Railway,m,4885.032738697981
2025-03-30,Subbase application,Road,m2,1058.5638129130182
2025-08-05,Ballast,Railway,m3,3339.1818109690043
2025-09-03,Iron mining,Railway,m3,651.5366880524471
2025-04-12,Walling,Building,m2,914.017220941401
2025-09-08,Foundation pouring,Building,m3,3951.248778369738
2025-05-31,Removing trees,Building,m2,299.7554885992171
2025-01-25,Coat preparation,Road,L,4383.18803078112
2025-10-03,Coat preparation,Road,L,3163.582433258395
2025-04-20,Walling,Building,m2,1114.2177630210315
2025-01-22,Cement making,Building,m3,3701.470042771084
2025-08-23,Rolling/Tractor,Road,m2,4624.000737434667
2025-04-05,Anchorage,Railway,m2,17.19318594512742
2025-10-26,Iron mining,Railway,m3,473.234527263271
2025-03-10,Terrain leveling,Building,m3,1275.6664501310088
2025-06-27,Coat preparation,Road,L,2150.0948806605597
2025-08-13,Anchorage,Railway,m2,3882.227175726324
2025-09-29,Terrain leveling,Building,m3,4283.784029592014
2025-02-13,Anchorage,Railway,m2,4313.522027312393
2025-02-20,Removing trees,Building,m2,1309.9567929112204
2025-02-14,Removing trees,Building,m2,3756.1095733544335
2025-04-11,Subbase application,Road,m2,248.63389533912317
2025-08-31,Foundation pouring,Building,m3,654.5793834718482
2025-05-17,Subbase application,Road,m2,2799.499140992906
2025-12-09,Ballast,Railway,m3,4312.55206699184
2025-12-12,Coat preparation,Road,L,2707.5567758476122
2025-12-22,Anchorage,Railway,m2,2179.922678238324
2025-09-01,Iron mining,Railway,m3,4836.230525704668
2025-02-16,Foundation pouring,Building,m3,1672.5393970061064
2025-05-25,Ballast,Railway,m3,3684.2146164448386
2025-11-11,Walling,Building,m2,1752.4758724775686
2025-04-20,Laying steel rail,Railway,m,4072.7143605442207
2025-05-20,Cement making,Building,m3,4916.3050996838665
2025-07-06,Iron mining,Railway,m3,1334.000773330572
2025-04-18,Foundation pouring,Building,m3,235.37276956593743
2025-03-31,Removing trees,Building,m2,2770.1605806033776
2025-02-27,Rolling/Tractor,Road,m2,1127.895099121034
2025-11-23,Terrain leveling,Building,m3,2189.168610658645
2025-07-30,Ballast,Railway,m3,2251.577859963457
2025-12-12,Removing trees,Building,m2,2527.4076300386987
2025-03-15,Cement making,Building,m3,343.01245907899124
2025-04-23,Subbase application,Road,m2,3543.8695860231273
2025-04-05,Walling,Building,m2,4723.9109140446
2025-03-28,Terrain leveling,Building,m3,2228.7166209180286
2025-07-02,Coat preparation,Road,L,193.6959265041166
2025-03-06,Coat preparation,Road,L,3361.760300235159
2025-02-21,Walling,Building,m2,4954.356081600623
2025-06-05,Cement making,Building,m3,3835.713132200305
2025-07-31,Subbase application,Road,m2,3309.9784673226964
2025-04-03,Rolling/Tractor,Road,m2,2222.6262314496676
2025-10-01,Cement making,Building,m3,65.01318279796497
2025-11-21,Anchorage,Railway,m2,4204.476240714754
2025-05-10,Iron mining,Railway,m3,3649.0303604253754
2025-08-11,Coat preparation,Road,L,52.01265108683961
2025-05-19,Rolling/Tractor,Road,m2,2030.2746911456559
2025-02-07,Laying steel rail,Railway,m,4258.188822748896
2025-03-11,Ballast,Railway,m3,876.3893944823586
2025-02-15,Coat preparation,Road,L,4699.136522500021
2025-03-08,Subbase application,Road,m2,2280.7882533187453
2025-02-06,Ballast,Railway,m3,3588.927339186282
2025-07-03,Coat preparation,Road,L,4721.731566416113
2025-10-20,Pavement,Road,m2,4843.399290205608
2025-01-25,Pavement,Road,m2,1954.492283068191
2025-04-26,Cement making,Building,m3,3899.0826975138066
2025-02-19,Iron mining,Railway,m3,3873.241049130028
2025-01-12,Foundation pouring,Building,m3,1218.6024066096961
2025-11-27,Ballast,Railway,m3,3308.4879286650857
2025-05-16,Removing trees,Building,m2,3623.5673390204647
2025-11-01,Pavement,Road,m2,1459.9854134623458
2025-01-04,Rolling/Tractor,Road,m2,2746.512111136765
2025-04-23,Coat preparation,Road,L,4587.736780552663
2025-05-24,Iron mining,Railway,m3,3598.380558378143
2025-07-19,Foundation pouring,Building,m3,1500.8065780065845
2025-05-23,Coat preparation,Road,L,2867.7057668037437
2025-04-25,Rolling/Tractor,Road,m2,4772.551771746757
2025-02-15,Coat preparation,Road,L,4759.264912304966
2025-09-04,Subbase application,Road,m2,2871.0886935532203
2025-02-28,Pavement,Road,m2,1147.6726061509107
2025-09-07,Subbase application,Road,m2,1096.573612627923
2025-10-24,Subbase application,Road,m2,3566.1011744232255
2025-06-01,Pavement,Road,m2,4355.365095270463
2025-06-22,Foundation pouring,Building,m3,1119.9296659644508
2025-12-18,Ballast,Railway,m3,1040.4031270996788
2025-09-21,Removing trees,Building,m2,4154.356229126858
2025-01-16,Walling,Building,m2,1214.0781714008403
2025-04-07,Anchorage,Railway,m2,2305.4552568918284
2025-01-29,Foundation pouring,Building,m3,1663.2852071945242
2025-07-15,Terrain leveling,Building,m3,3114.308553065138
2025-06-04,Walling,Building,m2,396.90961979220117
2025-11-15,Pavement,Road,m2,2419.0266420127623
2025-06-10,Cement making,Building,m3,2636.2174719582576
2025-11-28,Cement making,Building,m3,3291.9418021878314
2025-05-04,Cement making,Building,m3,3082.9463444027633
2025-02-11,Iron mining,Railway,m3,4938.093420067296
2025-06-07,Laying steel rail,Railway,m,184.5822295317373
2025-09-27,Removing trees,Building,m2,2092.311650648278
2025-11-20,Cement making,Building,m3,4619.552221536078
2025-06-30,Ballast,Railway,m3,2468.602786250083
2025-09-06,Ballast,Railway,m3,2336.8797357247045
2025-07-04,Foundation pouring,Building,m3,2446.8540426957097
2025-02-16,Coat preparation,Road,L,3167.1659210209964
2025-06-26,Foundation pouring,Building,m3,2694.733842039514
2025-01-12,Ballast,Railway,m3,1408.3623206270297
2025-07-17,Ballast,Railway,m3,880.5171767214664
2025-02-08,Pavement,Road,m2,4436.346233847519
2025-11-13,Foundation pouring,Building,m3,1145.786802768418
2025-01-23,Pavement,Road,m2,2524.350970851272
2025-07-30,Foundation pouring,Building,m3,1982.7640967974808
2025-11-25,Anchorage,Railway,m2,826.2393074307045
2025-05-18,Anchorage,Railway,m2,3553.5117662511416
2025-11-24,Laying steel rail,Railway,m,2207.7386648081056
2025-06-19,Subbase application,Road,m2,2048.406976301462
2025-08-12,Anchorage,Railway,m2,4040.2428738939834
2025-12-11,Terrain leveling,Building,m3,206.9517008413252
2025-06-11,Laying steel rail,Railway,m,3618.662467097787
2025-06-08,Coat preparation,Road,L,1709.896624951313
2025-02-09,Rolling/Tractor,Road,m2,864.9928381853628
2025-11-28,Foundation pouring,Building,m3,439.41183602105525
2025-06-17,Pavement,Road,m2,4941.554401790571
2025-08-19,Removing trees,Building,m2,3032.107618753328
2025-04-11,Subbase application,Road,m2,2252.9027613773583
2025-08-20,Foundation pouring,Building,m3,2203.4582064449205
2025-12-04,Ballast,Railway,m3,4665.755047224321
2025-02-23,Walling,Building,m2,783.8206837208417
2025-09-20,Ballast,Railway,m3,1146.3343131786519
2025-12-03,Terrain leveling,Building,m3,4604.886346863881
2025-08-02,Coat preparation,Road,L,2100.6026421710235
2025-01-20,Removing trees,Building,m2,437.02021307251925
2025-02-13,Removing trees,Building,m2,4623.080087547518
2025-09-26,Ballast,Railway,m3,275.3899662601095
2025-02-21,Ballast,Railway,m3,3404.3851751071375
2025-06-04,Subbase application,Road,m2,1875.7869742640132
2025-03-30,Coat preparation,Road,L,928.193241373701
2025-06-12,Anchorage,Railway,m2,4566.199068352564
2025-08-11,Subbase application,Road,m2,2688.771491492775
2025-06-08,Coat preparation,Road,L,2820.981468212282
2025-05-15,Rolling/Tractor,Road,m2,1786.2970561615298
2025-01-25,Subbase application,Road,m2,4741.246985349177
2025-02-18,Subbase application,Road,m2,4386.312671358436
2025-02-08,Removing trees,Building,m2,4595.078238642373
2025-11-14,Terrain leveling,Building,m3,61.36097522256745
2025-06-30,Laying steel rail,Railway,m,4638.461458559338
2025-01-13,Pavement,Road,m2,2038.33112245212
2025-05-20,Coat preparation,Road,L,63.42174581418058
2025-02-13,Subbase application,Road,m2,2347.5307815136325
2025-11-24,Coat preparation,Road,L,3651.568377686278
2025-05-10,Coat preparation,Road,L,4973.992673266417
2025-07-14,Removing trees,Building,m2,4393.843701522435
2025-02-27,Anchorage,Railway,m2,434.95181262719785
2025-01-01,Anchorage,Railway,m2,3362.3326575911324
2025-11-08,Ballast,Railway,m3,3008.5833062007223
2025-12-09,Anchorage,Railway,m2,3675.99131024985
2025-07-17,Removing trees,Building,m2,4798.627024177903
2025-01-15,Pavement,Road,m2,724.4512060110958
2025-03-31,Walling,Building,m2,289.9872674355192
2025-08-11,Ballast,Railway,m3,4434.88363058984
2025-06-27,Iron mining,Railway,m3,2306.200648489918
2025-09-04,Coat preparation,Road,L,3365.350865565716
2025-11-26,Anchorage,Railway,m2,2767.0916716578304
2025-10-23,Cement making,Building,m3,3660.122572241442
2025-08-16,Pavement,Road,m2,4232.162837830025
2025-02-15,Walling,Building,m2,330.935633368446
2025-05-04,Walling,Building,m2,4442.318351609191
2025-04-20,Pavement,Road,m2,4152.85599358216
2025-03-08,Foundation pouring,Building,m3,4401.319705567921
2025-03-16,Foundation pouring,Building,m3,450.86350548400765
2025-07-15,Coat preparation,Road,L,602.7106078434047
2025-09-25,Foundation pouring,Building,m3,3766.9965879895412
2025-10-11,Laying steel rail,Railway,m,863.476046815867
2025-01-01,Cement making,Building,m3,448.22416863145975
2025-01-08,Ballast,Railway,m3,1599.97823438921
2025-10-30,Coat preparation,Road,L,4489.3711735023335
2025-01-07,Anchorage,Railway,m2,2924.1298894269075
2025-01-31,Foundation pouring,Building,m3,957.5279114170976
2025-07-03,Rolling/Tractor,Road,m2,3469.632829032291
2025-11-04,Foundation pouring,Building,m3,3265.38380799729
2025-11-20,Pavement,Road,m2,3622.578449679764
2025-04-01,Terrain leveling,Building,m3,748.7045205659837
2025-04-13,Laying steel rail,Railway,m,1742.8184489997445
2025-12-14,Coat preparation,Road,L,1032.4447455147085
2025-06-18,Anchorage,Railway,m2,859.1870247812411
2025-11-29,Subbase application,Road,m2,2682.348936635002
2025-01-05,Terrain leveling,Building,m3,2211.673704005056
2025-12-28,Walling,Building,m2,4572.826480702727
2025-07-26,Anchorage,Railway,m2,3327.6748033924405
2025-03-25,Laying steel rail,Railway,m,4242.743879986722
2025-02-12,Iron mining,Railway,m3,2160.0337740979035
2025-12-02,Walling,Building,m2,2540.77736907667
2025-01-06,Iron mining,Railway,m3,206.1217590183545
2025-02-05,Subbase application,Road,m2,910.2219810931572
2025-03-02,Laying steel rail,Railway,m,2666.0104692975574
2025-05-05,Anchorage,Railway,m2,2355.6325188435712
2025-09-23,Iron mining,Railway,m3,1202.0034031572807
2025-03-12,Cement making,Building,m3,2143.224777862114
2025-05-27,Rolling/Tractor,Road,m2,2021.4624220667038
2025-01-25,Rolling/Tractor,Road,m2,3583.3296753923205
2025-04-19,Terrain leveling,Building,m3,1031.9111922734885
2025-01-29,Ballast,Railway,m3,2342.953011057182
2025-05-01,Ballast,Railway,m3,2095.59692366936
2025-09-29,Anchorage,Railway,m2,953.1488669657973
2025-09-25,Coat preparation,Road,L,4745.718487142649
2025-05-03,Rolling/Tractor,Road,m2,2869.7894821016985
2025-06-01,Subbase application,Road,m2,3595.91882899866
2025-03-05,Laying steel rail,Railway,m,1274.6612409941072
2025-11-28,Terrain leveling,Building,m3,2477.8020256808695
2025-09-17,Subbase application,Road,m2,970.7203822445159
2025-02-22,Anchorage,Railway,m2,2649.470047312448
2025-09-16,Subbase application,Road,m2,3231.7836192066966
2025-09-19,Ballast,Railway,m3,4224.533223998288
2025-11-12,Cement making,Building,m3,2360.762745606838
2025-05-02,Removing trees,Building,m2,4940.779522518186
2025-01-11,Rolling/Tractor,Road,m2,2336.5029804020883
2025-03-10,Cement making,Building,m3,2107.6022813390377
2025-05-28,Terrain leveling,Building,m3,1178.9511941034636
2025-02-24,Pavement,Road,m2,4800.169254779049
2025-12-02,Foundation pouring,Building,m3,224.24541005150567
2025-11-11,Ballast,Railway,m3,4286.841016559004
2025-06-11,Cement making,Building,m3,4110.722736792088
2025-05-09,Walling,Building,m2,137.04010352585004
2025-10-07,Anchorage,Railway,m2,2966.030819320916
2025-04-03,Subbase application,Road,m2,1234.0625404564225
2025-12-13,Subbase application,Road,m2,4633.577545401789
2025-05-17,Rolling/Tractor,Road,m2,4957.485805484193
2025-08-31,Foundation pouring,Building,m3,2159.468321365913
2025-09-20,Ballast,Railway,m3,1471.0353324568825
2025-07-15,Rolling/Tractor,Road,m2,3601.685755580022
2025-04-17,Terrain leveling,Building,m3,4394.061918114599
2025-12-28,Laying steel rail,Railway,m,241.3094225307094
2025-03-03,Iron mining,Railway,m3,110.06371596197329
2025-05-30,Anchorage,Railway,m2,3737.6432208241176
2025-04-01,Terrain leveling,Building,m3,2707.76140438122
2025-08-25,Subbase application,Road,m2,2738.6928028073953
2025-11-02,Subbase application,Road,m2,4614.74538526331
2025-08-06,Terrain leveling,Building,m3,3045.8770620213354
2025-10-21,Terrain leveling,Building,m3,2598.2273125577835
2025-09-22,Terrain leveling,Building,m3,44.376259370555445
2025-12-14,Pavement,Road,m2,3121.330555160498
2025-05-07,Laying steel rail,Railway,m,702.2300157993017
2025-09-06,Walling,Building,m2,4377.955565575483
2025-12-20,Removing trees,Building,m2,4763.168501984791
2025-04-25,Walling,Building,m2,1427.7073925943134
2025-02-11,Subbase application,Road,m2,3608.054053842362
2025-07-28,Iron mining,Railway,m3,1129.7232024590908
2025-09-05,Laying steel rail,Railway,m,2732.432136014729
2025-11-04,Walling,Building,m2,367.39023565041106
2025-04-01,Coat preparation,Road,L,2524.6703177021805
2025-04-13,Removing trees,Building,m2,873.6987225648235
2025-05-02,Cement making,Building,m3,1468.9508053206707
2025-01-02,Anchorage,Railway,m2,739.9898151346684
2025-11-07,Iron mining,Railway,m3,3525.351773138942
2025-01-24,Cement making,Building,m3,4021.669874560339
2025-06-14,Removing trees,Building,m2,4037.6093342571266
2025-01-10,Laying steel rail,Railway,m,3267.493946231937
2025-01-14,Coat preparation,Road,L,3417.0173485721843
2025-11-29,Anchorage,Railway,m2,3990.552110735289
2025-09-15,Foundation pouring,Building,m3,4174.257470273668
2025-07-19,Cement making,Building,m3,1187.2913716917144
2025-12-13,Laying steel rail,Railway,m,1792.6189529226433
2025-10-27,Pavement,Road,m2,785.8147895501655
2025-07-21,Laying steel rail,Railway,m,4925.785013373022
2025-09-08,Subbase application,Road,m2,3078.2210022879863
2025-11-23,Iron mining,Railway,m3,2477.739799251911
2025-03-09,Laying steel rail,Railway,m,1647.6907725012795
2025-01-04,Cement making,Building,m3,3094.855697012087
2025-06-01,Anchorage,Railway,m2,3345.0306440162713
2025-08-12,Foundation pouring,Building,m3,3331.213503404079
2025-04-19,Pavement,Road,m2,4479.010874819857
2025-06-11,Laying steel rail,Railway,m,394.9082953117278
2025-04-10,Terrain leveling,Building,m3,2459.4832756070373
2025-11-29,Foundation pouring,Building,m3,649.6101366726492
2025-06-29,Pavement,Road,m2,3743.2308224773474
2025-07-28,Removing trees,Building,m2,4432.947249541766
2025-08-07,Laying steel rail,Railway,m,3572.9454332022365
2025-07-28,Walling,Building,m2,2809.2265055361045
2025-08-22,Subbase application,Road,m2,4834.69635604744
2025-12-06,Terrain leveling,Building,m3,3443.311185733777
2025-01-19,Pavement,Road,m2,1475.649823406377
2025-03-07,Coat preparation,Road,L,2256.7560336519164
2025-09-30,Coat preparation,Road,L,1580.4172113121017
2025-06-09,Walling,Building,m2,3095.020819539514
2025-09-29,Walling,Building,m2,4081.921538219026
2025-08-16,Iron mining,Railway,m3,531.1027548848451
2025-02-14,Laying steel rail,Railway,m,2533.5966223846544
2025-08-29,Ballast,Railway,m3,1688.4700002597554
2025-07-16,Subbase application,Road,m2,668.50960828373
2025-05-22,Cement making,Building,m3,2663.84304808997
2025-11-24,Walling,Building,m2,63.8934608475733
2025-09-12,Foundation pouring,Building,m3,1644.1412918047743
2025-10-05,Terrain leveling,Building,m3,4984.769677181985
2025-10-30,Walling,Building,m2,64.627705662324
2025-12-10,Cement making,Building,m3,1937.8649133576214
2025-06-26,Pavement,Road,m2,366.68815624955107
2025-06-05,Cement making,Building,m3,88.79133703886988
2025-02-09,Cement making,Building,m3,4850.3569951019845
2025-11-16,Terrain leveling,Building,m3,3115.269422969982
2025-07-07,Laying steel rail,Railway,m,2342.142534130514
2025-04-05,Cement making,Building,m3,342.6681730052644
2025-03-22,Subbase application,Road,m2,3523.2479266660553
2025-09-10,Cement making,Building,m3,862.8828065435467
2025-01-06,Walling,Building,m2,1694.1677072843354
2025-11-14,Terrain leveling,Building,m3,4422.959092404207
2025-03-11,Cement making,Building,m3,3942.9555918360893
2025-08-01,Subbase application,Road,m2,4007.208125033324
2025-06-23,Cement making,Building,m3,387.19467435759105
2025-04-23,Foundation pouring,Building,m3,1468.9909063532614
2025-02-01,Cement making,Building,m3,1671.6956267645305
2025-09-02,Iron mining,Railway,m3,2210.937703916219
2025-08-05,Ballast,Railway,m3,1819.9387297835801
2025-06-21,Foundation pouring,Building,m3,602.0031954078659
2025-01-21,Rolling/Tractor,Road,m2,4998.857483237799
2025-01-12,Cement making,Building,m3,3565.2489835675233
2025-05-30,Anchorage,Railway,m2,2702.213195218786
2025-06-04,Terrain leveling,Building,m3,2002.2402064447692
2025-03-31,Coat preparation,Road,L,2272.8845479384786
2025-11-09,Ballast,Railway,m3,3540.9964705304033
2025-07-04,Laying steel rail,Railway,m,2851.115466298444
2025-03-20,Coat preparation,Road,L,528.9434450392389
2025-10-15,Iron mining,Railway,m3,583.2377442233222
2025-10-16,Rolling/Tractor,Road,m2,436.5860277138628
2025-11-24,Cement making,Building,m3,2879.5794313793044
2025-09-19,Pavement,Road,m2,509.8013141524132
2025-10-13,Walling,Building,m2,1344.0473737348902
2025-04-05,Walling,Building,m2,1898.793801795271
2025-02-27,Ballast,Railway,m3,3680.948223155137
2025-03-21,Terrain leveling,Building,m3,2811.7651042630982
2025-04-15,Terrain leveling,Building,m3,933.5983763041994
2025-04-28,Coat preparation,Road,L,3875.0218041136263
2025-12-28,Anchorage,Railway,m2,4137.640134556082
2025-08-22,Terrain leveling,Building,m3,2634.2389447682945
2025-03-17,Coat preparation,Road,L,3240.0814668559606
2025-11-06,Subbase application,Road,m2,2481.4548827889366
2025-07-13,Removing trees,Building,m2,4600.138548632186
2025-01-27,Rolling/Tractor,Road,m2,3638.5062319154654
2025-11-21,Foundation pouring,Building,m3,754.0827823670431
2025-10-31,Pavement,Road,m2,741.3131832539588
2025-12-15,Cement making,Building,m3,3394.456622445269
2025-10-09,Ballast,Railway,m3,1043.854410270646
2025-01-08,Coat preparation,Road,L,1732.0739405566976
2025-06-07,Rolling/Tractor,Road,m2,960.86983553003
2025-03-28,Walling,Building,m2,1921.8882912200224
2025-01-26,Terrain leveling,Building,m3,3181.2132650073477
2025-04-13,Coat preparation,Road,L,2932.702476880525
2025-10-20,Iron mining,Railway,m3,4668.129254709137
2025-01-13,Subbase application,Road,m2,814.2703950292723
2025-07-26,Pavement,Road,m2,2699.220959988905
2025-02-11,Removing trees,Building,m2,498.97276581464143
2025-01-16,Ballast,Railway,m3,540.0399274403095
2025-10-18,Pavement,Road,m2,101.1496543649032
2025-09-06,Rolling/Tractor,Road,m2,165.48661746629722
2025-06-30,Foundation pouring,Building,m3,724.4457975443314
2025-04-07,Rolling/Tractor,Road,m2,1588.8401762373887
2025-07-05,Foundation pouring,Building,m3,432.1548771759409
2025-01-04,Rolling/Tractor,Road,m2,4197.417475882647
2025-07-18,Laying steel rail,Railway,m,2700.374807186741
2025-10-15,Anchorage,Railway,m2,1066.6132976845838
2025-02-24,Anchorage,Railway,m2,78.54628845202383
2025-01-07,Iron mining,Railway,m3,3492.331821484481
2025-05-31,Rolling/Tractor,Road,m2,1193.2360933412745
2025-06-11,Iron mining,Railway,m3,2079.3547427327303
2025-08-24,Laying steel rail,Railway,m,3712.322518034182
2025-07-29,Laying steel rail,Railway,m,2205.6785911136976
2025-07-13,Ballast,Railway,m3,548.3967070058637
2025-03-31,Terrain leveling,Building,m3,3777.829541322576
2025-05-30,Coat preparation,Road,L,3829.432722694361
2025-02-25,Iron mining,Railway,m3,1049.0382382735459
2025-01-20,Laying steel rail,Railway,m,3955.7088942369633
2025-06-28,Laying steel rail,Railway,m,2212.2265458203606
2025-03-12,Walling,Building,m2,4145.554559205705
2025-01-09,Terrain leveling,Building,m3,2246.179691746254
2025-10-03,Walling,Building,m2,2046.6003676487614
2025-09-16,Pavement,Road,m2,1501.0916157641618
2025-05-31,Subbase application,Road,m2,1348.5622149350006
2025-07-29,Removing trees,Building,m2,2095.800380107235
2025-06-21,Terrain leveling,Building,m3,519.777288374656
2025-03-29,Ballast,Railway,m3,872.2468998770189
2025-07-20,Iron mining,Railway,m3,2241.223931542957
2025-10-18,Ballast,Railway,m3,343.6764721291485
2025-05-10,Pavement,Road,m2,3313.9397338389185
2025-01-27,Terrain leveling,Building,m3,384.3843722097212
2025-08-01,Anchorage,Railway,m2,2550.8314768694822
2025-02-06,Terrain leveling,Building,m3,864.8048017745969
2025-03-18,Terrain leveling,Building,m3,760.9523670535879
2025-04-27,Rolling/Tractor,Road,m2,2732.7426543783804
2025-11-11,Laying steel rail,Railway,m,1519.3786298058842
2025-03-02,Removing trees,Building,m2,3297.7167214841256
2025-02-10,Cement making,Building,m3,1161.6986503122528
2025-01-07,Foundation pouring,Building,m3,480.7573942560578
2025-02-09,Iron mining,Railway,m3,2818.5700802688407
2025-01-02,Subbase application,Road,m2,258.4973425544357
2025-06-25,Ballast,Railway,m3,4329.3903102712875
2025-01-18,Anchorage,Railway,m2,2341.7993407820004
2025-07-19,Iron mining,Railway,m3,2358.355019199167
2025-04-26,Cement making,Building,m3,4591.144124012981
2025-10-06,Cement making,Building,m3,1841.387949672323
2025-10-26,Rolling/Tractor,Road,m2,3761.0919306373735
2025-07-09,Pavement,Road,m2,2175.8451251253273
2025-04-11,Subbase application,Road,m2,783.7520749590143
2025-08-11,Coat preparation,Road,L,1030.6320417955983
2025-11-26,Iron mining,Railway,m3,1017.6266190078815
2025-01-16,Cement making,Building,m3,1803.3898758858052
2025-01-29,Terrain leveling,Building,m3,4196.611712794515
2025-07-01,Rolling/Tractor,Road,m2,3131.570390922999
2025-12-25,Walling,Building,m2,4379.370237581106
2025-02-16,Foundation pouring,Building,m3,4320.247224415077
2025-03-16,Cement making,Building,m3,1108.659982360214
2025-05-21,Subbase application,Road,m2,473.0062442359534
2025-07-22,Removing trees,Building,m2,4502.285987437436
2025-10-21,Coat preparation,Road,L,3691.6993116470894
2025-12-10,Iron mining,Railway,m3,1792.8248715428786
2025-11-28,Laying steel rail,Railway,m,3181.58387593235
2025-06-12,Walling,Building,m2,2264.665888402307
2025-11-28,Terrain leveling,Building,m3,2992.6300627803153
2025-09-03,Pavement,Road,m2,2878.6555552494096
2025-04-27,Pavement,Road,m2,2524.663264954451
2025-08-27,Removing trees,Building,m2,572.9987273212978
2025-11-14,Cement making,Building,m3,4699.494018084175
2025-08-06,Anchorage,Railway,m2,4152.232083291792
2025-02-13,Subbase application,Road,m2,780.1284723247487
2025-02-18,Terrain leveling,Building,m3,2364.07444615056
2025-10-27,Ballast,Railway,m3,4415.268727008621
2025-12-03,Removing trees,Building,m2,3678.700706601681
2025-01-18,Rolling/Tractor,Road,m2,1373.209622952095
2025-12-19,Walling,Building,m2,2060.2533377115974
2025-05-27,Terrain leveling,Building,m3,3166.3994648190524
2025-02-15,Iron mining,Railway,m3,3711.881345672364
2025-10-16,Removing trees,Building,m2,2966.6901659994483
2025-01-22,Anchorage,Railway,m2,3110.8023491279723
2025-08-08,Ballast,Railway,m3,778.90791077183
2025-08-23,Removing trees,Building,m2,3278.245052912377
2025-04-13,Laying steel rail,Railway,m,2230.9106848236465
2025-07-12,Walling,Building,m2,1971.9312141201217
2025-02-16,Walling,Building,m2,3802.7491832385113
2025-07-16,Anchorage,Railway,m2,1589.1632458167137
2025-03-30,Rolling/Tractor,Road,m2,2153.765269897805
2025-04-21,Iron mining,Railway,m3,3941.633442345122
2025-07-19,Subbase application,Road,m2,1009.1684325046618
2025-08-21,Walling,Building,m2,4545.679465432161
2025-01-31,Ballast,Railway,m3,978.4316296983842
2025-10-28,Removing trees,Building,m2,3672.6684486605627
2025-08-13,Rolling/Tractor,Road,m2,2635.2205525498584
2025-06-10,Coat preparation,Road,L,4554.156714657072
2025-11-06,Ballast,Railway,m3,1177.8593435399748
2025-06-23,Cement making,Building,m3,2937.9919360560757
2025-11-16,Removing trees,Building,m2,1292.7795553540732
2025-06-18,Foundation pouring,Building,m3,1669.0051046653105
2025-05-23,Walling,Building,m2,3290.084457524736
2025-04-15,Coat preparation,Road,L,317.6744792801245
2025-09-12,Laying steel rail,Railway,m,2796.2817784855342
2025-10-20,Terrain leveling,Building,m3,1720.298118376441
2025-06-30,Terrain leveling,Building,m3,947.2248107235798
2025-07-28,Coat preparation,Road,L,1914.8197715761555
2025-08-01,Rolling/Tractor,Road,m2,4094.107000942627
2025-09-15,Foundation pouring,Building,m3,4569.432197701271
2025-01-13,Coat preparation,Road,L,1033.549856764478
2025-07-13,Rolling/Tractor,Road,m2,3990.223342423234
2025-07-15,Rolling/Tractor,Road,m2,3012.9183265853953
2025-04-04,Iron mining,Railway,m3,2965.092277230776
2025-10-06,Anchorage,Railway,m2,1604.3095280303398
2025-05-01,Ballast,Railway,m3,2531.4882558577374
2025-12-03,Terrain leveling,Building,m3,642.4455987400974
2025-12-01,Foundation pouring,Building,m3,4644.631777272644
2025-08-27,Iron mining,Railway,m3,4987.043287729282
2025-02-26,Terrain leveling,Building,m3,1242.039933113258
2025-02-22,Anchorage,Railway,m2,1900.1085062221866
2025-05-26,Laying steel rail,Railway,m,2342.5826049788225
2025-01-24,Iron mining,Railway,m3,4370.882167913809
2025-06-08,Coat preparation,Road,L,3248.96183326906
2025-12-23,Terrain leveling,Building,m3,3120.54433937113
2025-04-04,Ballast,Railway,m3,3228.355796949578
2025-05-10,Removing trees,Building,m2,4166.893315314354
2025-01-13,Rolling/Tractor,Road,m2,2985.7960954723867
2025-05-21,Iron mining,Railway,m3,2414.5150889415568
2025-12-10,Ballast,Railway,m3,999.3017531072745
2025-12-15,Ballast,Railway,m3,2493.806333738077
2025-03-27,Removing trees,Building,m2,3207.432999234561
2025-11-24,Coat preparation,Road,L,4034.8332579409253
2025-05-22,Anchorage,Railway,m2,403.1458983844172
2025-11-22,Laying steel rail,Railway,m,3308.502031649687
2025-05-29,Coat preparation,Road,L,2938.938686895278
2025-09-15,Pavement,Road,m2,2073.864557180201
2025-10-14,Pavement,Road,m2,355.4183512125525
2025-05-09,Rolling/Tractor,Road,m2,959.4286372412181
2025-10-17,Walling,Building,m2,348.6470809984837
2025-10-06,Rolling/Tractor,Road,m2,1497.8206235119112
2025-04-19,Foundation pouring,Building,m3,3052.8494860191395
2025-10-07,Ballast,Railway,m3,1293.6545220894657
2025-03-16,Terrain leveling,Building,m3,68.06700934692434
2025-02-26,Foundation pouring,Building,m3,797.4800101167084
2025-04-01,Cement making,Building,m3,2562.801563003016
2025-04-23,Terrain leveling,Building,m3,894.5521715056349
2025-06-21,Terrain leveling,Building,m3,2357.1363744580044
2025-03-10,Coat preparation,Road,L,403.1293765256327
2025-11-16,Coat preparation,Road,L,2291.6618578004045
2025-07-28,Walling,Building,m2,4567.148071876936
2025-05-26,Cement making,Building,m3,1733.0766473526248
2025-06-01,Anchorage,Railway,m2,4473.438167878713
2025-02-10,Foundation pouring,Building,m3,1501.7204276403056
2025-08-19,Removing trees,Building,m2,821.9633293709705
2025-04-11,Foundation pouring,Building,m3,244.58068594700399
2025-01-30,Removing trees,Building,m2,723.6414765673454
2025-08-05,Laying steel rail,Railway,m,1656.4120414863753
2025-05-25,Ballast,Railway,m3,835.7080296523678
2025-05-16,Ballast,Railway,m3,480.2926568330701
2025-12-25,Foundation pouring,Building,m3,3607.8181027357437
2025-03-27,Iron mining,Railway,m3,3827.8969864217133
2025-07-24,Pavement,Road,m2,3188.4800848633727
2025-10-09,Subbase application,Road,m2,651.5149972625195
2025-04-01,Ballast,Railway,m3,413.2190650146433
2025-07-24,Ballast,Railway,m3,3698.8135810346266
2025-03-08,Pavement,Road,m2,4592.161434923343
2025-07-02,Laying steel rail,Railway,m,3683.8057543382533
2025-08-22,Rolling/Tractor,Road,m2,2661.511579707837
2025-10-10,Removing trees,Building,m2,831.6324369493572
2025-02-11,Laying steel rail,Railway,m,833.4911404400236
2025-04-18,Iron mining,Railway,m3,4190.60141457371
2025-09-02,Coat preparation,Road,L,1642.4706951856576
2025-10-05,Walling,Building,m2,3864.3955757224207
2025-04-15,Iron mining,Railway,m3,2257.8340963192186
2025-07-16,Ballast,Railway,m3,1484.2347861093424
2025-10-30,Laying steel rail,Railway,m,1930.0629704954342
2025-05-23,Subbase application,Road,m2,3120.724830500326
2025-12-18,Subbase application,Road,m2,4315.954914439461
2025-08-12,Walling,Building,m2,3405.6851136770006
2025-09-02,Subbase application,Road,m2,349.03194431010587
2025-05-01,Coat preparation,Road,L,1794.8362968228425
2025-09-18,Iron mining,Railway,m3,986.1429355541445
2025-06-17,Ballast,Railway,m3,4724.131398949303
2025-09-17,Anchorage,Railway,m2,72.00769183803912
2025-11-26,Rolling/Tractor,Road,m2,1388.8969959500203
2025-12-22,Anchorage,Railway,m2,2267.8263931792076
2025-06-25,Laying steel rail,Railway,m,170.8527460888304
2025-04-28,Ballast,Railway,m3,332.82884620323694
2025-02-04,Rolling/Tractor,Road,m2,1440.4151687758203
2025-09-19,Rolling/Tractor,Road,m2,1420.3498427140282
2025-10-16,Laying steel rail,Railway,m,829.2462807765983
2025-11-18,Terrain leveling,Building,m3,1641.17761649492
2025-04-26,Removing trees,Building,m2,2781.45294519253
2025-08-08,Iron mining,Railway,m3,3191.8807848383303
2025-08-01,Foundation pouring,Building,m3,3603.712012611299
2025-10-26,Removing trees,Building,m2,4376.793272701432
2025-10-14,Walling,Building,m2,2619.3042103317252
2025-09-23,Anchorage,Railway,m2,948.4476284460297
2025-09-17,Foundation pouring,Building,m3,1834.8768043975738
2025-01-21,Ballast,Railway,m3,228.44356279530186
2025-02-25,Pavement,Road,m2,3619.8830452851194
2025-11-24,Ballast,Railway,m3,3371.9033779238475
2025-11-11,Terrain leveling,Building,m3,817.1110551266486
2025-08-18,Walling,Building,m2,1123.4981439459723
2025-08-24,Terrain leveling,Building,m3,2910.415579423342
2025-11-14,Rolling/Tractor,Road,m2,248.14569702339307
2025-05-09,Walling,Building,m2,6.5129464273416815
2025-04-07,Iron mining,Railway,m3,4068.360740501036
2025-07-08,Coat preparation,Road,L,497.13483390322887
2025-11-29,Pavement,Road,m2,1813.213908159273
2025-04-14,Removing trees,Building,m2,4083.516559520385
2025-08-26,Ballast,Railway,m3,2688.182228873075
2025-04-13,Laying steel rail,Railway,m,16.52546042713421
2025-06-22,Foundation pouring,Building,m3,2164.924796518396
2025-02-03,Coat preparation,Road,L,2754.0023952289625
2025-04-24,Terrain leveling,Building,m3,2216.189903885314
2025-05-15,Foundation pouring,Building,m3,3005.2692045395343
2025-06-28,Ballast,Railway,m3,4381.493309225174
2025-05-19,Removing trees,Building,m2,4236.269630270916
2025-09-21,Iron mining,Railway,m3,4238.633198307674
2025-01-20,Coat preparation,Road,L,984.3929119734568
2025-04-27,Cement making,Building,m3,3216.1289543439566
2025-10-29,Pavement,Road,m2,4788.451682547848
2025-07-04,Walling,Building,m2,650.759083942013
2025-11-01,Walling,Building,m2,2607.221408483775
2025-12-18,Iron mining,Railway,m3,557.8832000997047
2025-04-21,Iron mining,Railway,m3,1381.9373237771304
2025-03-07,Foundation pouring,Building,m3,3022.396047062942
2025-05-16,Laying steel rail,Railway,m,918.5917160453694
2025-08-13,Pavement,Road,m2,4264.064364178627
2025-06-21,Laying steel rail,Railway,m,1721.0827998479467
2025-01-08,Removing trees,Building,m2,3908.6370487544255
2025-08-27,Removing trees,Building,m2,3414.383433520135
2025-03-15,Anchorage,Railway,m2,2478.3262451993164
2025-02-24,Anchorage,Railway,m2,247.97938524952323
2025-05-03,Iron mining,Railway,m3,571.7787139397723
2025-07-27,Pavement,Road,m2,75.77410729600665
2025-11-06,Walling,Building,m2,3151.0729227535676
2025-02-22,Anchorage,Railway,m2,553.2650025001873
2025-04-11,Laying steel rail,Railway,m,4105.0866049405195
2025-12-26,Foundation pouring,Building,m3,1881.7289572653317
2025-11-21,Terrain leveling,Building,m3,2175.115169617294
2025-09-20,Walling,Building,m2,3739.948858547265
2025-01-21,Laying steel rail,Railway,m,3067.120265141777
2025-05-05,Rolling/Tractor,Road,m2,4476.085876187394
2025-01-19,Walling,Building,m2,3339.549400205268
2025-11-06,Terrain leveling,Building,m3,3756.9387668852223
2025-04-18,Anchorage,Railway,m2,447.2664677647842
2025-04-03,Removing trees,Building,m2,3682.198440912571
2025-03-16,Iron mining,Railway,m3,4188.620838087405
2025-02-09,Iron mining,Railway,m3,4532.444809935216
2025-10-19,Anchorage,Railway,m2,1088.7929857122997
2025-11-14,Walling,Building,m2,1418.4510170755004
2025-02-14,Ballast,Railway,m3,3849.8722148996976
2025-08-16,Subbase application,Road,m2,4894.65186433127
2025-11-16,Ballast,Railway,m3,3595.1496265692836
2025-09-10,Ballast,Railway,m3,2272.0625438194
2025-01-23,Terrain leveling,Building,m3,1967.16677018837
2025-09-04,Removing trees,Building,m2,768.0366174542324
2025-10-30,Removing trees,Building,m2,1238.4056444070295
2025-02-24,Pavement,Road,m2,2536.444558027645
2025-04-07,Laying steel rail,Railway,m,2039.2144494987674
2025-05-06,Subbase application,Road,m2,4978.426416847175
2025-01-13,Rolling/Tractor,Road,m2,475.62935455268905
2025-10-25,Terrain leveling,Building,m3,4908.984367683923
2025-09-19,Coat preparation,Road,L,2723.019569093889
2025-05-20,Terrain leveling,Building,m3,3188.3775825910498
2025-06-08,Terrain leveling,Building,m3,3359.6776002280885
2025-01-29,Terrain leveling,Building,m3,3281.472451302214
2025-08-23,Walling,Building,m2,2014.2054144508963
2025-10-12,Walling,Building,m2,16.67440262694553
2025-01-19,Iron mining,Railway,m3,1405.2782190995933
2025-12-14,Foundation pouring,Building,m3,3134.4968108493836
2025-06-07,Rolling/Tractor,Road,m2,1662.463642212284
2025-06-23,Anchorage,Railway,m2,2271.728098252027
2025-05-08,Pavement,Road,m2,3339.451276803505
2025-05-25,Anchorage,Railway,m2,3969.977645564529
2025-10-26,Ballast,Railway,m3,2720.411072057211
2025-08-06,Iron mining,Railway,m3,1448.3821526665547
2025-02-17,Cement making,Building,m3,2627.231502459188
2025-07-19,Ballast,Railway,m3,982.6166963215643
2025-04-19,Anchorage,Railway,m2,2757.929802779214
2025-01-06,Iron mining,Railway,m3,201.10527291028413
2025-10-18,Walling,Building,m2,2719.313678666314
2025-07-08,Foundation pouring,Building,m3,3781.390585469497
2025-08-13,Subbase application,Road,m2,1001.6023234435728
2025-04-04,Foundation pouring,Building,m3,2413.7811202047333
2025-06-25,Iron mining,Railway,m3,3617.663406460774
2025-12-02,Removing trees,Building,m2,426.31199129190276
2025-08-23,Terrain leveling,Building,m3,4480.1447523901215
2025-10-07,Terrain leveling,Building,m3,3737.2798037240655
2025-10-04,Removing trees,Building,m2,2598.2934697888345
2025-10-10,Subbase application,Road,m2,343.5433714435671
2025-05-29,Terrain leveling,Building,m3,1171.7787637847855
2025-02-26,Laying steel rail,Railway,m,4060.724011465322
2025-03-25,Cement making,Building,m3,4767.323315992931
2025-09-01,Coat preparation,Road,L,4823.541360312091
2025-07-19,Ballast,Railway,m3,158.27226288165573
2025-06-09,Removing trees,Building,m2,320.83681223133044
2025-05-20,Terrain leveling,Building,m3,557.10410216183
2025-09-27,Anchorage,Railway,m2,3792.2656390321154
2025-01-22,Walling,Building,m2,3892.918808009246
2025-06-09,Cement making,Building,m3,2335.9862788748455
2025-08-24,Walling,Building,m2,2293.602022302861
2025-11-15,Terrain leveling,Building,m3,2374.586877514308
2025-04-16,Anchorage,Railway,m2,3886.0133183190464
2025-03-30,Rolling/Tractor,Road,m2,977.5208766248727
2025-09-18,Rolling/Tractor,Road,m2,584.4011166489405
2025-07-07,Pavement,Road,m2,441.88105536867306
2025-12-12,Iron mining,Railway,m3,3401.422413972976
2025-03-22,Rolling/Tractor,Road,m2,1960.7093457709402
2025-06-23,Ballast,Railway,m3,3488.5973787639773
2025-10-19,Rolling/Tractor,Road,m2,2852.3950049506407
2025-11-10,Cement making,Building,m3,4141.6345826354645
2025-04-22,Subbase application,Road,m2,4851.083948616818
2025-02-25,Laying steel rail,Railway,m,2235.5220549964333
2025-04-03,Ballast,Railway,m3,2453.3249135707906
2025-10-22,Rolling/Tractor,Road,m2,3376.217268078395
2025-04-11,Subbase application,Road,m2,539.2061970746603
2025-05-20,Laying steel rail,Railway,m,1658.645900154117
2025-10-29,Walling,Building,m2,2117.647966297421
2025-11-23,Cement making,Building,m3,3539.894055555182
2025-06-01,Coat preparation,Road,L,1437.8530733884477
2025-03-12,Walling,Building,m2,1504.1781110570296
2025-04-12,Foundation pouring,Building,m3,1136.5981090873784
2025-05-05,Iron mining,Railway,m3,2991.4961876957873
2025-05-12,Anchorage,Railway,m2,2000.3482008867852
2025-10-21,Pavement,Road,m2,1360.791603484679
2025-09-02,Removing trees,Building,m2,180.28222487287638
2025-07-16,Cement making,Building,m3,4383.831978494942
2025-01-30,Rolling/Tractor,Road,m2,2847.239618119329
2025-07-09,Rolling/Tractor,Road,m2,2137.566146372376
2025-07-03,Subbase application,Road,m2,2774.2796551829424
2025-10-31,Rolling/Tractor,Road,m2,947.053885900917
2025-09-30,Subbase application,Road,m2,4820.750181949571
2025-09-28,Laying steel rail,Railway,m,791.6587131817571
2025-04-02,Walling,Building,m2,4819.173997292552
2025-02-25,Pavement,Road,m2,934.3966353863248
2025-12-06,Iron mining,Railway,m3,4662.406294292352
2025-06-13,Subbase application,Road,m2,2375.3704589432377
2025-02-10,Iron mining,Railway,m3,2102.8147724699975
2025-03-26,Terrain leveling,Building,m3,1519.1937213602696
2025-08-21,Coat preparation,Road,L,1728.9740647972885
2025-03-30,Coat preparation,Road,L,4434.198597337029
2025-09-10,Subbase application,Road,m2,4021.7092940218554
2025-12-03,Coat preparation,Road,L,565.8733708838475
2025-12-09,Laying steel rail,Railway,m,225.31170486479846
2025-03-15,Laying steel rail,Railway,m,3343.121179445544
2025-08-10,Pavement,Road,m2,4838.297021637693
2025-05-18,Foundation pouring,Building,m3,2925.170977002541
2025-07-09,Terrain leveling,Building,m3,3839.969634905991
2025-08-14,Removing trees,Building,m2,317.7785636578273
2025-05-16,Subbase application,Road,m2,1754.95852990889
2025-10-04,Walling,Building,m2,2225.085167049968
2025-12-11,Coat preparation,Road,L,4420.351271952346
2025-08-24,Coat preparation,Road,L,1580.3808816426363
2025-10-23,Laying steel rail,Railway,m,1883.4647552904705
2025-05-26,Iron mining,Railway,m3,4544.143625583983
2025-08-28,Coat preparation,Road,L,3418.969718180744
2025-09-16,Iron mining,Railway,m3,2497.0817269941704
2025-12-02,Rolling/Tractor,Road,m2,2830.17345672725
2025-12-14,Iron mining,Railway,m3,1862.3345538449475
2025-07-01,Walling,Building,m2,4280.813270287753
2025-06-09,Anchorage,Railway,m2,4434.22542443508
2025-04-19,Cement making,Building,m3,4102.62890518159
2025-06-10,Terrain leveling,Building,m3,787.5970140275195
2025-04-07,Iron mining,Railway,m3,724.0617171049151
2025-08-19,Laying steel rail,Railway,m,605.2869554295859
2025-08-25,Terrain leveling,Building,m3,3872.326498064857
2025-08-05,Terrain leveling,Building,m3,752.0544122017958
2025-01-12,Subbase application,Road,m2,4992.3679652843575
2025-08-10,Walling,Building,m2,3298.4893829525918
2025-05-10,Removing trees,Building,m2,2801.251970973412
2025-03-20,Subbase application,Road,m2,662.2130148613076
2025-01-18,Cement making,Building,m3,1626.649786404601
2025-11-21,Pavement,Road,m2,4586.996877467712
2025-11-05,Walling,Building,m2,3656.4088602310794
2025-09-12,Anchorage,Railway,m2,3871.137258749716
2025-10-14,Coat preparation,Road,L,1117.8096613003252
2025-03-02,Walling,Building,m2,929.2446565797602
2025-08-13,Iron mining,Railway,m3,2296.8967541782713
2025-02-04,Ballast,Railway,m3,3318.1519765347034
2025-03-03,Laying steel rail,Railway,m,3959.0307413928126
2025-10-20,Pavement,Road,m2,3966.383739612462
2025-10-18,Walling,Building,m2,2322.2090268872594
2025-06-29,Laying steel rail,Railway,m,1752.9117258062743
2025-02-21,Coat preparation,Road,L,4117.270068715711
2025-03-17,Subbase application,Road,m2,316.97981735236914
2025-09-25,Removing trees,Building,m2,2218.263325054455
2025-09-06,Ballast,Railway,m3,1125.7153014754035
2025-11-06,Ballast,Railway,m3,1788.2997327329158
2025-07-28,Cement making,Building,m3,2256.020761597618
2025-08-02,Removing trees,Building,m2,229.28827184319323
2025-05-06,Foundation pouring,Building,m3,484.73407481528676
2025-02-01,Removing trees,Building,m2,3488.121044531829
2025-07-15,Ballast,Railway,m3,3845.951431572122
2025-11-13,Ballast,Railway,m3,3419.032952375609
2025-02-14,Removing trees,Building,m2,3073.3591815869854
2025-02-11,Subbase application,Road,m2,3065.804943736941
2025-06-23,Anchorage,Railway,m2,3361.868741310739
2025-12-18,Subbase application,Road,m2,3463.8731213440633
2025-04-14,Subbase application,Road,m2,767.165356748673
2025-02-25,Iron mining,Railway,m3,98.78656796820596
2025-12-02,Foundation pouring,Building,m3,2721.172869166924
2025-11-07,Anchorage,Railway,m2,2643.2382661590514
2025-07-22,Subbase application,Road,m2,2530.025718175794
2025-05-21,Removing trees,Building,m2,2351.3710319756615
2025-01-09,Ballast,Railway,m3,3089.8856684259486
2025-11-24,Walling,Building,m2,4259.3824061187515
2025-02-12,Rolling/Tractor,Road,m2,3202.7004557744585
2025-01-04,Cement making,Building,m3,1540.6815959846942
2025-05-12,Walling,Building,m2,2893.5117963915936
2025-04-12,Rolling/Tractor,Road,m2,2328.8778244777823
2025-07-01,Iron mining,Railway,m3,4664.763483375418
2025-01-12,Walling,Building,m2,1561.5091184528358
2025-01-08,Ballast,Railway,m3,109.72921054920148
2025-07-07,Terrain leveling,Building,m3,842.308722755305
2025-07-09,Cement making,Building,m3,3232.0198159736924
2025-06-03,Pavement,Road,m2,572.4980699859411
2025-01-15,Rolling/Tractor,Road,m2,4963.364883881325
2025-11-12,Ballast,Railway,m3,3186.4942426829552
2025-01-19,Ballast,Railway,m3,66.60252071191141
2025-12-18,Walling,Building,m2,2940.832114797938
2025-11-23,Ballast,Railway,m3,1981.019868143502
2025-08-08,Terrain leveling,Building,m3,2465.173323031923
2025-09-11,Coat preparation,Road,L,385.7320618123039
2025-06-09,Cement making,Building,m3,3981.0549363248265
2025-11-27,Terrain leveling,Building,m3,1793.376865086337
2025-11-25,Ballast,Railway,m3,3439.4339444028856
2025-03-12,Ballast,Railway,m3,2357.655804625091
2025-12-06,Walling,Building,m2,4705.894719098795
2025-10-17,Removing trees,Building,m2,3097.6338797267017
2025-11-28,Terrain leveling,Building,m3,1638.2708607550394
2025-06-02,Removing trees,Building,m2,2769.5758162061848
2025-11-27,Coat preparation,Road,L,432.93159504530445
2025-12-15,Subbase application,Road,m2,3810.6742279864575
2025-07-15,Removing trees,Building,m2,4862.508549462133
2025-08-15,Cement making,Building,m3,3842.4141309929278
2025-02-10,Coat preparation,Road,L,1060.6763120349033
2025-02-28,Iron mining,Railway,m3,2655.4949774609586
2025-10-28,Removing trees,Building,m2,1821.926106723829
2025-07-26,Coat preparation,Road,L,3951.0494856790506
2025-09-18,Removing trees,Building,m2,2141.1055510360698
2025-08-29,Cement making,Building,m3,3229.0820534715244
2025-04-16,Ballast,Railway,m3,2005.7752502815863
2025-10-24,Foundation pouring,Building,m3,4486.203291977616
2025-02-13,Anchorage,Railway,m2,4532.9254506335055
2025-12-01,Coat preparation,Road,L,1999.3329197864962
2025-03-26,Walling,Building,m2,90.97880060239261
2025-07-01,Foundation pouring,Building,m3,665.4383967855621
2025-05-07,Rolling/Tractor,Road,m2,1420.80917443423
2025-03-14,Terrain leveling,Building,m3,4671.792159870845
2025-01-19,Subbase application,Road,m2,2240.1560801443575
2025-05-06,Pavement,Road,m2,765.7733012080475
2025-08-16,Ballast,Railway,m3,4830.585420654994
2025-07-04,Iron mining,Railway,m3,1953.8789815529212
2025-08-17,Subbase application,Road,m2,533.2158073396009
2025-10-27,Walling,Building,m2,1009.2077180231296
2025-08-27,Ballast,Railway,m3,4458.827350278768
2025-05-26,Ballast,Railway,m3,924.9516258111595
2025-05-11,Rolling/Tractor,Road,m2,511.61383467036745
2025-08-02,Laying steel rail,Railway,m,2184.986771730851
2025-01-21,Ballast,Railway,m3,4667.5188371245495
2025-03-28,Subbase application,Road,m2,1994.9646519201153
2025-10-13,Foundation pouring,Building,m3,393.4714035307457
2025-06-11,Laying steel rail,Railway,m,4038.7294710706938
2025-12-19,Laying steel rail,Railway,m,870.4541652555581
2025-07-04,Subbase application,Road,m2,3802.6410802321448
2025-11-03,Terrain leveling,Building,m3,3940.604140102484
2025-05-10,Anchorage,Railway,m2,4498.576995055673
2025-03-01,Foundation pouring,Building,m3,4257.750046211449
2025-10-30,Terrain leveling,Building,m3,4365.9958438974245
2025-07-03,Iron mining,Railway,m3,2225.1105772771157
2025-12-08,Walling,Building,m2,2942.3132949237133
2025-11-11,Foundation pouring,Building,m3,3868.326723496309
2025-03-23,Rolling/Tractor,Road,m2,1353.7097828292387
2025-01-10,Removing trees,Building,m2,2653.5220630464505
2025-02-20,Foundation pouring,Building,m3,4936.943308014599
2025-06-10,Rolling/Tractor,Road,m2,2427.444770836163
2025-02-16,Cement making,Building,m3,2495.2677109531633
2025-05-03,Removing trees,Building,m2,1560.618439364737
2025-08-24,Pavement,Road,m2,203.5083354410666
2025-04-15,Iron mining,Railway,m3,2117.354202020298
2025-08-20,Rolling/Tractor,Road,m2,3890.938783650881
2025-11-28,Walling,Building,m2,4482.86249449715
2025-11-19,Iron mining,Railway,m3,974.9524703691653
2025-08-26,Walling,Building,m2,3543.845343424714
2025-03-17,Laying steel rail,Railway,m,4319.591517746404
2025-03-23,Laying steel rail,Railway,m,863.0111881119384
2025-01-01,Rolling/Tractor,Road,m2,4423.646929701481
2025-11-03,Foundation pouring,Building,m3,599.9638513128602
2025-12-16,Walling,Building,m2,2572.998179291549
2025-01-28,Pavement,Road,m2,2422.811473447629
2025-08-24,Foundation pouring,Building,m3,437.71583780611246
2025-12-05,Removing trees,Building,m2,710.3798878562734
2025-07-18,Pavement,Road,m2,2369.700485805296
2025-06-20,Subbase application,Road,m2,1769.7887082218422
2025-12-28,Anchorage,Railway,m2,4721.596973397467
2025-05-29,Subbase application,Road,m2,4065.8787361211325
2025-04-02,Rolling/Tractor,Road,m2,519.6690466025606
2025-02-11,Anchorage,Railway,m2,4976.990327869552
2025-05-21,Walling,Building,m2,1986.3098239095361
2025-03-21,Foundation pouring,Building,m3,1927.1645763344102
2025-11-13,Iron mining,Railway,m3,3722.9053533987426
2025-07-17,Cement making,Building,m3,3891.147486991999
2025-11-14,Iron mining,Railway,m3,4878.692634835978
2025-05-28,Coat preparation,Road,L,2890.648959213919
2025-06-14,Coat preparation,Road,L,2690.7989398355217
2025-10-02,Foundation pouring,Building,m3,785.0673769228189
2025-10-27,Removing trees,Building,m2,1276.40902596867
2025-01-22,Subbase application,Road,m2,2166.118180044725
2025-11-01,Subbase application,Road,m2,4178.465788114711
2025-07-11,Subbase application,Road,m2,4674.173220412103
2025-04-29,Coat preparation,Road,L,646.8125762008675
2025-05-30,Terrain leveling,Building,m3,2417.1541061655043
2025-06-28,Removing trees,Building,m2,2009.4579186088158
2025-12-06,Laying steel rail,Railway,m,164.9594074591243
2025-03-15,Coat preparation,Road,L,4332.800737554736
2025-12-12,Removing trees,Building,m2,559.9068099835058
2025-09-29,Removing trees,Building,m2,2261.149099197164
2025-04-19,Anchorage,Railway,m2,1094.729818098163
2025-11-08,Walling,Building,m2,4887.572849701846
2025-11-21,Iron mining,Railway,m3,3104.2951148845173
2025-04-03,Coat preparation,Road,L,459.7654454752326
2025-08-15,Walling,Building,m2,2457.339941104295
2025-03-07,Anchorage,Railway,m2,932.7503344848164
2025-10-20,Pavement,Road,m2,3153.9379550614203
2025-11-01,Cement making,Building,m3,4908.442648925202
2025-09-12,Coat preparation,Road,L,188.7661539979113
2025-02-10,Coat preparation,Road,L,1460.6056781746972
2025-04-12,Rolling/Tractor,Road,m2,57.095058834090715
2025-08-31,Cement making,Building,m3,139.8570203791727
2025-04-11,Foundation pouring,Building,m3,4309.173189475808
2025-05-16,Rolling/Tractor,Road,m2,2041.183761161678
2025-03-07,Coat preparation,Road,L,2920.6227196952677
2025-12-23,Ballast,Railway,m3,2946.8909257986766
2025-05-01,Iron mining,Railway,m3,1684.7576070919579
2025-04-09,Iron mining,Railway,m3,28.890132917450128
2025-09-04,Subbase application,Road,m2,1762.427531952171
2025-03-21,Walling,Building,m2,500.4576497789792
2025-02-15,Coat preparation,Road,L,282.9923902009562
2025-03-11,Laying steel rail,Railway,m,1590.6592488636168
2025-05-20,Pavement,Road,m2,4985.12503271566
2025-09-17,Ballast,Railway,m3,713.0237160667563
2025-09-11,Cement making,Building,m3,2249.001168575164
2025-11-06,Pavement,Road,m2,199.10535953371055
2025-11-14,Anchorage,Railway,m2,4104.591118389843
2025-08-12,Iron mining,Railway,m3,4249.532768609264
2025-09-17,Terrain leveling,Building,m3,3428.6424271204555
2025-12-27,Terrain leveling,Building,m3,4149.09490275519
2025-08-10,Walling,Building,m2,1261.815872986915
2025-12-26,Anchorage,Railway,m2,424.3464481224213
2025-10-22,Cement making,Building,m3,2105.484177227888
2025-07-06,Subbase application,Road,m2,4664.974786006574
2025-07-01,Rolling/Tractor,Road,m2,1984.94882134103
2025-06-22,Iron mining,Railway,m3,653.4844951697482
2025-05-28,Iron mining,Railway,m3,4704.203601950706
2025-09-27,Anchorage,Railway,m2,1268.2208991787186
2025-08-25,Iron mining,Railway,m3,4950.652289395388
2025-02-05,Cement making,Building,m3,3155.85918355227
2025-07-23,Anchorage,Railway,m2,1042.0438575867436
2025-09-01,Anchorage,Railway,m2,2271.56939332398
2025-06-18,Foundation pouring,Building,m3,2119.850971334344
2025-03-07,Subbase application,Road,m2,1215.3616391942
2025-09-26,Foundation pouring,Building,m3,1382.8169450772393
2025-08-19,Coat preparation,Road,L,555.7258729767861
2025-11-30,Pavement,Road,m2,1592.6996703844675
2025-07-18,Terrain leveling,Building,m3,4527.575441123318
2025-05-20,Iron mining,Railway,m3,2064.537387348403
2025-01-25,Pavement,Road,m2,3168.539265189929
2025-01-22,Laying steel rail,Railway,m,1841.0608980423854
2025-04-26,Laying steel rail,Railway,m,3960.552945060831
2025-11-15,Rolling/Tractor,Road,m2,832.1287150635376
2025-06-05,Anchorage,Railway,m2,2764.0664971759143
2025-09-27,Rolling/Tractor,Road,m2,4634.01521530022
2025-12-24,Walling,Building,m2,4458.506992220059
2025-01-25,Terrain leveling,Building,m3,2210.7408979618776
2025-08-05,Iron mining,Railway,m3,4470.242204947549
2025-04-20,Removing trees,Building,m2,4972.901625208924
2025-05-11,Subbase application,Road,m2,3810.432027650628
2025-07-06,Pavement,Road,m2,2303.073692236779
2025-05-25,Laying steel rail,Railway,m,3438.9072643313457
2025-04-08,Foundation pouring,Building,m3,4697.112217565886
2025-05-11,Terrain leveling,Building,m3,1592.5855532431194
2025-09-18,Ballast,Railway,m3,1285.6966505550693
2025-12-20,Iron mining,Railway,m3,1090.7382264665093
2025-06-11,Pavement,Road,m2,2110.342462967354
2025-06-17,Subbase application,Road,m2,2774.4222534691776
2025-01-01,Iron mining,Railway,m3,614.7151021992158
2025-03-10,Removing trees,Building,m2,1920.1610737379483
2025-05-07,Iron mining,Railway,m3,3009.2239687659976
2025-11-24,Subbase application,Road,m2,4251.989115357647
2025-04-02,Anchorage,Railway,m2,530.2254872994339
2025-02-07,Laying steel rail,Railway,m,2671.6179248098233
2025-09-29,Anchorage,Railway,m2,3872.244539461805
2025-07-28,Removing trees,Building,m2,4940.951924436533
2025-07-26,Coat preparation,Road,L,1871.8610353970755
2025-12-27,Cement making,Building,m3,1738.5987141413466
2025-04-03,Subbase application,Road,m2,686.5853662892912
2025-09-10,Rolling/Tractor,Road,m2,1023.341490169839
2025-11-20,Walling,Building,m2,4484.32644531464
2025-03-31,Rolling/Tractor,Road,m2,3770.6349117899204
2025-11-08,Walling,Building,m2,1953.983363733332
2025-03-18,Removing trees,Building,m2,2497.7655955219598
2025-10-30,Anchorage,Railway,m2,2602.1747888137297
2025-10-04,Pavement,Road,m2,2700.995573727224
2025-03-06,Anchorage,Railway,m2,1823.9514433931158
2025-11-01,Laying steel rail,Railway,m,332.25441359458654
2025-07-22,Laying steel rail,Railway,m,557.1783607900038
2025-04-17,Pavement,Road,m2,729.1098379413058
2025-06-21,Iron mining,Railway,m3,4053.667946070322
2025-08-06,Removing trees,Building,m2,262.0637835261824
2025-01-19,Cement making,Building,m3,4949.499331195169
2025-06-13,Coat preparation,Road,L,1206.7851943919084
2025-09-29,Anchorage,Railway,m2,4588.571537637861
2025-07-06,Laying steel rail,Railway,m,4611.680823745565
2025-02-25,Iron mining,Railway,m3,2065.46590921811
2025-10-05,Rolling/Tractor,Road,m2,4886.074509639058
2025-02-10,Cement making,Building,m3,4996.174903061654
2025-01-10,Coat preparation,Road,L,2450.936935440869
2025-10-10,Removing trees,Building,m2,1810.113057104209
2025-06-23,Subbase application,Road,m2,1589.187145255432
2025-02-08,Walling,Building,m2,767.8378322663771
2025-06-14,Foundation pouring,Building,m3,919.5474257649295
2025-01-30,Iron mining,Railway,m3,1751.745915245792
2025-05-06,Iron mining,Railway,m3,3057.12678938722
2025-02-26,Iron mining,Railway,m3,2629.21554618273
2025-08-18,Pavement,Road,m2,1672.5640882957143
2025-11-21,Rolling/Tractor,Road,m2,2048.6375154991847
2025-11-16,Walling,Building,m2,2523.7796147311365
2025-03-19,Walling,Building,m2,469.82635317754097
2025-08-10,Pavement,Road,m2,1111.136239758127
2025-07-17,Cement making,Building,m3,4044.574627151445
2025-02-06,Rolling/Tractor,Road,m2,2445.962515579269
2025-06-20,Pavement,Road,m2,3315.6565790741925
2025-12-18,Pavement,Road,m2,1368.6447338789892
2025-02-12,Iron mining,Railway,m3,2180.3134958226187
2025-11-18,Terrain leveling,Building,m3,3797.484009848492
2025-06-26,Foundation pouring,Building,m3,4925.9511304728185
2025-01-17,Terrain leveling,Building,m3,921.6834310155142
2025-06-08,Iron mining,Railway,m3,572.113912869292
2025-08-16,Foundation pouring,Building,m3,3406.555092501808
2025-04-19,Foundation pouring,Building,m3,3096.3108749744324
2025-01-05,Subbase application,Road,m2,4188.5309302277365
2025-07-12,Cement making,Building,m3,2156.3664925717367
2025-10-29,Laying steel rail,Railway,m,4980.931254338049
2025-11-25,Walling,Building,m2,1594.9472602920812
2025-04-19,Cement making,Building,m3,3564.663740328882
2025-11-17,Ballast,Railway,m3,4690.9346511309095
2025-10-26,Rolling/Tractor,Road,m2,4723.95058875849
2025-04-03,Coat preparation,Road,L,1847.4188477069647
2025-07-20,Pavement,Road,m2,25.532010322487643
2025-09-24,Ballast,Railway,m3,4139.178937164688
2025-09-13,Subbase application,Road,m2,3797.1777819803565
2025-02-23,Coat preparation,Road,L,2017.4045072400916
2025-10-20,Rolling/Tractor,Road,m2,4701.229968424549
2025-09-25,Anchorage,Railway,m2,2041.7378450949275
2025-01-14,Laying steel rail,Railway,m,2331.647094987286
2025-07-15,Terrain leveling,Building,m3,4007.038489558642
2025-01-24,Iron mining,Railway,m3,3695.856284926572
2025-07-25,Foundation pouring,Building,m3,4403.988094658895
2025-09-16,Ballast,Railway,m3,3229.7409539806476
2025-07-06,Coat preparation,Road,L,4120.068412465734
2025-02-03,Rolling/Tractor,Road,m2,1886.276540126306
2025-08-09,Cement making,Building,m3,393.70923609070627
2025-09-29,Anchorage,Railway,m2,3633.5277809229
2025-10-07,Anchorage,Railway,m2,694.562466034288
2025-06-30,Iron mining,Railway,m3,3490.662276269403
2025-08-14,Pavement,Road,m2,4753.82913755084
2025-08-14,Removing trees,Building,m2,2662.9214125834137
2025-07-20,Removing trees,Building,m2,1919.1288713147542
2025-10-26,Iron mining,Railway,m3,2846.5943298427746
2025-03-10,Walling,Building,m2,3289.229546721739
2025-01-20,Laying steel rail,Railway,m,848.3155458607067
2025-01-13,Anchorage,Railway,m2,4297.581495663717
2025-08-13,Removing trees,Building,m2,3081.6854813886484
2025-12-08,Ballast,Railway,m3,1084.4407668446986
2025-10-30,Anchorage,Railway,m2,4597.382434964779
2025-09-27,Foundation pouring,Building,m3,1821.7127358361652
2025-12-01,Pavement,Road,m2,3196.587077844076
2025-12-28,Foundation pouring,Building,m3,3250.656689748126
2025-08-21,Cement making,Building,m3,3044.5185163094916
2025-01-10,Anchorage,Railway,m2,2850.3132616635016
2025-11-03,Foundation pouring,Building,m3,510.9116744616432
2025-08-05,Ballast,Railway,m3,2985.854121964937
2025-05-28,Removing trees,Building,m2,4733.953762363885
2025-08-22,Terrain leveling,Building,m3,974.8029020075666
2025-05-15,Coat preparation,Road,L,447.0176592565511
2025-10-14,Laying steel rail,Railway,m,1560.8995760493672
2025-12-21,Walling,Building,m2,2783.834992694508
2025-05-28,Cement making,Building,m3,2777.8144072488044
2025-08-23,Cement making,Building,m3,4244.76293320546
2025-02-02,Walling,Building,m2,4517.381269366069
2025-06-24,Terrain leveling,Building,m3,4468.629633215098
2025-04-18,Laying steel rail,Railway,m,4360.798537061493
2025-05-13,Subbase application,Road,m2,2412.2527843539974
2025-03-27,Removing trees,Building,m2,2879.5021305139076
2025-11-22,Cement making,Building,m3,4540.98654010461
2025-10-02,Walling,Building,m2,4830.194749638938
2025-01-04,Laying steel rail,Railway,m,2523.267957469556
2025-10-01,Pavement,Road,m2,2542.7244957024564
2025-11-07,Subbase application,Road,m2,1091.7295755764067
2025-11-12,Foundation pouring,Building,m3,3588.9384224903097
2025-12-15,Cement making,Building,m3,4371.474950867704
2025-08-25,Foundation pouring,Building,m3,4205.956515857323
2025-11-18,Pavement,Road,m2,3317.948458244317
2025-09-19,Anchorage,Railway,m2,4281.05361148486
2025-07-20,Ballast,Railway,m3,3484.6832748823285
2025-07-30,Coat preparation,Road,L,261.92295618165775
2025-08-12,Foundation pouring,Building,m3,2234.1903092584294
2025-10-16,Foundation pouring,Building,m3,1581.804042515601
2025-05-23,Rolling/Tractor,Road,m2,589.3302641466491
2025-11-07,Ballast,Railway,m3,3951.963912445267
2025-08-23,Cement making,Building,m3,3120.545245250375
2025-04-01,Removing trees,Building,m2,2714.35513233517
2025-03-16,Anchorage,Railway,m2,4796.035001777456
2025-03-06,Ballast,Railway,m3,4826.857270664855
2025-02-05,Rolling/Tractor,Road,m2,2353.9573502023
2025-11-13,Subbase application,Road,m2,3606.122493701546
2025-08-30,Pavement,Road,m2,2051.481504683691
2025-06-09,Walling,Building,m2,3134.361891375959
2025-10-22,Walling,Building,m2,1215.3813708678701
2025-01-08,Foundation pouring,Building,m3,4973.9628686507585
2025-08-15,Walling,Building,m2,2770.0498776768254
2025-10-03,Pavement,Road,m2,4177.029623966252
2025-08-14,Subbase application,Road,m2,305.44641839728047
2025-02-16,Pavement,Road,m2,1347.0870748440127
2025-02-22,Pavement,Road,m2,3520.5342020223507
2025-01-15,Rolling/Tractor,Road,m2,1950.4371386802804
2025-11-08,Cement making,Building,m3,335.07434034609815
2025-06-16,Walling,Building,m2,1100.0518488362886
2025-09-28,Anchorage,Railway,m2,2198.9440867159187
2025-05-20,Ballast,Railway,m3,4482.338435545946
2025-09-08,Coat preparation,Road,L,3285.0415655057514
2025-05-14,Coat preparation,Road,L,2975.4152230329328
2025-03-16,Laying steel rail,Railway,m,4267.8055043419445
2025-05-25,Walling,Building,m2,1247.3419345949078
2025-08-09,Cement making,Building,m3,2249.76084883699
2025-11-28,Pavement,Road,m2,4326.6159703599415
2025-02-04,Foundation pouring,Building,m3,4385.538696047191
2025-11-08,Ballast,Railway,m3,829.5666079113822
2025-08-30,Foundation pouring,Building,m3,3695.600086233511
2025-09-20,Anchorage,Railway,m2,3406.3615432609754
2025-03-18,Ballast,Railway,m3,3086.40356548276
2025-04-12,Cement making,Building,m3,4647.333555548462
2025-11-07,Foundation pouring,Building,m3,2372.842448862753
2025-12-07,Removing trees,Building,m2,2464.2917739031604
2025-10-14,Cement making,Building,m3,2102.17085790664
2025-12-23,Subbase application,Road,m2,39.30163661093111
2025-01-30,Anchorage,Railway,m2,1722.9325079704538
2025-09-02,Anchorage,Railway,m2,199.90496417673918
2025-04-25,Rolling/Tractor,Road,m2,4441.087126950337
2025-07-13,Cement making,Building,m3,3340.555263586449
2025-01-05,Cement making,Building,m3,1318.941791405841
2025-09-18,Removing trees,Building,m2,1242.7147307253733
2025-05-19,Walling,Building,m2,1457.8687485623504
2025-02-06,Walling,Building,m2,750.007000916642
2025-02-11,Coat preparation,Road,L,2667.2261208647296
2025-03-30,Foundation pouring,Building,m3,1801.329890770954
2025-12-09,Foundation pouring,Building,m3,3860.3733519366556
2025-11-27,Coat preparation,Road,L,1807.0770450465811
2025-10-25,Foundation pouring,Building,m3,582.0362729698569
2025-01-26,Removing trees,Building,m2,4436.6282213686545
2025-12-04,Rolling/Tractor,Road,m2,1904.2595770947091
2025-02-06,Terrain leveling,Building,m3,2155.962857309367
2025-11-16,Anchorage,Railway,m2,4322.381795718663
2025-06-14,Removing trees,Building,m2,1071.4181886726215
2025-11-14,Rolling/Tractor,Road,m2,1926.3633281269915
2025-05-14,Subbase application,Road,m2,3979.9163650850714
2025-06-18,Iron mining,Railway,m3,751.7391433361098
2025-08-18,Laying steel rail,Railway,m,1849.964210360851
2025-12-13,Cement making,Building,m3,1860.6792705264409
2025-04-25,Foundation pouring,Building,m3,4035.7951195872083
2025-07-19,Rolling/Tractor,Road,m2,946.2310245005212
2025-03-15,Coat preparation,Road,L,3305.472206119722
2025-04-18,Foundation pouring,Building,m3,2467.7530355599033
2025-12-28,Laying steel rail,Railway,m,610.7557215080983
2025-09-28,Cement making,Building,m3,1935.6959121928207
2025-01-29,Walling,Building,m2,2482.11329909762
2025-03-15,Ballast,Railway,m3,3688.952460447
2025-01-14,Terrain leveling,Building,m3,1958.3118790330423
2025-06-24,Ballast,Railway,m3,1614.6041602062073
2025-02-07,Laying steel rail,Railway,m,4190.386972133022
2025-04-20,Pavement,Road,m2,1811.4996060910498
2025-10-28,Anchorage,Railway,m2,4850.076854727093
2025-01-22,Subbase application,Road,m2,2306.065997602983
2025-07-01,Cement making,Building,m3,1450.6035713438382
2025-05-03,Iron mining,Railway,m3,2998.3118619371967
2025-07-05,Terrain leveling,Building,m3,2802.3656151627233
2025-11-06,Foundation pouring,Building,m3,2002.2172006468925
2025-01-10,Terrain leveling,Building,m3,4398.99077112923
2025-08-23,Foundation pouring,Building,m3,2198.610931498635
2025-02-02,Cement making,Building,m3,4303.430744224921
2025-05-05,Foundation pouring,Building,m3,1938.056374153684
2025-05-12,Terrain leveling,Building,m3,494.40729189225266
2025-12-26,Laying steel rail,Railway,m,3510.925632685711
2025-08-27,Foundation pouring,Building,m3,1977.4596662019917
2025-06-29,Foundation pouring,Building,m3,4883.345671457977
2025-04-29,Ballast,Railway,m3,3770.872046237509
2025-09-24,Terrain leveling,Building,m3,3719.527366446974
2025-09-28,Laying steel rail,Railway,m,4075.5609014187553
2025-04-13,Pavement,Road,m2,358.47869112192177
2025-07-28,Walling,Building,m2,3132.093270944984
2025-10-15,Removing trees,Building,m2,4968.500648263354
2025-12-08,Walling,Building,m2,4981.818937182698
2025-11-18,Ballast,Railway,m3,895.2553743440866
2025-01-07,Rolling/Tractor,Road,m2,4278.912017820124
2025-03-09,Cement making,Building,m3,374.565110715005
2025-05-04,Rolling/Tractor,Road,m2,1564.1000951350513
2025-05-29,Foundation pouring,Building,m3,2472.2954636597337
2025-08-17,Walling,Building,m2,1799.0443645376997
2025-04-27,Iron mining,Railway,m3,2810.4319578273858
2025-01-06,Pavement,Road,m2,2184.641712931551
2025-07-16,Removing trees,Building,m2,2357.3580715677526
2025-05-19,Rolling/Tractor,Road,m2,2230.742049795409
2025-06-15,Iron mining,Railway,m3,2114.8881170081995
2025-06-21,Removing trees,Building,m2,14.558429364384118
2025-11-21,Iron mining,Railway,m3,3785.127440633007
2025-11-14,Ballast,Railway,m3,537.9587058830332
2025-02-06,Pavement,Road,m2,4603.966766003669
2025-03-07,Walling,Building,m2,1969.2533361529547
2025-03-30,Rolling/Tractor,Road,m2,4189.061090385526
2025-10-03,Laying steel rail,Railway,m,1404.343324871592
2025-04-19,Terrain leveling,Building,m3,969.4802321761542
2025-06-25,Anchorage,Railway,m2,4098.3204880728645
2025-02-22,Terrain leveling,Building,m3,2089.687714863898
2025-04-26,Rolling/Tractor,Road,m2,3066.8535046537
2025-01-16,Coat preparation,Road,L,4456.849442675781
2025-09-21,Foundation pouring,Building,m3,3623.8783571088297
2025-11-03,Ballast,Railway,m3,2219.2793282210932
2025-07-07,Foundation pouring,Building,m3,67.00946316448241
2025-02-13,Iron mining,Railway,m3,613.583114302712
2025-02-06,Subbase application,Road,m2,2025.373974339129
2025-07-19,Terrain leveling,Building,m3,4034.113673582851
2025-07-27,Subbase application,Road,m2,2298.7895992999706
2025-01-07,Terrain leveling,Building,m3,2892.92086106494
2025-09-02,Rolling/Tractor,Road,m2,2616.752548396331
2025-08-01,Iron mining,Railway,m3,430.5788285436757
2025-06-10,Walling,Building,m2,1076.8878944211235
2025-06-18,Terrain leveling,Building,m3,4984.071074697362
2025-03-08,Cement making,Building,m3,4953.483498027223
2025-12-08,Rolling/Tractor,Road,m2,1240.1646272672156
2025-10-27,Foundation pouring,Building,m3,3637.5368287677425
2025-05-30,Walling,Building,m2,921.1356973563534
2025-07-27,Subbase application,Road,m2,2142.290683521196
2025-03-06,Coat preparation,Road,L,4930.920519999982
2025-01-22,Coat preparation,Road,L,516.3225927262805
2025-03-18,Pavement,Road,m2,2797.2303616586105
2025-10-17,Cement making,Building,m3,705.5324235520999
2025-08-16,Foundation pouring,Building,m3,1889.253271693121
2025-12-05,Rolling/Tractor,Road,m2,623.3965833196193
2025-11-13,Cement making,Building,m3,3278.470731485521
2025-04-06,Pavement,Road,m2,1075.0306904566837
2025-01-25,Cement making,Building,m3,3695.9722084338
2025-08-11,Coat preparation,Road,L,1556.213499626113
2025-03-11,Anchorage,Railway,m2,1074.4119861284146
2025-03-27,Rolling/Tractor,Road,m2,56.749374927386185
2025-02-08,Anchorage,Railway,m2,4944.281466333722
2025-01-14,Rolling/Tractor,Road,m2,2753.4037987465267
2025-07-31,Walling,Building,m2,2077.1896822381455
2025-11-04,Ballast,Railway,m3,4718.072947359351
2025-08-22,Rolling/Tractor,Road,m2,2374.9590162163404
2025-09-13,Pavement,Road,m2,1500.6134936594751
2025-04-24,Walling,Building,m2,2031.0269844657896
2025-10-04,Walling,Building,m2,103.53944117861502
2025-09-27,Laying steel rail,Railway,m,425.2465840324271
2025-04-22,Ballast,Railway,m3,1550.1230772916342
2025-10-17,Iron mining,Railway,m3,3336.9354928617217
2025-03-23,Foundation pouring,Building,m3,982.7321651348975
2025-04-30,Foundation pouring,Building,m3,2703.0197252220646
2025-11-06,Terrain leveling,Building,m3,1210.7802066350414
2025-06-13,Walling,Building,m2,3934.3524361477016
2025-02-21,Iron mining,Railway,m3,475.6367910702847
2025-01-25,Ballast,Railway,m3,406.5900699241942
2025-08-31,Cement making,Building,m3,2203.261460344427
2025-06-16,Rolling/Tractor,Road,m2,132.11824529856807
2025-12-09,Removing trees,Building,m2,886.1214808420731
2025-10-07,Rolling/Tractor,Road,m2,1313.0378395156868
2025-06-14,Terrain leveling,Building,m3,2357.902687827938
2025-08-09,Walling,Building,m2,2785.617839430525
2025-04-15,Walling,Building,m2,4403.300118587345
2025-06-28,Cement making,Building,m3,1654.2539802457939
2025-09-05,Pavement,Road,m2,4358.3136910667
2025-02-10,Pavement,Road,m2,2335.0661547183877
2025-04-10,Iron mining,Railway,m3,3503.388479054965
2025-08-02,Laying steel rail,Railway,m,2989.917618052823
2025-11-16,Rolling/Tractor,Road,m2,4203.7215202856805
2025-02-25,Coat preparation,Road,L,2931.839156951793
2025-07-17,Pavement,Road,m2,2901.268037901422
2025-07-11,Cement making,Building,m3,2070.4174742842392
2025-11-17,Walling,Building,m2,1876.4609646392867
2025-06-22,Laying steel rail,Railway,m,4185.410541922041
2025-09-01,Anchorage,Railway,m2,1761.3193006516954
2025-06-11,Removing trees,Building,m2,3660.271173998048
2025-10-02,Subbase application,Road,m2,2858.2595964493753
2025-03-03,Removing trees,Building,m2,962.8711401339041
2025-06-12,Coat preparation,Road,L,1581.1926827656014
2025-11-22,Removing trees,Building,m2,4363.878247793308
2025-04-07,Terrain leveling,Building,m3,2639.939414073238
2025-05-08,Pavement,Road,m2,2166.1720490301204
2025-02-01,Subbase application,Road,m2,1710.0320835188431
2025-04-20,Anchorage,Railway,m2,4660.488567343472
2025-08-02,Subbase application,Road,m2,2213.884504212867
2025-02-17,Ballast,Railway,m3,3499.1446855759627
2025-01-07,Pavement,Road,m2,854.2720935880899
2025-01-21,Laying steel rail,Railway,m,1614.0517379441487
2025-09-22,Iron mining,Railway,m3,727.1005586200524
2025-10-02,Rolling/Tractor,Road,m2,1917.0172451415335
2025-10-23,Laying steel rail,Railway,m,4159.477422008673
2025-03-14,Pavement,Road,m2,1076.1563541322444
2025-04-25,Cement making,Building,m3,2004.919693372899
2025-07-11,Ballast,Railway,m3,725.5597205367087
2025-11-13,Removing trees,Building,m2,1535.7984177827543
2025-01-16,Cement making,Building,m3,646.5529018753663
2025-08-20,Anchorage,Railway,m2,4531.378211838232
2025-06-08,Laying steel rail,Railway,m,4165.15426573313
2025-10-07,Rolling/Tractor,Road,m2,3817.4645191881586
2025-11-28,Iron mining,Railway,m3,3195.796556223006
2025-06-25,Terrain leveling,Building,m3,4692.023920729744
2025-02-17,Rolling/Tractor,Road,m2,3777.001376523102
2025-09-25,Coat preparation,Road,L,4113.342022359122
2025-08-30,Rolling/Tractor,Road,m2,388.33306363245225
2025-11-13,Pavement,Road,m2,648.384784155937
2025-03-01,Terrain leveling,Building,m3,904.3368932558893
2025-06-07,Ballast,Railway,m3,2315.9321715800997
2025-04-17,Walling,Building,m2,1371.8919246816197
2025-01-19,Ballast,Railway,m3,4120.55759665458
2025-12-23,Anchorage,Railway,m2,330.94842071848154
2025-03-01,Removing trees,Building,m2,1190.288656108563
2025-06-10,Laying steel rail,Railway,m,3620.336966838084
2025-12-11,Coat preparation,Road,L,4605.352408309566
2025-06-24,Cement making,Building,m3,4302.444567858692
2025-11-05,Terrain leveling,Building,m3,2762.182850653402
2025-03-08,Rolling/Tractor,Road,m2,832.1683058962115
2025-01-29,Pavement,Road,m2,152.15415302568314
2025-05-08,Walling,Building,m2,4012.642710093258
2025-06-28,Coat preparation,Road,L,3866.450319142768
2025-10-29,Rolling/Tractor,Road,m2,1795.652043595426
2025-02-20,Cement making,Building,m3,757.1397735883911
2025-10-03,Walling,Building,m2,2068.1082944887667
2025-05-26,Pavement,Road,m2,4701.799132521514
2025-02-28,Anchorage,Railway,m2,4234.101883399919
2025-10-09,Subbase application,Road,m2,4718.716582718708
2025-03-18,Laying steel rail,Railway,m,4468.288377161734
2025-05-28,Coat preparation,Road,L,4067.4669398883516
2025-08-07,Laying steel rail,Railway,m,3841.1159682885213
2025-08-28,Subbase application,Road,m2,4923.022295186337
2025-10-07,Removing trees,Building,m2,4256.850643104978
2025-03-31,Cement making,Building,m3,4629.960926370613
2025-08-05,Cement making,Building,m3,1005.6204281167153
2025-09-10,Anchorage,Railway,m2,998.0562647247632
2025-12-23,Walling,Building,m2,1211.7497729983302
2025-07-31,Foundation pouring,Building,m3,1084.7191075117491
2025-06-20,Cement making,Building,m3,1110.3532774361136
2025-05-03,Walling,Building,m2,4588.484902716211
2025-02-19,Laying steel rail,Railway,m,2747.2088024246605
2025-09-01,Terrain leveling,Building,m3,3437.882566812011
2025-08-30,Ballast,Railway,m3,3764.966590785059
2025-01-06,Laying steel rail,Railway,m,3660.3941878286455
2025-08-13,Ballast,Railway,m3,600.2166902122901
2025-04-22,Walling,Building,m2,1837.4686246021226
2025-04-12,Walling,Building,m2,1906.2087261378142
2025-05-05,Foundation pouring,Building,m3,2746.2358564984347
2025-05-04,Cement making,Building,m3,867.3084741582387
2025-09-17,Pavement,Road,m2,3431.0877363926475
2025-05-13,Foundation pouring,Building,m3,3362.693524114705
2025-03-13,Coat preparation,Road,L,4384.942245714477
2025-04-04,Terrain leveling,Building,m3,1544.305183689007
2025-01-24,Pavement,Road,m2,618.9479103974005
2025-05-18,Ballast,Railway,m3,240.54603885348914
2025-11-21,Pavement,Road,m2,2700.6606149092636
2025-03-03,Subbase application,Road,m2,1902.3595425562019
2025-10-19,Rolling/Tractor,Road,m2,3806.24206576909
2025-09-11,Iron mining,Railway,m3,338.7594900740254
2025-07-06,Foundation pouring,Building,m3,3095.784232143392
2025-12-27,Foundation pouring,Building,m3,1808.0635176254045
2025-06-08,Pavement,Road,m2,338.1154291631
2025-12-21,Pavement,Road,m2,4749.38140143541
2025-01-11,Terrain leveling,Building,m3,2409.93457118248
2025-10-02,Laying steel rail,Railway,m,1463.539555336224
2025-04-22,Foundation pouring,Building,m3,4723.261489537618
2025-06-30,Walling,Building,m2,1837.6920006335079
2025-02-23,Iron mining,Railway,m3,1616.2748423698358
2025-07-19,Ballast,Railway,m3,3004.3518174378346
2025-11-11,Removing trees,Building,m2,3518.7964231226115
2025-08-14,Ballast,Railway,m3,4931.32046391275
2025-10-20,Removing trees,Building,m2,3190.0126771211567
2025-08-22,Walling,Building,m2,4948.736137079514
2025-03-16,Ballast,Railway,m3,1359.4147523626143
2025-08-13,Ballast,Railway,m3,4274.789898249201
2025-12-04,Cement making,Building,m3,2691.1750800953523
2025-11-18,Terrain leveling,Building,m3,3641.0637257241515
2025-01-30,Coat preparation,Road,L,2567.927502906017
2025-02-08,Subbase application,Road,m2,3127.266673578955
2025-08-10,Ballast,Railway,m3,3854.715926953481
2025-06-23,Iron mining,Railway,m3,2575.615451498378
2025-04-17,Iron mining,Railway,m3,582.1401177996627
2025-06-16,Cement making,Building,m3,3296.330459891807
2025-11-20,Subbase application,Road,m2,3575.7439034954396
2025-12-18,Terrain leveling,Building,m3,823.6591996519371
2025-04-04,Terrain leveling,Building,m3,74.62448667482025
2025-05-21,Ballast,Railway,m3,1909.370713709944
2025-05-10,Terrain leveling,Building,m3,2616.13245801891
2025-04-12,Walling,Building,m2,717.486306295047
2025-08-14,Anchorage,Railway,m2,4127.293743133036
2025-01-01,Removing trees,Building,m2,3826.753022896141
2025-03-08,Foundation pouring,Building,m3,4641.003727307368
2025-04-22,Terrain leveling,Building,m3,2469.4769352190747
2025-03-20,Anchorage,Railway,m2,1151.7908115438636
2025-05-24,Ballast,Railway,m3,2797.1896497746407
2025-10-12,Iron mining,Railway,m3,319.55193766704025
2025-05-31,Rolling/Tractor,Road,m2,4522.4283953711765
2025-02-01,Cement making,Building,m3,3419.54854327816
2025-11-23,Terrain leveling,Building,m3,4245.785732148913
2025-01-24,Iron mining,Railway,m3,4694.399055721017
2025-12-19,Anchorage,Railway,m2,3139.29544399993
2025-03-15,Anchorage,Railway,m2,1081.987510332641
2025-10-13,Ballast,Railway,m3,3469.0237330735285
2025-03-02,Anchorage,Railway,m2,4837.153488999962
2025-08-31,Removing trees,Building,m2,3046.153340785487
2025-05-14,Pavement,Road,m2,2421.66350301323
2025-03-28,Rolling/Tractor,Road,m2,4988.485006991499
2025-12-28,Anchorage,Railway,m2,965.0670179006182
2025-02-25,Pavement,Road,m2,2841.611677605262
2025-02-04,Rolling/Tractor,Road,m2,2779.2809969330924
2025-12-24,Rolling/Tractor,Road,m2,1886.400544000935
2025-01-24,Foundation pouring,Building,m3,2694.6636269192177
2025-02-08,Laying steel rail,Railway,m,4379.0677370241065
2025-08-23,Subbase application,Road,m2,1149.3408822331664
2025-01-01,Terrain leveling,Building,m3,3111.156301759531
2025-01-13,Terrain leveling,Building,m3,2952.9384475800903
2025-07-09,Anchorage,Railway,m2,4415.105145134953
2025-01-19,Coat preparation,Road,L,4828.789318049967
2025-02-16,Ballast,Railway,m3,1999.6747601428538
2025-01-11,Rolling/Tractor,Road,m2,255.20464337262683
2025-07-27,Removing trees,Building,m2,4498.00592865851
2025-10-13,Foundation pouring,Building,m3,3738.3906401907325
2025-06-15,Ballast,Railway,m3,616.125199542395
2025-02-05,Walling,Building,m2,590.8881668011568
2025-12-05,Removing trees,Building,m2,1344.7574991858473
2025-12-09,Rolling/Tractor,Road,m2,2115.644269440825
2025-09-20,Foundation pouring,Building,m3,1952.7125981066595
2025-04-26,Coat preparation,Road,L,3034.5521111833964
2025-01-15,Coat preparation,Road,L,4823.102878795628
2025-11-21,Ballast,Railway,m3,1200.920529246382
2025-11-07,Walling,Building,m2,578.3269287967619
2025-10-01,Removing trees,Building,m2,3419.153674030489
2025-03-27,Ballast,Railway,m3,4117.094529865426
2025-02-10,Ballast,Railway,m3,2305.0896991356444
2025-02-16,Cement making,Building,m3,1954.628879018407
2025-01-18,Rolling/Tractor,Road,m2,2972.018853365819
2025-02-24,Removing trees,Building,m2,4710.274226095639
2025-06-19,Cement making,Building,m3,257.27144486197506
2025-04-12,Foundation pouring,Building,m3,1366.6839011907712
2025-08-13,Walling,Building,m2,3721.240188919886
2025-03-27,Pavement,Road,m2,4470.022069742614
2025-04-08,Anchorage,Railway,m2,2685.432911475365
2025-03-10,Subbase application,Road,m2,236.54692142404897
2025-05-17,Removing trees,Building,m2,4731.186096219638
2025-08-21,Ballast,Railway,m3,1359.7729564394583
2025-07-27,Terrain leveling,Building,m3,880.4152530141413
2025-06-18,Ballast,Railway,m3,503.2395465774986
2025-07-19,Cement making,Building,m3,2820.531440210257
2025-01-23,Iron mining,Railway,m3,3142.721370829038
2025-07-31,Removing trees,Building,m2,3135.5694571964277
2025-08-07,Walling,Building,m2,1761.3485782309235
2025-08-01,Coat preparation,Road,L,3354.698817831269
2025-07-20,Ballast,Railway,m3,871.2922084601377
2025-09-02,Foundation pouring,Building,m3,1439.535613084988
2025-12-03,Coat preparation,Road,L,953.0168886343538
2025-02-25,Laying steel rail,Railway,m,986.8251548718105
2025-06-29,Subbase application,Road,m2,2981.075493774959
2025-04-15,Terrain leveling,Building,m3,2228.798856699996
2025-11-24,Cement making,Building,m3,604.3836155974547
2025-03-12,Walling,Building,m2,1847.345302468787
2025-05-12,Coat preparation,Road,L,426.0815901105142
2025-02-21,Coat preparation,Road,L,1579.5090546588547
2025-10-19,Ballast,Railway,m3,3887.5715154244285
2025-05-06,Walling,Building,m2,2652.0108840947582
2025-12-28,Walling,Building,m2,504.0929036725089
2025-05-04,Terrain leveling,Building,m3,4734.651131950982
2025-01-30,Walling,Building,m2,3173.1080973403195
2025-06-26,Rolling/Tractor,Road,m2,3511.6386203040333
2025-06-08,Laying steel rail,Railway,m,2826.546413722621
2025-07-12,Coat preparation,Road,L,4223.006043971838
2025-02-12,Coat preparation,Road,L,3215.206308082277
2025-12-24,Removing trees,Building,m2,4884.110130051323
2025-07-04,Coat preparation,Road,L,286.8001479266069
2025-12-14,Ballast,Railway,m3,30.44202942169727
2025-04-04,Coat preparation,Road,L,683.6186258341276
2025-01-13,Laying steel rail,Railway,m,110.12000569584235
2025-06-22,Anchorage,Railway,m2,873.7990521234307
2025-02-18,Foundation pouring,Building,m3,4331.9301552595525
2025-06-20,Anchorage,Railway,m2,3420.818736720123
2025-10-11,Subbase application,Road,m2,3318.8971913543364
2025-04-10,Removing trees,Building,m2,2765.0685812403926
2025-02-03,Rolling/Tractor,Road,m2,2184.2761017200824
2025-12-02,Terrain leveling,Building,m3,562.0534068244626
2025-02-19,Rolling/Tractor,Road,m2,3178.6012946742057
2025-11-04,Terrain leveling,Building,m3,313.63037039925103
2025-06-12,Pavement,Road,m2,3314.914970991151
2025-04-30,Iron mining,Railway,m3,3508.3469319169944
2025-01-05,Ballast,Railway,m3,998.3189402467518
2025-03-20,Cement making,Building,m3,2317.8474229574585
2025-02-18,Laying steel rail,Railway,m,3721.2161636166984
2025-08-28,Laying steel rail,Railway,m,2688.8272498996744
2025-03-31,Removing trees,Building,m2,2064.5671026645227
2025-12-11,Walling,Building,m2,1331.370175103001
2025-07-03,Walling,Building,m2,4217.595745900885
2025-06-02,Laying steel rail,Railway,m,1088.7859741861212
2025-10-15,Coat preparation,Road,L,1814.9324337351102
2025-08-20,Coat preparation,Road,L,3732.26956467096
2025-05-31,Iron mining,Railway,m3,1334.3381038459145
2025-05-10,Coat preparation,Road,L,2653.6693486267877
2025-10-18,Ballast,Railway,m3,3514.9533442982133
2025-01-07,Ballast,Railway,m3,4826.106162865719
2025-04-07,Terrain leveling,Building,m3,4082.3767626568215
2025-11-20,Subbase application,Road,m2,1906.740050989561
2025-11-02,Laying steel rail,Railway,m,1511.5803225877282
2025-04-14,Anchorage,Railway,m2,1407.0999919031806
2025-04-30,Ballast,Railway,m3,3052.389680154177
2025-05-07,Foundation pouring,Building,m3,439.4341185936607
2025-01-19,Terrain leveling,Building,m3,3887.5227390959376
2025-01-07,Ballast,Railway,m3,944.7285593200938
2025-06-19,Subbase application,Road,m2,1114.411674848329
2025-04-11,Walling,Building,m2,1348.4828550179627
2025-02-03,Foundation pouring,Building,m3,435.52076248935975
2025-01-25,Walling,Building,m2,1899.994839640457
2025-02-11,Pavement,Road,m2,2625.7723162237094
2025-12-20,Terrain leveling,Building,m3,4202.651739441503
2025-10-03,Rolling/Tractor,Road,m2,1310.0547616864744
2025-07-18,Removing trees,Building,m2,3606.271383160577
2025-08-29,Ballast,Railway,m3,540.5158652338976
2025-05-25,Iron mining,Railway,m3,724.4919850631343
2025-07-14,Terrain leveling,Building,m3,3496.2324245724567
2025-11-28,Coat preparation,Road,L,1674.0409082741419
2025-08-05,Removing trees,Building,m2,3142.563820139369
2025-06-17,Subbase application,Road,m2,68.78871638278439
2025-11-26,Rolling/Tractor,Road,m2,1361.5701215539443
2025-11-10,Rolling/Tractor,Road,m2,997.0168184427208
2025-04-30,Terrain leveling,Building,m3,4297.730014828941
2025-09-24,Coat preparation,Road,L,2369.426780221992
2025-02-06,Laying steel rail,Railway,m,4026.11201742194
2025-07-30,Laying steel rail,Railway,m,3149.0428774215497
2025-06-25,Removing trees,Building,m2,3136.30197434957
2025-03-18,Rolling/Tractor,Road,m2,110.18663465764521
2025-10-03,Subbase application,Road,m2,1099.8061506422553
2025-06-25,Cement making,Building,m3,3266.8330711527483
2025-04-14,Walling,Building,m2,938.2525324177593
2025-12-10,Rolling/Tractor,Road,m2,3852.520303395659
2025-07-26,Cement making,Building,m3,4493.2838374394105
2025-06-11,Anchorage,Railway,m2,3413.028751982716
2025-01-02,Cement making,Building,m3,4697.246581512893
2025-10-13,Laying steel rail,Railway,m,1924.6477460432382
2025-12-01,Foundation pouring,Building,m3,2509.165083707504
2025-12-16,Ballast,Railway,m3,4907.21364601322
2025-10-18,Iron mining,Railway,m3,3387.4615674383153
2025-07-09,Removing trees,Building,m2,2841.3510677732793
2025-10-03,Iron mining,Railway,m3,3265.739914503713
2025-07-06,Subbase application,Road,m2,1199.440219113369
2025-11-30,Laying steel rail,Railway,m,4348.839878928374
2025-04-06,Subbase application,Road,m2,4482.636045156831
2025-04-05,Coat preparation,Road,L,2693.3509764478586
2025-10-17,Walling,Building,m2,541.4871157041973
2025-02-13,Walling,Building,m2,3441.7432499956276
2025-09-28,Anchorage,Railway,m2,411.96563204624726
2025-06-11,Rolling/Tractor,Road,m2,2876.029711020234
2025-03-27,Iron mining,Railway,m3,3985.4790837692967
2025-04-07,Ballast,Railway,m3,3701.082719676584
2025-09-17,Coat preparation,Road,L,1161.063555001282
2025-10-17,Laying steel rail,Railway,m,4386.916240473281
2025-07-25,Cement making,Building,m3,4107.666398799953
2025-04-20,Rolling/Tractor,Road,m2,3142.845651606639
2025-06-25,Pavement,Road,m2,1848.3203775043366
2025-10-27,Foundation pouring,Building,m3,1485.7173079964948
2025-11-04,Anchorage,Railway,m2,3317.0757536973556
2025-05-16,Cement making,Building,m3,3142.546842951423
2025-12-16,Anchorage,Railway,m2,2131.6289521247186
2025-12-19,Subbase application,Road,m2,1609.935216525234
2025-09-28,Laying steel rail,Railway,m,2664.404867714192
2025-08-05,Ballast,Railway,m3,4415.4785749523335
2025-06-29,Laying steel rail,Railway,m,224.00960669881232
2025-06-23,Terrain leveling,Building,m3,498.82604206480164
2025-04-18,Anchorage,Railway,m2,2715.951723839262
2025-12-04,Terrain leveling,Building,m3,3082.7404454452167
2025-11-29,Ballast,Railway,m3,4521.678884142354
2025-11-04,Iron mining,Railway,m3,1540.0232690642624
2025-10-27,Terrain leveling,Building,m3,2300.5305753809153
2025-10-01,Anchorage,Railway,m2,4604.875276225794
2025-03-13,Walling,Building,m2,4309.251815849792
2025-01-21,Rolling/Tractor,Road,m2,2523.4877447785557
2025-01-14,Laying steel rail,Railway,m,3774.2414722298654
2025-03-18,Coat preparation,Road,L,3506.5465939560977
2025-02-08,Iron mining,Railway,m3,15.559445268420458
2025-03-15,Iron mining,Railway,m3,4925.9224371671435
2025-08-22,Rolling/Tractor,Road,m2,4878.62476712389
2025-12-14,Iron mining,Railway,m3,1801.0369361571277
2025-02-27,Foundation pouring,Building,m3,3596.099231773272
2025-04-09,Walling,Building,m2,131.0180009661971
2025-03-11,Ballast,Railway,m3,2292.145233068316
2025-09-22,Coat preparation,Road,L,3852.4538890015124
2025-03-19,Rolling/Tractor,Road,m2,814.4276038125964
2025-07-20,Terrain leveling,Building,m3,3616.8692563779896
2025-01-27,Subbase application,Road,m2,593.1151841308996
2025-05-10,Cement making,Building,m3,86.3787027658769
2025-09-19,Rolling/Tractor,Road,m2,4484.8424282521855
2025-10-25,Anchorage,Railway,m2,2111.6323795481053
2025-11-13,Anchorage,Railway,m2,2564.079809930251
2025-11-24,Iron mining,Railway,m3,1476.296200144937
2025-10-01,Foundation pouring,Building,m3,1122.4906060824558
2025-07-09,Walling,Building,m2,31.965674696299295
2025-07-03,Foundation pouring,Building,m3,2573.351777848965
2025-04-25,Ballast,Railway,m3,1093.494061355403
2025-07-12,Iron mining,Railway,m3,2924.5773850539954
2025-05-10,Foundation pouring,Building,m3,176.0264319578514
2025-09-18,Foundation pouring,Building,m3,4168.796622372343
2025-07-07,Coat preparation,Road,L,3212.222559200258
2025-03-01,Coat preparation,Road,L,2577.642144817942
2025-03-06,Walling,Building,m2,4643.771322302417
2025-09-21,Ballast,Railway,m3,1012.1344103941193
2025-11-11,Rolling/Tractor,Road,m2,4509.758329203728
2025-11-17,Subbase application,Road,m2,50.90304197597484
2025-08-25,Anchorage,Railway,m2,302.03459783763543
2025-11-05,Iron mining,Railway,m3,1868.9364213244153
2025-01-29,Ballast,Railway,m3,792.6136967447906
2025-12-21,Subbase application,Road,m2,3294.464843968402
2025-03-08,Walling,Building,m2,3800.335115224095
2025-02-12,Cement making,Building,m3,550.1613896377261
2025-01-04,Subbase application,Road,m2,1415.4893343169333
2025-02-22,Terrain leveling,Building,m3,3613.720101134857
2025-07-08,Subbase application,Road,m2,4175.589583803497
2025-11-10,Terrain leveling,Building,m3,475.4879666224043
2025-04-27,Coat preparation,Road,L,2138.66604733507
2025-11-04,Walling,Building,m2,1437.5665440865914
2025-11-30,Subbase application,Road,m2,1459.8862779368521
2025-05-11,Anchorage,Railway,m2,896.8658436126359
2025-11-02,Anchorage,Railway,m2,592.3839522841123
2025-09-03,Walling,Building,m2,4238.097975042022
2025-03-18,Walling,Building,m2,2425.1994038598064
2025-07-24,Removing trees,Building,m2,2782.620437353515
2025-06-18,Subbase application,Road,m2,1783.3606401789455
2025-07-24,Coat preparation,Road,L,493.2204244379246
2025-11-21,Cement making,Building,m3,4662.40220630827
2025-12-18,Cement making,Building,m3,1918.1115023630741
2025-08-22,Removing trees,Building,m2,4188.948523347088
2025-01-06,Coat preparation,Road,L,1811.1794043350842
2025-04-14,Walling,Building,m2,2599.1611513141265
2025-07-05,Foundation pouring,Building,m3,4928.3588427707
2025-01-07,Coat preparation,Road,L,4938.53572625427
2025-05-14,Iron mining,Railway,m3,4657.276632363886
2025-02-17,Ballast,Railway,m3,3812.272920602808
2025-05-29,Cement making,Building,m3,671.21403506478
2025-05-25,Pavement,Road,m2,379.6440961509678
2025-03-26,Laying steel rail,Railway,m,3538.0916916167394
2025-03-13,Laying steel rail,Railway,m,1084.7302926467728
2025-08-17,Anchorage,Railway,m2,4786.56926146847
2025-03-04,Removing trees,Building,m2,967.7825330315753
2025-03-05,Subbase application,Road,m2,4007.3145246753106
2025-05-06,Laying steel rail,Railway,m,96.2802377624239
2025-08-04,Laying steel rail,Railway,m,4117.758877239958
2025-05-28,Removing trees,Building,m2,1904.4620988500549
2025-09-19,Anchorage,Railway,m2,1459.8326224084879
2025-02-07,Iron mining,Railway,m3,4418.464739450675
2025-06-07,Pavement,Road,m2,245.72529999264736
2025-02-14,Foundation pouring,Building,m3,3276.882513503272
2025-07-19,Anchorage,Railway,m2,377.00546404153266
2025-01-28,Pavement,Road,m2,3611.1106303686274
2025-01-06,Ballast,Railway,m3,2494.681807652258
2025-12-06,Removing trees,Building,m2,625.6523898635675
2025-11-10,Ballast,Railway,m3,3476.100727475271
2025-08-24,Cement making,Building,m3,1686.9613340558847
2025-08-11,Cement making,Building,m3,479.92151824186755
2025-11-03,Foundation pouring,Building,m3,3883.5044003425887
2025-06-23,Removing trees,Building,m2,1100.6519596427368
2025-02-02,Pavement,Road,m2,2024.6207583180171
2025-10-24,Ballast,Railway,m3,4574.0836939940855
2025-02-04,Iron mining,Railway,m3,4488.320071266648
2025-04-17,Laying steel rail,Railway,m,3166.037994781543
2025-09-06,Iron mining,Railway,m3,967.2047872653017
2025-01-16,Removing trees,Building,m2,4567.605324592168
2025-03-02,Cement making,Building,m3,2177.8808102522057
2025-05-10,Removing trees,Building,m2,4045.8758890192385
2025-09-30,Subbase application,Road,m2,845.0739328117668
2025-07-14,Removing trees,Building,m2,2292.246300250812
2025-05-11,Rolling/Tractor,Road,m2,4521.610744684036
2025-09-14,Cement making,Building,m3,4949.853232471578
2025-03-19,Laying steel rail,Railway,m,4005.7463685398043
2025-06-22,Cement making,Building,m3,3063.494615471477
2025-03-03,Foundation pouring,Building,m3,3636.1824485554534
2025-09-13,Coat preparation,Road,L,3602.420510050849
2025-02-28,Walling,Building,m2,2622.5666104498337
2025-05-15,Terrain leveling,Building,m3,3478.318600450324
2025-05-31,Terrain leveling,Building,m3,767.2034611454093
2025-06-19,Terrain leveling,Building,m3,2384.296836090665
2025-01-11,Anchorage,Railway,m2,4585.933094864545
2025-06-03,Anchorage,Railway,m2,4379.149793841816
2025-03-25,Ballast,Railway,m3,498.3085787558733
2025-07-01,Pavement,Road,m2,3545.038590218107
2025-03-27,Terrain leveling,Building,m3,3656.8636613180793
2025-02-27,Iron mining,Railway,m3,2663.142168063121
2025-04-19,Coat preparation,Road,L,2271.828697836881
2025-06-07,Subbase application,Road,m2,3634.953112530314
2025-10-19,Walling,Building,m2,2282.403861817825
2025-01-22,Terrain leveling,Building,m3,4077.6697882489193
2025-04-10,Laying steel rail,Railway,m,2671.8131109695973
2025-03-14,Anchorage,Railway,m2,3938.4325914243327
2025-01-19,Foundation pouring,Building,m3,3035.8610990771544
2025-06-04,Coat preparation,Road,L,1198.6850485084954
2025-12-21,Iron mining,Railway,m3,2530.5316190360445
2025-09-30,Cement making,Building,m3,4418.3212491902705
2025-08-14,Coat preparation,Road,L,4552.072778786549
2025-02-10,Ballast,Railway,m3,1437.9802226093414
2025-01-18,Terrain leveling,Building,m3,3373.684191645382
2025-10-10,Walling,Building,m2,502.21726312644154
2025-02-13,Ballast,Railway,m3,78.8943836419781
2025-03-17,Subbase application,Road,m2,4168.551082157173
2025-10-18,Terrain leveling,Building,m3,3017.3985874643954
2025-07-21,Terrain leveling,Building,m3,4956.651714139794
2025-03-16,Pavement,Road,m2,1360.818275265166
2025-01-26,Coat preparation,Road,L,3894.182501577996
2025-06-13,Walling,Building,m2,271.6971327645029
2025-05-28,Iron mining,Railway,m3,1103.8732270095652
2025-06-11,Foundation pouring,Building,m3,2509.112958864525
2025-07-04,Walling,Building,m2,2820.035836172392
2025-07-22,Subbase application,Road,m2,3690.4656559755067
2025-10-26,Pavement,Road,m2,3738.5087659890673
2025-04-24,Pavement,Road,m2,2795.0965638014536
2025-03-09,Iron mining,Railway,m3,1205.4328929887558
2025-04-04,Terrain leveling,Building,m3,4137.058674694044
2025-08-01,Rolling/Tractor,Road,m2,297.6592609973189
2025-06-18,Walling,Building,m2,3929.1372359107054
2025-07-26,Subbase application,Road,m2,2498.196373350119
2025-01-03,Terrain leveling,Building,m3,607.5279371353554
2025-10-16,Terrain leveling,Building,m3,2128.0255239770736
2025-02-04,Cement making,Building,m3,1357.6976912499194
2025-02-05,Terrain leveling,Building,m3,2461.819738911723
2025-10-08,Coat preparation,Road,L,3270.0608190109647
2025-10-23,Rolling/Tractor,Road,m2,4077.453616719201
2025-04-15,Laying steel rail,Railway,m,424.2186474911314
2025-04-28,Removing trees,Building,m2,2312.4034458500723
2025-02-07,Walling,Building,m2,2039.5686923718908
2025-10-03,Anchorage,Railway,m2,115.82291028615855
2025-05-11,Laying steel rail,Railway,m,1896.8636952187678
2025-01-26,Removing trees,Building,m2,281.7087336365565
2025-03-29,Ballast,Railway,m3,3210.4649449323856
2025-03-05,Removing trees,Building,m2,3261.4923389972796
2025-10-24,Iron mining,Railway,m3,2367.12066001721
2025-09-30,Ballast,Railway,m3,4015.8457634169463
2025-05-06,Pavement,Road,m2,718.526851985728
2025-01-21,Rolling/Tractor,Road,m2,4754.559250365739
2025-01-03,Ballast,Railway,m3,3367.987432647319
2025-02-19,Iron mining,Railway,m3,2806.023170779674
2025-01-21,Pavement,Road,m2,2494.332694783062
2025-05-13,Coat preparation,Road,L,176.9721275059333
2025-08-18,Coat preparation,Road,L,3748.939841473318
2025-12-09,Pavement,Road,m2,3828.4548867306016
2025-12-09,Anchorage,Railway,m2,1106.1216959403387
2025-08-13,Ballast,Railway,m3,4072.0800178831146
2025-02-28,Rolling/Tractor,Road,m2,2877.1108895946704
2025-08-30,Coat preparation,Road,L,344.929954641483
2025-02-03,Coat preparation,Road,L,1469.0232618012728
2025-01-31,Anchorage,Railway,m2,4562.489024675164
2025-10-09,Ballast,Railway,m3,2610.0855053758537
2025-02-12,Iron mining,Railway,m3,2183.718570092376
2025-09-08,Laying steel rail,Railway,m,1820.4529969417044
2025-06-16,Walling,Building,m2,505.1364099819272
2025-09-08,Removing trees,Building,m2,3705.4406078539255
2025-02-22,Terrain leveling,Building,m3,4782.398538781771
2025-09-11,Coat preparation,Road,L,2428.0771047398825
2025-10-21,Removing trees,Building,m2,856.2799857035109
2025-10-14,Coat preparation,Road,L,2395.637289380246
2025-12-02,Coat preparation,Road,L,2629.852854972711
2025-10-11,Walling,Building,m2,4607.096361554171
2025-10-26,Ballast,Railway,m3,4146.642202213291
2025-02-28,Walling,Building,m2,264.1011608882382
2025-03-15,Cement making,Building,m3,1094.1023575936242
2025-03-11,Ballast,Railway,m3,577.7021835380347
2025-04-22,Rolling/Tractor,Road,m2,288.23567177175045
2025-08-14,Anchorage,Railway,m2,309.29788505510703
2025-09-26,Terrain leveling,Building,m3,2365.800254339518
2025-12-27,Rolling/Tractor,Road,m2,2491.4114375631307
2025-12-24,Removing trees,Building,m2,2349.4355199104925
2025-06-05,Pavement,Road,m2,4178.343606897849
2025-02-11,Laying steel rail,Railway,m,1584.131515718828
2025-11-13,Terrain leveling,Building,m3,1596.5839698660207
2025-07-12,Anchorage,Railway,m2,2443.6548378317702
2025-04-18,Walling,Building,m2,4990.161879259444
2025-10-20,Laying steel rail,Railway,m,3142.5232489582895
2025-11-17,Ballast,Railway,m3,998.7829841015811
2025-11-21,Cement making,Building,m3,3479.5170987877473
2025-05-30,Iron mining,Railway,m3,1950.4281006279127
2025-05-23,Rolling/Tractor,Road,m2,4695.984699210282
2025-11-23,Anchorage,Railway,m2,2800.736630670384
2025-08-20,Pavement,Road,m2,2216.708171774066
2025-06-18,Pavement,Road,m2,2086.5173648485525
2025-05-29,Walling,Building,m2,2510.062708010457
2025-12-15,Iron mining,Railway,m3,2579.511913957649
2025-02-27,Pavement,Road,m2,3861.7319323042298
2025-09-29,Cement making,Building,m3,900.39964063597
2025-02-25,Terrain leveling,Building,m3,1503.3100046069676
2025-07-29,Walling,Building,m2,1175.114291588928
2025-04-28,Cement making,Building,m3,4321.579534909563
2025-03-01,Walling,Building,m2,2550.900722350994
2025-06-26,Iron mining,Railway,m3,1640.8283318055433
2025-01-13,Terrain leveling,Building,m3,625.0764163388378
2025-01-07,Pavement,Road,m2,3210.8631591119592
2025-05-07,Terrain leveling,Building,m3,1333.976245387557
2025-05-05,Ballast,Railway,m3,4235.863357632156
2025-11-06,Coat preparation,Road,L,2783.7018272723444
2025-09-27,Iron mining,Railway,m3,3779.2548820078955
2025-06-25,Iron mining,Railway,m3,4730.6218636416
2025-04-14,Coat preparation,Road,L,2209.5912132213375
2025-02-20,Pavement,Road,m2,712.4816478674917
2025-05-12,Subbase application,Road,m2,91.10758407323839
2025-02-05,Rolling/Tractor,Road,m2,4136.766933023986
2025-02-05,Removing trees,Building,m2,2446.1520197591162
2025-01-29,Cement making,Building,m3,4319.802558113102
2025-08-14,Coat preparation,Road,L,2047.9271461039689
2025-12-05,Laying steel rail,Railway,m,2577.9802274942053
2025-01-10,Removing trees,Building,m2,1060.646919499244
2025-09-22,Walling,Building,m2,2963.416274690994
2025-12-04,Cement making,Building,m3,196.90164891333683
2025-03-14,Anchorage,Railway,m2,4244.038760917893
2025-09-23,Iron mining,Railway,m3,3672.2339032646746
2025-05-21,Walling,Building,m2,3808.243380752515
2025-06-08,Removing trees,Building,m2,4714.984497841427
2025-09-06,Terrain leveling,Building,m3,3554.3886317745605
2025-09-08,Rolling/Tractor,Road,m2,2642.6171421193835
2025-01-27,Coat preparation,Road,L,654.9347632631236
2025-03-13,Walling,Building,m2,1498.0653460960664
2025-11-24,Pavement,Road,m2,1685.2536153689384
2025-02-26,Pavement,Road,m2,1702.1401557619804
2025-03-05,Terrain leveling,Building,m3,3721.2147491195137
2025-09-07,Subbase application,Road,m2,2918.553058532552
2025-01-14,Removing trees,Building,m2,1052.6252349041854
2025-04-28,Rolling/Tractor,Road,m2,441.3602162806368
2025-01-28,Cement making,Building,m3,1468.384857520076
2025-08-25,Anchorage,Railway,m2,1542.2347173801759
2025-08-08,Subbase application,Road,m2,3152.5897234714166
2025-10-04,Removing trees,Building,m2,1795.3892388883426
2025-07-23,Ballast,Railway,m3,1019.4641334740056
2025-08-29,Ballast,Railway,m3,1916.5607688980747
2025-09-22,Cement making,Building,m3,2411.4314191607964
2025-07-21,Subbase application,Road,m2,4891.457253858609
2025-11-15,Rolling/Tractor,Road,m2,4013.2976126385624
2025-06-07,Ballast,Railway,m3,3457.550095368095
2025-08-03,Subbase application,Road,m2,3292.6700303693888
2025-01-11,Ballast,Railway,m3,3467.0629796246126
2025-11-05,Iron mining,Railway,m3,4880.563317187674
2025-04-04,Laying steel rail,Railway,m,1471.2924123322323
2025-12-17,Rolling/Tractor,Road,m2,4846.67439558285
2025-03-08,Foundation pouring,Building,m3,1496.7443776312166
2025-12-23,Pavement,Road,m2,3512.9606524452774
2025-07-16,Walling,Building,m2,3448.5697236765695
2025-11-19,Rolling/Tractor,Road,m2,1170.7143138291342
2025-05-19,Laying steel rail,Railway,m,2689.9124091400627
2025-04-21,Subbase application,Road,m2,4125.966258837039
2025-09-05,Terrain leveling,Building,m3,3967.403649496546
2025-04-18,Cement making,Building,m3,2873.29409393026
2025-01-01,Foundation pouring,Building,m3,4140.3590299906855
2025-11-02,Subbase application,Road,m2,1788.390940330966
2025-01-24,Anchorage,Railway,m2,3828.3768453632933
2025-01-03,Coat preparation,Road,L,3606.3350559290643
2025-02-06,Anchorage,Railway,m2,1619.961297188921
2025-10-18,Foundation pouring,Building,m3,2608.5776930771426
2025-02-27,Foundation pouring,Building,m3,2431.364100340559
2025-09-14,Terrain leveling,Building,m3,2042.2517591114458
2025-04-16,Coat preparation,Road,L,4814.769018539396
2025-01-13,Iron mining,Railway,m3,2927.42843854355
2025-03-10,Removing trees,Building,m2,1879.850006997792
2025-07-09,Anchorage,Railway,m2,3330.1940555556134
2025-04-11,Anchorage,Railway,m2,201.07784190862344
2025-03-03,Subbase application,Road,m2,2072.55079974548
2025-12-16,Cement making,Building,m3,1870.2963245246146
2025-07-08,Ballast,Railway,m3,66.7004508281005
2025-07-26,Subbase application,Road,m2,2252.252979593535
2025-07-09,Terrain leveling,Building,m3,2275.6674300012614
2025-11-24,Foundation pouring,Building,m3,1089.0639602054935
2025-10-14,Anchorage,Railway,m2,1160.740658322012
2025-02-12,Foundation pouring,Building,m3,253.98201326402247
2025-04-14,Coat preparation,Road,L,3247.0318422374776
2025-05-09,Subbase application,Road,m2,3598.1814441481
2025-01-11,Laying steel rail,Railway,m,2661.5947560891223
2025-07-30,Rolling/Tractor,Road,m2,3186.3019278203824
2025-08-23,Cement making,Building,m3,2635.945201119624
2025-08-19,Coat preparation,Road,L,2543.7915413726128
2025-04-03,Subbase application,Road,m2,2650.248848368776
2025-02-14,Laying steel rail,Railway,m,3905.1571845953476
2025-03-15,Terrain leveling,Building,m3,2185.5726750534413
2025-04-15,Cement making,Building,m3,3467.398595034329
2025-12-09,Walling,Building,m2,2670.9600231038357
2025-08-03,Ballast,Railway,m3,1224.4095672047667
2025-10-16,Anchorage,Railway,m2,2813.106536173866
2025-04-18,Terrain leveling,Building,m3,540.0735015588348
2025-02-17,Subbase application,Road,m2,899.3719552473511
2025-11-22,Rolling/Tractor,Road,m2,4461.136940528344
2025-11-21,Iron mining,Railway,m3,112.92704715440082
2025-12-17,Rolling/Tractor,Road,m2,1173.5682426703504
2025-01-10,Terrain leveling,Building,m3,2307.038090929788
2025-06-26,Anchorage,Railway,m2,4562.720323765414
2025-12-05,Anchorage,Railway,m2,4890.762715862215
2025-06-04,Anchorage,Railway,m2,2689.826406535109
2025-05-31,Iron mining,Railway,m3,3489.435461348307
2025-08-17,Subbase application,Road,m2,4083.6320076669854
2025-06-05,Ballast,Railway,m3,1290.9521598203494
2025-07-24,Foundation pouring,Building,m3,4051.666735317376
2025-07-23,Pavement,Road,m2,4575.530382178808
2025-03-19,Walling,Building,m2,23.004377091530024
2025-06-02,Laying steel rail,Railway,m,2876.7643274084303
2025-05-28,Iron mining,Railway,m3,1072.4570318567582
2025-07-03,Removing trees,Building,m2,2731.6833475671497
2025-07-19,Laying steel rail,Railway,m,3870.969649190403
2025-08-13,Terrain leveling,Building,m3,4665.331889936017
2025-10-01,Rolling/Tractor,Road,m2,31.38209313719498
2025-06-28,Anchorage,Railway,m2,1211.1544763398479
2025-08-06,Cement making,Building,m3,2142.427943315165
2025-10-25,Ballast,Railway,m3,1604.1059455696738
2025-12-28,Iron mining,Railway,m3,2223.4514729911557
2025-11-26,Subbase application,Road,m2,4682.701405648491
2025-10-26,Anchorage,Railway,m2,3201.312667695697
2025-06-10,Subbase application,Road,m2,1304.8425786041428
2025-10-29,Terrain leveling,Building,m3,669.6792626670483
2025-05-20,Ballast,Railway,m3,697.7358878390427
2025-07-23,Pavement,Road,m2,2296.5879748310276
2025-08-03,Iron mining,Railway,m3,1023.9811350713119
2025-07-28,Pavement,Road,m2,2.908550250176334
2025-10-15,Ballast,Railway,m3,3625.231055003577
2025-09-23,Cement making,Building,m3,1443.126445853472
2025-10-31,Anchorage,Railway,m2,894.8780567817005
2025-07-17,Subbase application,Road,m2,1428.5430846018892
2025-07-26,Cement making,Building,m3,1197.0509056252122
2025-03-22,Terrain leveling,Building,m3,4086.279119597338
2025-11-25,Subbase application,Road,m2,2277.7084042850443
2025-11-22,Iron mining,Railway,m3,1636.984871729894
2025-05-13,Anchorage,Railway,m2,4963.596459142574
2025-02-13,Ballast,Railway,m3,1388.3637396680554
2025-08-14,Pavement,Road,m2,1796.9543235513136
2025-12-27,Ballast,Railway,m3,2615.8691041145526
2025-01-26,Iron mining,Railway,m3,4460.642032136717
2025-07-13,Subbase application,Road,m2,2468.4629621461645
2025-12-16,Ballast,Railway,m3,3184.243915715844
2025-04-06,Laying steel rail,Railway,m,3475.2229593999905
2025-05-04,Pavement,Road,m2,732.9619440365981
2025-05-28,Laying steel rail,Railway,m,13.83524412731374
2025-08-22,Cement making,Building,m3,435.9121505981356
2025-02-14,Removing trees,Building,m2,657.4691678211542
2025-03-23,Foundation pouring,Building,m3,3048.821841184976
2025-04-18,Ballast,Railway,m3,361.90779891877077
2025-07-18,Foundation pouring,Building,m3,2030.0028869657199
2025-05-03,Rolling/Tractor,Road,m2,4256.727305600842
2025-12-22,Coat preparation,Road,L,3171.6386019960596
2025-09-01,Ballast,Railway,m3,3426.2350872404877
2025-06-12,Laying steel rail,Railway,m,2026.5351600308934
2025-09-28,Terrain leveling,Building,m3,618.1621228867623
2025-02-02,Anchorage,Railway,m2,4431.086904369287
2025-10-08,Anchorage,Railway,m2,2707.966846638936
2025-09-06,Pavement,Road,m2,4797.705674004281
2025-02-03,Coat preparation,Road,L,4928.161217953955
2025-06-14,Coat preparation,Road,L,3055.658759760944
2025-08-17,Anchorage,Railway,m2,4096.289756536685
2025-01-09,Walling,Building,m2,901.3044430851141
2025-01-28,Pavement,Road,m2,2139.9177172186482
2025-01-04,Pavement,Road,m2,1792.1580898459865
2025-04-02,Terrain leveling,Building,m3,4216.964663708811
2025-09-07,Terrain leveling,Building,m3,2220.969166562522
2025-07-26,Anchorage,Railway,m2,306.53017676051167
2025-07-10,Rolling/Tractor,Road,m2,744.8379021947654
2025-06-18,Subbase application,Road,m2,4737.499576769555
2025-06-10,Pavement,Road,m2,4951.006410030444
2025-03-19,Pavement,Road,m2,2215.0219673325046
2025-12-20,Iron mining,Railway,m3,2617.8679517440096
2025-04-01,Removing trees,Building,m2,3280.6609126860603
2025-11-22,Cement making,Building,m3,4301.361163860453
2025-06-10,Removing trees,Building,m2,4129.721545408527
2025-10-18,Iron mining,Railway,m3,4139.541426426209
2025-11-08,Laying steel rail,Railway,m,4434.940535095637
2025-06-05,Rolling/Tractor,Road,m2,4939.913485956881
2025-02-04,Coat preparation,Road,L,4462.233620207945
2025-08-15,Terrain leveling,Building,m3,2385.1122963608636
2025-03-26,Subbase application,Road,m2,781.2584498591407
2025-12-02,Laying steel rail,Railway,m,1174.6374291623952
2025-08-05,Removing trees,Building,m2,287.7701204065941
2025-01-15,Removing trees,Building,m2,3997.376004094706
2025-09-10,Foundation pouring,Building,m3,3879.597099840916
2025-03-20,Coat preparation,Road,L,707.2562426598616
2025-10-15,Removing trees,Building,m2,823.900460006427
2025-01-24,Laying steel rail,Railway,m,1930.0860846375206
2025-01-05,Pavement,Road,m2,3777.4263228426657
2025-03-29,Cement making,Building,m3,462.87875609444586
2025-02-26,Coat preparation,Road,L,4277.816716608613
2025-04-05,Iron mining,Railway,m3,3309.024379407181
2025-04-07,Subbase application,Road,m2,2813.6919292250313
2025-03-07,Cement making,Building,m3,2516.706320528721
2025-03-27,Rolling/Tractor,Road,m2,2852.0028135408265
2025-10-12,Walling,Building,m2,3319.0207942991506
2025-03-23,Walling,Building,m2,297.8052210032667
2025-04-29,Cement making,Building,m3,2499.2484530231113
2025-09-24,Removing trees,Building,m2,175.72975853519745
2025-09-05,Removing trees,Building,m2,3682.441331752548
2025-12-04,Foundation pouring,Building,m3,4042.484643526687
2025-02-16,Laying steel rail,Railway,m,2065.5877993358927
2025-09-12,Coat preparation,Road,L,1001.0952032910702
2025-05-16,Laying steel rail,Railway,m,295.6446305059901
2025-07-22,Foundation pouring,Building,m3,2722.465177326937
2025-11-02,Removing trees,Building,m2,1062.087988211521
2025-10-21,Terrain leveling,Building,m3,4667.358153690367
2025-09-03,Anchorage,Railway,m2,2934.6306364095713
2025-08-07,Foundation pouring,Building,m3,4618.005221783596
2025-04-03,Coat preparation,Road,L,3915.536409084247
2025-08-23,Iron mining,Railway,m3,1596.1128685557242
2025-11-18,Ballast,Railway,m3,629.5810320206463
2025-07-29,Terrain leveling,Building,m3,3482.7830292853523
2025-06-14,Foundation pouring,Building,m3,3505.0695256715903
2025-06-23,Terrain leveling,Building,m3,932.3841149275952
2025-04-14,Rolling/Tractor,Road,m2,4340.221236382418
2025-07-02,Rolling/Tractor,Road,m2,1050.1927436472886
2025-01-27,Laying steel rail,Railway,m,4356.325394649953
2025-09-28,Terrain leveling,Building,m3,2393.0130231997387
2025-12-08,Removing trees,Building,m2,3939.9063774483884
2025-05-19,Ballast,Railway,m3,3060.2091020360417
2025-04-15,Terrain leveling,Building,m3,420.12447278596375
2025-01-21,Laying steel rail,Railway,m,1423.7454371096287
2025-01-16,Walling,Building,m2,4236.061676588547
2025-01-12,Terrain leveling,Building,m3,1650.9081294770367
2025-12-04,Pavement,Road,m2,964.5764940556755
2025-03-21,Laying steel rail,Railway,m,3900.219694003731
2025-12-22,Subbase application,Road,m2,4818.085952088309
2025-05-31,Pavement,Road,m2,1514.3926704235605
2025-03-02,Laying steel rail,Railway,m,1219.8668813768115
2025-03-18,Removing trees,Building,m2,4835.594218735511
2025-01-20,Removing trees,Building,m2,931.0506036513256
2025-09-15,Rolling/Tractor,Road,m2,366.28798576168407
2025-11-04,Terrain leveling,Building,m3,2369.0751793876243
2025-10-08,Subbase application,Road,m2,4878.8395866363035
2025-04-07,Iron mining,Railway,m3,2324.5047213622634
2025-02-20,Laying steel rail,Railway,m,1021.1328691488192
2025-02-03,Cement making,Building,m3,3276.229966478541
2025-08-05,Anchorage,Railway,m2,3802.763135654054
2025-08-19,Rolling/Tractor,Road,m2,4120.42390989105
2025-07-17,Iron mining,Railway,m3,2702.9108539097074
2025-10-16,Coat preparation,Road,L,3984.4082104093272
2025-09-29,Walling,Building,m2,1689.6199466702533
2025-07-10,Subbase application,Road,m2,3182.814467303977
2025-06-12,Subbase application,Road,m2,3150.625687907897
2025-08-17,Iron mining,Railway,m3,3502.034621744402
2025-04-02,Pavement,Road,m2,1124.705996766876
2025-12-18,Coat preparation,Road,L,253.71546794998977
2025-04-09,Anchorage,Railway,m2,603.2420381737307
2025-09-03,Iron mining,Railway,m3,1724.643208679194
2025-05-08,Subbase application,Road,m2,2404.6150058474063
2025-04-22,Foundation pouring,Building,m3,2246.313126270056
2025-12-19,Coat preparation,Road,L,866.4751737307208
2025-02-23,Pavement,Road,m2,2512.209350584034
2025-02-28,Terrain leveling,Building,m3,3556.882757517661
2025-07-15,Anchorage,Railway,m2,555.6112523341567
2025-05-02,Laying steel rail,Railway,m,4375.827900967901
2025-08-13,Laying steel rail,Railway,m,1958.768115960231
2025-12-28,Foundation pouring,Building,m3,2851.530602655512
2025-06-24,Removing trees,Building,m2,60.577996114007384
2025-09-04,Cement making,Building,m3,1475.937204893855
2025-01-28,Coat preparation,Road,L,2751.3793371219476
2025-09-24,Rolling/Tractor,Road,m2,3462.556503381737
2025-05-05,Rolling/Tractor,Road,m2,4648.91465112421
2025-07-15,Coat preparation,Road,L,1035.7067326669066
2025-04-26,Foundation pouring,Building,m3,2219.6096114296142
2025-02-25,Laying steel rail,Railway,m,3008.7164358954656
2025-06-26,Terrain leveling,Building,m3,3596.5691352727554
2025-06-16,Walling,Building,m2,3011.865262489381
2025-08-27,Anchorage,Railway,m2,3224.543889809478
2025-02-24,Subbase application,Road,m2,4867.972020359071
2025-02-11,Walling,Building,m2,3978.8436954607564
2025-09-25,Anchorage,Railway,m2,4660.506301834088
2025-07-30,Coat preparation,Road,L,3427.949655328091
2025-04-03,Cement making,Building,m3,3418.773565898438
2025-02-26,Iron mining,Railway,m3,2478.423243649327
2025-07-01,Foundation pouring,Building,m3,2776.826377759597
2025-10-19,Pavement,Road,m2,4717.561360137595
2025-10-18,Coat preparation,Road,L,1713.8850665596117
2025-01-25,Laying steel rail,Railway,m,487.87596114679644
2025-01-04,Foundation pouring,Building,m3,617.695453737741
2025-04-14,Anchorage,Railway,m2,643.5583022343444
2025-07-12,Cement making,Building,m3,2538.7464358066677
2025-04-19,Foundation pouring,Building,m3,4280.155949616037
2025-09-27,Laying steel rail,Railway,m,3029.856047980179
2025-01-29,Foundation pouring,Building,m3,644.1598379605546
2025-04-14,Ballast,Railway,m3,2346.4092424221635
2025-11-22,Subbase application,Road,m2,2240.36280129515
2025-03-03,Subbase application,Road,m2,1768.4602728850107
2025-05-18,Coat preparation,Road,L,604.8616908339649
2025-10-30,Pavement,Road,m2,2194.868033405862
2025-05-19,Anchorage,Railway,m2,3715.4914891702397
2025-09-06,Foundation pouring,Building,m3,46.3219008763488
2025-11-27,Subbase application,Road,m2,4906.192167084214
2025-08-26,Subbase application,Road,m2,540.1518460827937
2025-01-14,Walling,Building,m2,3946.129670191993
2025-07-29,Terrain leveling,Building,m3,1003.6710225924561
2025-09-12,Removing trees,Building,m2,568.9641356791298
2025-10-24,Anchorage,Railway,m2,4559.827428670081
2025-12-02,Anchorage,Railway,m2,1795.0391544301863
2025-04-11,Anchorage,Railway,m2,4031.363074962441
2025-07-13,Terrain leveling,Building,m3,4403.8547374690015
2025-11-24,Walling,Building,m2,4596.605052640426
2025-05-31,Laying steel rail,Railway,m,1582.2825209237128
2025-07-29,Cement making,Building,m3,717.411904691721
2025-09-06,Walling,Building,m2,4213.74296703831
2025-01-13,Pavement,Road,m2,320.52759970187026
2025-06-30,Walling,Building,m2,2275.033821122431
2025-10-09,Subbase application,Road,m2,3617.3751330423347
2025-04-10,Foundation pouring,Building,m3,82.58818791942623
2025-11-28,Cement making,Building,m3,2310.7622764665875
2025-03-23,Ballast,Railway,m3,1562.4380427665758
2025-01-22,Removing trees,Building,m2,1073.539070078443
2025-04-01,Walling,Building,m2,1613.7348580675975
2025-10-28,Terrain leveling,Building,m3,3954.3028194814365
2025-06-06,Rolling/Tractor,Road,m2,3971.8607890650874
2025-09-15,Coat preparation,Road,L,4926.010046711432
2025-03-17,Iron mining,Railway,m3,1653.3787678049478
2025-04-16,Laying steel rail,Railway,m,848.9295198269448
2025-06-03,Rolling/Tractor,Road,m2,1152.5971620928872
2025-12-04,Foundation pouring,Building,m3,170.738140891844
2025-06-17,Terrain leveling,Building,m3,1551.5326951849001
2025-01-21,Anchorage,Railway,m2,3281.564596441818
2025-08-10,Cement making,Building,m3,3766.5829531035292
2025-05-13,Laying steel rail,Railway,m,1425.1578280950932
2025-04-03,Removing trees,Building,m2,2373.180317076365
2025-10-31,Walling,Building,m2,1830.6974318893715
2025-12-19,Iron mining,Railway,m3,3082.8808021389314
2025-07-08,Anchorage,Railway,m2,461.548649437013
2025-09-24,Removing trees,Building,m2,676.4107250502105
2025-01-22,Cement making,Building,m3,1712.8442119380265
2025-12-26,Anchorage,Railway,m2,1373.688787616415
2025-06-11,Laying steel rail,Railway,m,2061.380725021629
2025-04-03,Rolling/Tractor,Road,m2,1522.1731171780189
2025-08-12,Pavement,Road,m2,3158.046451836474
2025-01-30,Pavement,Road,m2,3554.3452019728916
2025-03-20,Anchorage,Railway,m2,2030.8243077044285
2025-08-29,Anchorage,Railway,m2,271.89826337900956
2025-05-16,Coat preparation,Road,L,2858.2006613626263
2025-09-01,Coat preparation,Road,L,3198.2809129350526
2025-10-12,Ballast,Railway,m3,1398.2674126815175
2025-08-23,Rolling/Tractor,Road,m2,3464.5808014657796
2025-10-29,Coat preparation,Road,L,384.55079741023303
2025-11-30,Anchorage,Railway,m2,4090.097466388688
2025-10-27,Removing trees,Building,m2,4589.098487002592
2025-10-10,Walling,Building,m2,2644.0192892100667
2025-02-12,Walling,Building,m2,3416.9644634143992
2025-09-05,Cement making,Building,m3,3855.92286997722
2025-04-26,Laying steel rail,Railway,m,1741.1764960961202
2025-09-04,Anchorage,Railway,m2,3429.763552134972
2025-12-12,Removing trees,Building,m2,1667.6525177666963
2025-07-20,Ballast,Railway,m3,3929.9288333284376
2025-06-18,Laying steel rail,Railway,m,1286.3231882589726
2025-10-12,Cement making,Building,m3,391.9180235901837
2025-01-24,Walling,Building,m2,1515.7827542583952
2025-11-04,Removing trees,Building,m2,179.36331264492068
2025-08-26,Rolling/Tractor,Road,m2,3478.8379857933737
2025-05-18,Removing trees,Building,m2,1400.30478620758
2025-11-03,Coat preparation,Road,L,1596.9718562561043
2025-02-17,Pavement,Road,m2,917.6848776962587
2025-12-27,Coat preparation,Road,L,3701.4497276651305
2025-02-06,Anchorage,Railway,m2,3072.5873320094115
2025-10-25,Terrain leveling,Building,m3,3912.937881970463
2025-04-26,Ballast,Railway,m3,3786.356920667811
2025-12-04,Iron mining,Railway,m3,1122.2812041969487
2025-09-07,Rolling/Tractor,Road,m2,1743.811904515783
2025-11-07,Iron mining,Railway,m3,441.62465771866056
2025-07-06,Anchorage,Railway,m2,80.59092047709215
2025-04-11,Removing trees,Building,m2,3613.321243613476
2025-10-03,Ballast,Railway,m3,2021.421278895078
2025-08-07,Walling,Building,m2,1736.906221856161
2025-09-11,Subbase application,Road,m2,4532.7997150727715
2025-11-10,Foundation pouring,Building,m3,3771.557971390872
2025-06-05,Anchorage,Railway,m2,2475.1495355769575
2025-01-16,Ballast,Railway,m3,1609.5148913035723
2025-11-21,Walling,Building,m2,349.75242081680125
2025-10-17,Subbase application,Road,m2,3408.34446729057
2025-12-08,Cement making,Building,m3,340.3080401988096
2025-07-19,Laying steel rail,Railway,m,677.1259635171623
2025-10-30,Laying steel rail,Railway,m,3425.3978181910234
2025-02-13,Coat preparation,Road,L,4990.730757111913
2025-01-28,Subbase application,Road,m2,4285.822383777224
2025-01-22,Walling,Building,m2,1361.5711980093158
2025-02-10,Rolling/Tractor,Road,m2,1121.0474651372322
2025-05-23,Laying steel rail,Railway,m,3230.4103040808673
2025-10-05,Foundation pouring,Building,m3,1314.983869085532
2025-08-04,Terrain leveling,Building,m3,2794.94398026923
2025-08-27,Cement making,Building,m3,4818.089910833578
2025-06-07,Subbase application,Road,m2,3321.5929712510715
2025-06-27,Cement making,Building,m3,727.2292057496115
2025-05-10,Subbase application,Road,m2,1073.895124170834
2025-09-09,Anchorage,Railway,m2,1605.6322112766802
2025-02-27,Iron mining,Railway,m3,4228.53145045678
2025-01-27,Iron mining,Railway,m3,4773.365401092826
2025-04-07,Iron mining,Railway,m3,3372.709302439079
2025-09-21,Iron mining,Railway,m3,3966.4395600728913
2025-02-04,Walling,Building,m2,916.5908189461796
2025-01-18,Walling,Building,m2,2184.5043910645804
2025-09-21,Iron mining,Railway,m3,3590.7917754838586
2025-10-30,Removing trees,Building,m2,2169.2759174417142
2025-10-06,Terrain leveling,Building,m3,3507.666109221225
2025-05-03,Walling,Building,m2,2146.580360470261
2025-12-26,Walling,Building,m2,2468.9817777751737
2025-04-16,Subbase application,Road,m2,2264.2177075143977
2025-10-03,Subbase application,Road,m2,4021.416239479814
2025-11-15,Pavement,Road,m2,2527.6661751744673
2025-05-02,Removing trees,Building,m2,1461.6499939985183
2025-11-04,Pavement,Road,m2,3109.74600417886
2025-10-11,Cement making,Building,m3,2638.1968845952933
2025-12-06,Laying steel rail,Railway,m,2244.4141403316007
2025-10-04,Subbase application,Road,m2,2097.826308973312
2025-01-16,Rolling/Tractor,Road,m2,3736.3947324983837
2025-09-02,Anchorage,Railway,m2,287.738753189713
2025-01-29,Coat preparation,Road,L,3576.7921703076295
2025-10-12,Laying steel rail,Railway,m,1104.6416378324402
2025-10-17,Removing trees,Building,m2,2571.460784980483
2025-08-30,Subbase application,Road,m2,2829.5325416598016
2025-05-23,Coat preparation,Road,L,1006.8923555824227
2025-03-27,Rolling/Tractor,Road,m2,1200.1594261597913
2025-11-22,Coat preparation,Road,L,2612.758915595873
2025-10-07,Anchorage,Railway,m2,4146.544580765914
2025-03-06,Foundation pouring,Building,m3,3767.9380012513043
2025-11-01,Laying steel rail,Railway,m,3190.208071863878
2025-05-05,Coat preparation,Road,L,1546.6289353759548
2025-08-03,Pavement,Road,m2,1123.3026429659349
2025-05-21,Walling,Building,m2,4743.7165804857
2025-08-10,Iron mining,Railway,m3,1825.1180255394756
2025-06-05,Laying steel rail,Railway,m,3056.3816481615663
2025-03-23,Terrain leveling,Building,m3,2722.5536531095113
2025-03-17,Rolling/Tractor,Road,m2,3656.520290512491
2025-11-08,Subbase application,Road,m2,787.3033373963711
2025-12-28,Iron mining,Railway,m3,162.09486349147707
2025-04-12,Laying steel rail,Railway,m,3211.612635065032
2025-07-31,Walling,Building,m2,2623.2734070808056
2025-11-18,Removing trees,Building,m2,1189.419006455405
2025-11-10,Subbase application,Road,m2,3371.14751715912
2025-06-19,Coat preparation,Road,L,1020.1806782059808
2025-02-10,Cement making,Building,m3,2144.8814561765143
2025-01-29,Coat preparation,Road,L,3065.362444331593
2025-05-04,Pavement,Road,m2,701.1082696186716
2025-05-29,Removing trees,Building,m2,4735.829658543051
2025-07-27,Anchorage,Railway,m2,422.93489313525225
2025-04-27,Ballast,Railway,m3,532.6784832272757
2025-09-11,Rolling/Tractor,Road,m2,3262.567934641158
2025-09-09,Laying steel rail,Railway,m,1361.5115164873287
2025-05-19,Pavement,Road,m2,3570.7552945254934
2025-04-10,Coat preparation,Road,L,3594.9636205425445
2025-12-01,Terrain leveling,Building,m3,4059.2364989817706
2025-05-16,Anchorage,Railway,m2,4171.36564848137
2025-07-15,Subbase application,Road,m2,3802.3693810046357
2025-03-11,Pavement,Road,m2,2936.65867071609
2025-05-11,Coat preparation,Road,L,3976.0971489044678
2025-05-14,Iron mining,Railway,m3,3306.7615899295506
2025-03-02,Ballast,Railway,m3,2043.3524126111963
2025-06-17,Walling,Building,m2,3540.1522541785866
2025-10-28,Ballast,Railway,m3,2583.63942810674
2025-06-01,Rolling/Tractor,Road,m2,1653.9285577230216
2025-05-20,Walling,Building,m2,611.5804953097797
2025-03-15,Terrain leveling,Building,m3,3526.4124238339014
2025-06-30,Subbase application,Road,m2,2387.169940002126
2025-04-26,Foundation pouring,Building,m3,1537.686719542876
2025-03-23,Pavement,Road,m2,663.7837750393621
2025-08-22,Coat preparation,Road,L,1285.397785033171
2025-03-02,Terrain leveling,Building,m3,3494.9238126015193
2025-06-03,Rolling/Tractor,Road,m2,4352.709871740833
2025-06-12,Terrain leveling,Building,m3,2995.395647739422
2025-02-10,Laying steel rail,Railway,m,1721.2930456582121
2025-10-20,Ballast,Railway,m3,1367.1786817930065
2025-05-02,Cement making,Building,m3,434.41360078905365
2025-06-12,Foundation pouring,Building,m3,4516.541914447698
2025-10-14,Coat preparation,Road,L,1290.1490082786781
2025-12-28,Foundation pouring,Building,m3,3340.7980660965263
2025-11-17,Ballast,Railway,m3,245.97555944918082
2025-01-22,Iron mining,Railway,m3,1306.118913908121
2025-06-07,Subbase application,Road,m2,1453.7987110706097
2025-06-24,Terrain leveling,Building,m3,4999.609184969126
2025-06-17,Foundation pouring,Building,m3,326.1601998244162
2025-11-06,Iron mining,Railway,m3,2568.756989600445
2025-07-12,Anchorage,Railway,m2,1213.9593819753425
2025-05-27,Removing trees,Building,m2,180.74443540750107
2025-10-22,Terrain leveling,Building,m3,3404.532614816457
2025-07-12,Pavement,Road,m2,3086.07091442932
2025-04-22,Pavement,Road,m2,1524.2198283843438
2025-08-31,Walling,Building,m2,3470.5546051161114
2025-04-20,Pavement,Road,m2,1646.3133918617002
2025-04-10,Iron mining,Railway,m3,4863.948618939143
2025-04-10,Coat preparation,Road,L,2605.1497015567375
2025-09-29,Iron mining,Railway,m3,1450.9280143008195
2025-08-30,Foundation pouring,Building,m3,138.53568866382227
2025-05-18,Laying steel rail,Railway,m,1631.7314964558254
2025-11-02,Foundation pouring,Building,m3,4509.059468191399
2025-07-25,Anchorage,Railway,m2,3707.824483314361
2025-02-07,Removing trees,Building,m2,4472.3337892732325
2025-02-17,Pavement,Road,m2,2646.990710765372
2025-09-15,Coat preparation,Road,L,1695.97649169623
2025-04-29,Laying steel rail,Railway,m,1708.5619078562409
2025-07-04,Anchorage,Railway,m2,1613.1061517718847
2025-11-02,Pavement,Road,m2,4901.206245972799
2025-08-02,Anchorage,Railway,m2,3891.1924624318494
2025-01-07,Walling,Building,m2,3092.869507187774
2025-05-26,Walling,Building,m2,2180.9555650161965
2025-01-05,Ballast,Railway,m3,307.00757293901705
2025-11-26,Ballast,Railway,m3,3097.2764962420233
2025-11-29,Coat preparation,Road,L,704.9458663917458
2025-12-20,Pavement,Road,m2,4788.230808142782
2025-12-24,Pavement,Road,m2,1776.7331113832736
2025-11-20,Pavement,Road,m2,329.7366184244055
2025-09-19,Ballast,Railway,m3,4819.74006573601
2025-06-22,Ballast,Railway,m3,4199.150585703242
2025-12-12,Foundation pouring,Building,m3,4274.922509328419
2025-06-30,Coat preparation,Road,L,435.5540892561782
2025-01-02,Laying steel rail,Railway,m,3486.3984832563947
2025-10-16,Cement making,Building,m3,4788.408911501908
2025-12-19,Ballast,Railway,m3,3943.951099993857
2025-04-24,Rolling/Tractor,Road,m2,4237.599378433874
2025-06-06,Iron mining,Railway,m3,4725.29646639524
2025-12-19,Pavement,Road,m2,4081.325740233328
2025-08-23,Subbase application,Road,m2,262.37461544567907
2025-08-16,Laying steel rail,Railway,m,4225.482099603933
2025-08-17,Ballast,Railway,m3,472.301504801661
2025-11-28,Removing trees,Building,m2,3057.516007738382
2025-04-21,Walling,Building,m2,2899.646024089028
2025-05-14,Rolling/Tractor,Road,m2,3084.673853802164
2025-10-18,Iron mining,Railway,m3,664.8910855846124
2025-04-30,Removing trees,Building,m2,393.22125093705586
2025-12-21,Cement making,Building,m3,1478.724794238952
2025-08-29,Cement making,Building,m3,3520.783058393236
2025-02-23,Subbase application,Road,m2,1709.473776386858
2025-06-27,Subbase application,Road,m2,1904.3547092317003
2025-01-29,Pavement,Road,m2,2849.6957424894376
2025-03-30,Ballast,Railway,m3,3094.648942575977
2025-08-30,Ballast,Railway,m3,1757.7401349188988
2025-12-22,Cement making,Building,m3,4132.980604037813
2025-08-01,Removing trees,Building,m2,1712.868455361437
2025-11-07,Ballast,Railway,m3,4136.461696986932
2025-05-14,Laying steel rail,Railway,m,752.0954216387881
2025-04-11,Pavement,Road,m2,2294.3597689236794
2025-08-02,Iron mining,Railway,m3,1508.9302840645407
2025-04-13,Laying steel rail,Railway,m,1253.404963713316
2025-12-16,Coat preparation,Road,L,1076.2039359871155
2025-05-14,Pavement,Road,m2,2669.8577629675065
2025-05-21,Iron mining,Railway,m3,3416.574093496671
2025-06-06,Rolling/Tractor,Road,m2,2485.3549970823597
2025-10-28,Laying steel rail,Railway,m,4866.399592556712
2025-03-17,Cement making,Building,m3,2992.9264797489586
2025-10-21,Terrain leveling,Building,m3,2064.628963818856
2025-05-11,Iron mining,Railway,m3,4796.961491205809
2025-08-18,Anchorage,Railway,m2,1603.1955092930627
2025-04-26,Removing trees,Building,m2,1431.0342757420863
2025-03-22,Subbase application,Road,m2,2176.0671834636523
2025-10-31,Coat preparation,Road,L,321.9711048685431
2025-03-15,Terrain leveling,Building,m3,4509.351381854382
2025-02-21,Ballast,Railway,m3,415.83226322764955
2025-07-30,Laying steel rail,Railway,m,815.3698407692622
2025-06-21,Anchorage,Railway,m2,1596.9484859228482
2025-02-04,Foundation pouring,Building,m3,1531.9338743130845
2025-04-18,Iron mining,Railway,m3,817.0117536711052
2025-02-08,Coat preparation,Road,L,208.5763897601711
2025-01-24,Cement making,Building,m3,1936.5834480086353
2025-02-05,Removing trees,Building,m2,1280.5317194179866
2025-02-20,Rolling/Tractor,Road,m2,4792.217753371501
2025-07-25,Removing trees,Building,m2,1246.9532184507104
2025-02-19,Walling,Building,m2,1111.5667007093982
2025-03-17,Removing trees,Building,m2,1232.26376616503
2025-07-06,Coat preparation,Road,L,2076.050283696851
2025-09-14,Coat preparation,Road,L,2770.5625340962215
2025-04-30,Anchorage,Railway,m2,1592.5509576758673
2025-09-11,Subbase application,Road,m2,4796.44625405367
2025-09-12,Laying steel rail,Railway,m,4495.599288616821
2025-04-07,Iron mining,Railway,m3,1557.1156921077456
2025-06-05,Laying steel rail,Railway,m,1820.008791819583
2025-10-25,Pavement,Road,m2,457.75827760243806
2025-01-17,Walling,Building,m2,2118.1208220876174
2025-01-11,Ballast,Railway,m3,2614.3486969332967
2025-07-05,Laying steel rail,Railway,m,249.8315167016185
2025-01-21,Laying steel rail,Railway,m,186.47700515058708
2025-10-29,Ballast,Railway,m3,1648.3789316710024
2025-08-25,Laying steel rail,Railway,m,3890.7553630750267
2025-10-07,Subbase application,Road,m2,2308.30789452888
2025-04-13,Cement making,Building,m3,617.8237848950347
2025-04-23,Laying steel rail,Railway,m,3498.840380894194
2025-06-22,Foundation pouring,Building,m3,3879.8694006369415
2025-02-10,Laying steel rail,Railway,m,1867.657710671617
2025-12-25,Rolling/Tractor,Road,m2,4159.695630593151
2025-11-16,Removing trees,Building,m2,3355.322179099481
2025-04-06,Cement making,Building,m3,4797.384836162958
2025-10-15,Removing trees,Building,m2,4424.583345120593
2025-07-16,Foundation pouring,Building,m3,3189.026758300509
2025-08-14,Foundation pouring,Building,m3,2053.8594332515636
2025-09-16,Laying steel rail,Railway,m,3058.2579580635083
2025-08-31,Removing trees,Building,m2,829.3453185372523
2025-10-26,Subbase application,Road,m2,3841.7576229174556
2025-07-02,Foundation pouring,Building,m3,4171.47123142638
2025-10-03,Anchorage,Railway,m2,2672.533551874185
2025-11-08,Terrain leveling,Building,m3,3171.6523559990806
2025-09-04,Iron mining,Railway,m3,1589.8597667790043
2025-08-30,Cement making,Building,m3,914.1690450832757
2025-01-08,Anchorage,Railway,m2,913.9922811213974
2025-11-03,Walling,Building,m2,3282.200006046425
2025-07-13,Subbase application,Road,m2,3831.0956467461974
2025-03-23,Removing trees,Building,m2,1659.964171840198
2025-04-26,Walling,Building,m2,4194.8151379445
2025-02-06,Iron mining,Railway,m3,4254.975873262219
2025-01-16,Removing trees,Building,m2,93.16676194301598
2025-02-07,Iron mining,Railway,m3,882.7975690724177
2025-01-30,Pavement,Road,m2,502.3145450903216
2025-09-07,Coat preparation,Road,L,1435.4944094473442
2025-12-10,Walling,Building,m2,3173.6309197151236
2025-05-21,Cement making,Building,m3,3145.2258753681454
2025-05-06,Walling,Building,m2,3020.3808477461707
2025-01-20,Ballast,Railway,m3,1453.9077587616762
2025-04-25,Subbase application,Road,m2,4600.445584193487
2025-08-20,Anchorage,Railway,m2,3403.3649672502024
2025-05-17,Walling,Building,m2,2668.6474991833707
2025-09-21,Rolling/Tractor,Road,m2,1109.4820040922782
2025-01-25,Subbase application,Road,m2,205.2214087188875
2025-07-21,Subbase application,Road,m2,3017.0032690375447
2025-05-28,Foundation pouring,Building,m3,246.4769679685086
2025-03-21,Pavement,Road,m2,2234.21601027124
2025-02-20,Coat preparation,Road,L,1352.246248665781
2025-04-15,Iron mining,Railway,m3,3600.964411801574
2025-08-10,Pavement,Road,m2,1666.7228563883345
2025-11-23,Removing trees,Building,m2,4078.4176729675924
2025-09-29,Terrain leveling,Building,m3,4461.065706436436
2025-07-27,Rolling/Tractor,Road,m2,1190.7099080711375
2025-05-07,Cement making,Building,m3,2405.824543651776
2025-02-28,Terrain leveling,Building,m3,1269.8448265156337
2025-03-15,Cement making,Building,m3,898.8850773517759
2025-08-27,Rolling/Tractor,Road,m2,2125.8382991162757
2025-11-15,Pavement,Road,m2,4782.142131634349
2025-07-12,Subbase application,Road,m2,3000.5530461577046
2025-03-11,Terrain leveling,Building,m3,1101.2811736992912
2025-11-19,Walling,Building,m2,4579.551110277313
2025-12-17,Foundation pouring,Building,m3,4003.5411283814983
2025-12-19,Rolling/Tractor,Road,m2,2791.8855973807104
2025-11-11,Laying steel rail,Railway,m,905.6916331469433
2025-06-23,Terrain leveling,Building,m3,780.319183501556
2025-06-26,Walling,Building,m2,1098.0886023228986
2025-10-16,Anchorage,Railway,m2,2978.0760419815606
2025-01-23,Iron mining,Railway,m3,4551.8748773867255
2025-11-12,Coat preparation,Road,L,4683.898003696267
2025-10-12,Pavement,Road,m2,2858.322274419923
2025-03-09,Foundation pouring,Building,m3,3932.726780897473
2025-09-23,Terrain leveling,Building,m3,2617.008782958976
2025-09-13,Subbase application,Road,m2,3159.5037714133305
2025-08-13,Terrain leveling,Building,m3,789.9084878421447
2025-06-06,Walling,Building,m2,39.96279256796298
2025-03-01,Coat preparation,Road,L,4310.326989745378
2025-02-19,Removing trees,Building,m2,653.3778181082849
2025-09-16,Cement making,Building,m3,2759.6026568462107
2025-06-30,Laying steel rail,Railway,m,2483.350486550462
2025-09-29,Pavement,Road,m2,2053.163255408751
2025-11-29,Walling,Building,m2,2786.1276886542537
2025-04-12,Ballast,Railway,m3,2585.2812514494185
2025-08-06,Rolling/Tractor,Road,m2,3090.7110493322316
2025-12-10,Ballast,Railway,m3,2115.0041729889354
2025-03-21,Coat preparation,Road,L,3427.151196903869
2025-09-10,Terrain leveling,Building,m3,4202.41406219436
2025-11-08,Subbase application,Road,m2,3731.7445716629795
2025-10-04,Coat preparation,Road,L,3264.6267594898854
2025-11-11,Removing trees,Building,m2,2470.111359316799
2025-03-10,Foundation pouring,Building,m3,3276.69581728925
2025-03-08,Laying steel rail,Railway,m,2117.923362879245
2025-05-12,Ballast,Railway,m3,927.6222052934796
2025-01-21,Anchorage,Railway,m2,2807.8437481631686
2025-08-09,Rolling/Tractor,Road,m2,211.66091797141019
2025-10-20,Terrain leveling,Building,m3,2300.3992997554983
2025-08-01,Terrain leveling,Building,m3,2217.585663017011
2025-05-09,Ballast,Railway,m3,4873.245044195921
2025-08-02,Removing trees,Building,m2,4422.953835277551
2025-11-30,Subbase application,Road,m2,1701.7098406004811
2025-10-08,Laying steel rail,Railway,m,2427.977346448003
2025-02-01,Cement making,Building,m3,574.6011585812449
2025-12-23,Ballast,Railway,m3,517.5303327746161
2025-02-07,Walling,Building,m2,1150.857851917449
2025-01-02,Pavement,Road,m2,1135.1376953542015
2025-10-24,Ballast,Railway,m3,509.48155205715994
2025-02-08,Walling,Building,m2,2626.417047389665
2025-02-17,Walling,Building,m2,118.87732362690639
2025-12-02,Cement making,Building,m3,970.1639483892399
2025-12-29,Coat preparation,Road,L,3990.73698898467
2025-05-26,Walling,Building,m2,3593.756392067547
2025-01-13,Pavement,Road,m2,1173.2876911790675
2025-04-23,Anchorage,Railway,m2,4368.33542414012
2025-04-16,Coat preparation,Road,L,661.305453795713
2025-02-28,Pavement,Road,m2,1022.7180626906446
2025-12-27,Walling,Building,m2,584.8765372917669
2025-04-08,Cement making,Building,m3,3199.4975481099914
2025-05-25,Coat preparation,Road,L,311.4409477069574
2025-07-20,Subbase application,Road,m2,2320.457132197027
2025-12-15,Subbase application,Road,m2,1029.0435237867318
2025-03-24,Foundation pouring,Building,m3,3121.294262696157
2025-08-28,Coat preparation,Road,L,3942.6483187007266
2025-07-11,Iron mining,Railway,m3,869.6531220144926
2025-07-20,Walling,Building,m2,2426.4723058786826
2025-01-18,Anchorage,Railway,m2,3779.362997079769
2025-11-24,Anchorage,Railway,m2,4147.017319361889
2025-04-26,Coat preparation,Road,L,283.2632299057225
2025-12-02,Removing trees,Building,m2,3164.189565173611
2025-05-23,Pavement,Road,m2,2604.5844225580104
2025-04-27,Anchorage,Railway,m2,1488.8171264796952
2025-01-18,Rolling/Tractor,Road,m2,3371.9763458952452
2025-12-26,Cement making,Building,m3,1228.1096151549086
2025-12-25,Walling,Building,m2,3927.2046667456475
2025-06-26,Foundation pouring,Building,m3,787.1219785815747
2025-05-25,Anchorage,Railway,m2,1970.4564201403464
2025-06-23,Subbase application,Road,m2,3161.9495821019727
2025-09-20,Pavement,Road,m2,1441.1249030930944
2025-09-05,Iron mining,Railway,m3,2003.907125143653
2025-08-30,Terrain leveling,Building,m3,3128.8125937934165
2025-10-23,Pavement,Road,m2,3244.9410977528983
2025-06-28,Foundation pouring,Building,m3,708.8793645863456
2025-01-21,Subbase application,Road,m2,4841.466213395091
2025-05-04,Anchorage,Railway,m2,1379.8380577676967
2025-12-24,Iron mining,Railway,m3,852.054393172842
2025-04-18,Removing trees,Building,m2,4398.799416931972
2025-02-25,Subbase application,Road,m2,4146.1643140042
2025-03-09,Terrain leveling,Building,m3,840.4098065780908
2025-12-05,Iron mining,Railway,m3,625.4858564264975
2025-09-08,Pavement,Road,m2,1290.5891865519347
2025-07-24,Anchorage,Railway,m2,4802.45738968937
2025-12-22,Removing trees,Building,m2,4797.043563571431
2025-01-20,Cement making,Building,m3,2844.95496390322
2025-08-16,Laying steel rail,Railway,m,774.0114863594328
2025-07-01,Terrain leveling,Building,m3,4981.770349252056
2025-06-20,Anchorage,Railway,m2,4160.947625032059
2025-11-20,Cement making,Building,m3,236.8891863055339
2025-09-23,Rolling/Tractor,Road,m2,2597.614083545425
2025-02-28,Terrain leveling,Building,m3,385.24330307078026
2025-08-11,Laying steel rail,Railway,m,4757.02544256886
2025-11-22,Rolling/Tractor,Road,m2,2408.870145267204
2025-06-21,Anchorage,Railway,m2,2000.3984976346972
2025-10-06,Rolling/Tractor,Road,m2,4487.515088621106
2025-01-05,Ballast,Railway,m3,1834.122523040923
2025-08-26,Foundation pouring,Building,m3,135.7500936899797
2025-02-27,Foundation pouring,Building,m3,3079.062448112826
2025-03-17,Rolling/Tractor,Road,m2,750.6314789148488
2025-07-02,Walling,Building,m2,3450.4201307329313
2025-09-24,Foundation pouring,Building,m3,3857.636931130913
2025-06-27,Foundation pouring,Building,m3,3306.923624766999
2025-02-07,Ballast,Railway,m3,2332.827896226973
2025-01-11,Walling,Building,m2,2498.2268070271384
2025-09-11,Laying steel rail,Railway,m,3977.487252841643
2025-04-18,Iron mining,Railway,m3,4527.857971628896
2025-02-14,Anchorage,Railway,m2,2966.3492610942017
2025-06-12,Ballast,Railway,m3,86.51945826063655
2025-07-29,Subbase application,Road,m2,4867.333512823338
2025-06-04,Coat preparation,Road,L,499.5629882773461
2025-03-19,Iron mining,Railway,m3,4421.635494534404
2025-07-22,Coat preparation,Road,L,797.4419810602035
2025-05-18,Laying steel rail,Railway,m,4907.211229637144
2025-12-07,Ballast,Railway,m3,3155.182829031623
2025-05-15,Removing trees,Building,m2,1312.1158384134624
2025-07-20,Anchorage,Railway,m2,2974.5644814174993
2025-12-16,Ballast,Railway,m3,1389.6428945143186
2025-09-02,Anchorage,Railway,m2,4190.80886037075
2025-04-13,Walling,Building,m2,2924.514839586396
2025-03-17,Rolling/Tractor,Road,m2,4686.063419422045
2025-10-01,Foundation pouring,Building,m3,1725.071117595623
2025-10-18,Ballast,Railway,m3,368.59510611652547
2025-02-19,Walling,Building,m2,4283.994098150847
2025-06-14,Foundation pouring,Building,m3,3335.0811672477957
2025-07-01,Coat preparation,Road,L,1079.9255222495246
2025-04-26,Subbase application,Road,m2,51.20587226780216
2025-07-20,Pavement,Road,m2,4781.61040832416
2025-07-06,Terrain leveling,Building,m3,4062.3761382536754
2025-05-14,Anchorage,Railway,m2,1369.0455385604073
2025-07-04,Iron mining,Railway,m3,4953.038328522538
2025-05-27,Iron mining,Railway,m3,2403.4906617674687
2025-08-02,Laying steel rail,Railway,m,4102.9763909853
2025-04-22,Terrain leveling,Building,m3,2407.970441200088
2025-01-22,Removing trees,Building,m2,4907.139582256662
2025-12-15,Iron mining,Railway,m3,4906.784709406987
2025-01-20,Iron mining,Railway,m3,2118.900582466001
2025-09-05,Anchorage,Railway,m2,3008.1467123416423
2025-02-11,Iron mining,Railway,m3,4603.964397434744
2025-07-16,Pavement,Road,m2,1186.8731470240868
2025-04-16,Rolling/Tractor,Road,m2,3234.1125011084173
2025-09-07,Pavement,Road,m2,2869.393620241261
2025-08-15,Terrain leveling,Building,m3,4759.096930664645
2025-06-13,Removing trees,Building,m2,1573.4697299804807
2025-10-20,Pavement,Road,m2,2045.7261706311947
2025-02-19,Coat preparation,Road,L,289.00460461976365
2025-05-12,Coat preparation,Road,L,1011.7854442028279
2025-08-09,Removing trees,Building,m2,4880.173793877271
2025-10-20,Removing trees,Building,m2,2277.0800667144913
2025-08-14,Subbase application,Road,m2,965.6518035777679
2025-07-11,Removing trees,Building,m2,2044.6157423892053
2025-11-30,Anchorage,Railway,m2,2712.6895826654413
2025-05-22,Laying steel rail,Railway,m,2973.652370854293
2025-01-16,Pavement,Road,m2,4528.802502372927
2025-03-29,Subbase application,Road,m2,3946.876244176643
2025-12-07,Walling,Building,m2,2815.3476415779573
2025-07-02,Pavement,Road,m2,2221.886950398436
2025-12-02,Terrain leveling,Building,m3,2870.640565783129
2025-05-02,Rolling/Tractor,Road,m2,720.1435854984505
2025-11-24,Coat preparation,Road,L,3103.7217299397184
2025-02-22,Terrain leveling,Building,m3,293.8557581465917
2025-10-08,Cement making,Building,m3,2897.5305418405433
2025-07-13,Subbase application,Road,m2,1044.344080315167
2025-10-15,Rolling/Tractor,Road,m2,1493.0545806088724
2025-11-07,Rolling/Tractor,Road,m2,4887.282315482098
2025-03-02,Walling,Building,m2,951.8460848106064
2025-10-02,Terrain leveling,Building,m3,3986.0237798403464
2025-06-01,Laying steel rail,Railway,m,3687.866193368571
2025-03-16,Terrain leveling,Building,m3,1740.801298931454
2025-12-27,Foundation pouring,Building,m3,1882.5273089402317
2025-05-14,Rolling/Tractor,Road,m2,1237.7854989489779
2025-01-26,Laying steel rail,Railway,m,1747.533057101866
2025-12-29,Rolling/Tractor,Road,m2,4358.435461665943
2025-09-02,Removing trees,Building,m2,2564.018452526296
2025-03-24,Ballast,Railway,m3,728.8278583423619
2025-08-15,Walling,Building,m2,485.7918757422863
2025-01-24,Foundation pouring,Building,m3,1875.1170955150908
2025-10-29,Terrain leveling,Building,m3,2578.27749001356
2025-01-14,Ballast,Railway,m3,1041.2488971621792
2025-05-17,Ballast,Railway,m3,1599.0352376593842
2025-12-04,Walling,Building,m2,4236.686645086253
2025-03-19,Cement making,Building,m3,3783.336447103936
2025-10-27,Subbase application,Road,m2,3005.252461205228
2025-03-13,Foundation pouring,Building,m3,1848.9279507133676
2025-03-25,Anchorage,Railway,m2,3853.1516929696895
2025-04-16,Anchorage,Railway,m2,594.4347614952983
2025-07-23,Foundation pouring,Building,m3,4128.621229333912
2025-12-25,Removing trees,Building,m2,1649.292269037873
2025-08-17,Terrain leveling,Building,m3,2713.0896650907134
2025-03-17,Pavement,Road,m2,4000.0303574861623
2025-08-29,Iron mining,Railway,m3,3141.800449960301
2025-07-24,Coat preparation,Road,L,4025.3689637043235
2025-12-17,Anchorage,Railway,m2,3619.931877409837
2025-04-18,Cement making,Building,m3,4625.038678692527
2025-09-24,Foundation pouring,Building,m3,909.6573625234599
2025-06-21,Terrain leveling,Building,m3,1125.4774662134976
2025-09-17,Cement making,Building,m3,3727.464826578815
2025-07-25,Foundation pouring,Building,m3,3537.4347586556405
2025-02-07,Rolling/Tractor,Road,m2,274.46410983550106
2025-05-26,Ballast,Railway,m3,1270.763871105437
2025-04-14,Foundation pouring,Building,m3,2912.239956350919
2025-02-12,Laying steel rail,Railway,m,3971.893895451563
2025-09-05,Ballast,Railway,m3,1051.8722681371262
2025-12-24,Terrain leveling,Building,m3,3928.1366220815066
2025-05-18,Rolling/Tractor,Road,m2,3724.6806818625123
2025-06-10,Laying steel rail,Railway,m,2715.4368220924252
2025-06-13,Ballast,Railway,m3,2402.629817617362
2025-01-26,Laying steel rail,Railway,m,2984.6558361413004
2025-08-12,Anchorage,Railway,m2,3708.5301265110643
2025-02-24,Foundation pouring,Building,m3,1565.0807356693485
2025-02-19,Walling,Building,m2,3147.5126051570355
2025-07-14,Ballast,Railway,m3,288.5556937483269
2025-09-13,Foundation pouring,Building,m3,4769.883570675503
2025-07-28,Rolling/Tractor,Road,m2,2026.2913523558113
2025-12-12,Walling,Building,m2,1281.4225277419278
2025-11-09,Foundation pouring,Building,m3,1602.743120184213
2025-11-05,Subbase application,Road,m2,3012.400647318241
2025-03-26,Foundation pouring,Building,m3,273.56615623243596
2025-12-13,Foundation pouring,Building,m3,1974.8290372100334
2025-10-08,Pavement,Road,m2,891.0314451361212
2025-09-01,Foundation pouring,Building,m3,1034.3939955859344
2025-12-17,Pavement,Road,m2,4340.76973604187
2025-04-06,Rolling/Tractor,Road,m2,3726.70889500848
2025-03-19,Cement making,Building,m3,1225.5283721809546
2025-09-01,Terrain leveling,Building,m3,3106.3437724169585
2025-01-02,Iron mining,Railway,m3,1548.8830420060285
2025-08-12,Pavement,Road,m2,52.86460941103688
2025-12-25,Coat preparation,Road,L,1565.5169027337256
2025-05-15,Anchorage,Railway,m2,1913.9877711067143
2025-01-28,Cement making,Building,m3,1312.6121686626734
2025-09-21,Removing trees,Building,m2,4156.977647419136
2025-04-23,Subbase application,Road,m2,3213.8264687065316
2025-05-21,Subbase application,Road,m2,3662.4885555613478
2025-12-20,Rolling/Tractor,Road,m2,1694.8480272961858
2025-09-10,Walling,Building,m2,1438.9820546280268
2025-06-20,Rolling/Tractor,Road,m2,2906.1090296059515
2025-04-18,Subbase application,Road,m2,1291.2815425517492
2025-10-15,Rolling/Tractor,Road,m2,2399.25202207905
2025-02-03,Iron mining,Railway,m3,4446.316735343484
2025-09-20,Terrain leveling,Building,m3,1231.598915116548
2025-08-31,Pavement,Road,m2,3347.057998901352
2025-04-27,Cement making,Building,m3,2306.2844060502684
2025-07-21,Coat preparation,Road,L,1968.3453923559453
2025-05-23,Pavement,Road,m2,420.84641392872715
2025-09-14,Removing trees,Building,m2,3703.9406501852177
2025-10-25,Ballast,Railway,m3,1166.780861216094
2025-07-25,Anchorage,Railway,m2,3412.705088200306
2025-12-15,Rolling/Tractor,Road,m2,4466.58320942537
2025-11-18,Ballast,Railway,m3,4805.257932475866
2025-07-28,Removing trees,Building,m2,2669.7211075296746
2025-10-01,Walling,Building,m2,1384.5760448905742
2025-10-28,Laying steel rail,Railway,m,2068.2879161878677
2025-06-07,Iron mining,Railway,m3,4430.428897459299
2025-04-24,Coat preparation,Road,L,4797.123084451975
2025-04-07,Iron mining,Railway,m3,4515.837573533008
2025-02-10,Walling,Building,m2,4009.187079279789
2025-01-01,Laying steel rail,Railway,m,3163.3172675273113
2025-09-17,Anchorage,Railway,m2,3169.035380054129
2025-12-01,Ballast,Railway,m3,4060.8025965328575
2025-08-18,Cement making,Building,m3,1286.3393635037778
2025-08-17,Coat preparation,Road,L,1755.0188321867993
2025-10-30,Subbase application,Road,m2,3965.3885101447804
2025-07-03,Anchorage,Railway,m2,1588.7032620978725
2025-12-26,Anchorage,Railway,m2,3620.1149878269566
2025-02-24,Walling,Building,m2,4434.396975198593
2025-04-29,Laying steel rail,Railway,m,4989.007291078064
2025-02-04,Anchorage,Railway,m2,1260.3210305005764
2025-03-27,Foundation pouring,Building,m3,4868.797409827636
2025-04-24,Coat preparation,Road,L,923.7798270170217
2025-12-18,Subbase application,Road,m2,1505.3718464350152
2025-07-01,Removing trees,Building,m2,3677.134811530781
2025-05-24,Anchorage,Railway,m2,2367.1965580759997
2025-05-27,Terrain leveling,Building,m3,1465.0885880669107
2025-11-03,Foundation pouring,Building,m3,2659.7569272008964
2025-10-04,Removing trees,Building,m2,4136.087586762971
2025-08-14,Walling,Building,m2,1295.079550369412
2025-09-28,Ballast,Railway,m3,553.2652875232435
2025-03-29,Coat preparation,Road,L,4531.168372616864
2025-05-13,Walling,Building,m2,1311.5465017612476
2025-06-06,Rolling/Tractor,Road,m2,2861.885540897868
2025-05-03,Foundation pouring,Building,m3,1309.2190172818225
2025-01-22,Foundation pouring,Building,m3,2235.030576979501
2025-02-02,Cement making,Building,m3,2918.2587285423497
2025-01-02,Rolling/Tractor,Road,m2,1368.609222738753
2025-12-14,Iron mining,Railway,m3,3503.6156409707946
2025-02-03,Foundation pouring,Building,m3,932.8740614107045
2025-07-13,Terrain leveling,Building,m3,2785.0828698116115
2025-01-03,Ballast,Railway,m3,75.89782142282841
2025-05-26,Iron mining,Railway,m3,4165.681253416241
2025-05-13,Iron mining,Railway,m3,4147.305923327915
2025-02-16,Rolling/Tractor,Road,m2,3989.0009194918007
2025-01-06,Foundation pouring,Building,m3,4269.323753813303
2025-12-21,Laying steel rail,Railway,m,477.7969067050686
2025-01-23,Pavement,Road,m2,2414.3379430609475
2025-12-16,Foundation pouring,Building,m3,262.39350274638474
2025-12-08,Ballast,Railway,m3,1968.4569772214743
2025-03-19,Iron mining,Railway,m3,267.0103142480651
2025-06-18,Anchorage,Railway,m2,1032.685471351899
2025-12-08,Iron mining,Railway,m3,2793.7862266620878
2025-05-24,Cement making,Building,m3,3375.7753886670694
2025-07-27,Coat preparation,Road,L,858.6927305742753
2025-07-04,Foundation pouring,Building,m3,2490.93803258263
2025-10-07,Pavement,Road,m2,1793.254036511554
2025-04-24,Coat preparation,Road,L,4404.617335891849
2025-04-06,Laying steel rail,Railway,m,2355.421735154043
2025-06-26,Cement making,Building,m3,2068.545518941503
2025-12-03,Walling,Building,m2,1788.39358279331
2025-06-20,Ballast,Railway,m3,2462.2926017798873
2025-07-23,Removing trees,Building,m2,1545.7697215791582
2025-06-09,Rolling/Tractor,Road,m2,4115.3464231595735
2025-02-10,Ballast,Railway,m3,1555.2531290068612
2025-12-16,Coat preparation,Road,L,4095.1318160927667
2025-08-30,Ballast,Railway,m3,2633.033045667754
2025-09-28,Rolling/Tractor,Road,m2,1616.9109763034096
2025-10-29,Iron mining,Railway,m3,3870.8350385527606
2025-12-13,Pavement,Road,m2,4126.671740596057
2025-01-06,Cement making,Building,m3,803.0343084406132
2025-04-21,Rolling/Tractor,Road,m2,2849.254978776235
2025-07-05,Laying steel rail,Railway,m,1899.7619161050823
2025-04-18,Iron mining,Railway,m3,4538.33341931176
2025-12-07,Rolling/Tractor,Road,m2,4322.98563964202
2025-08-06,Coat preparation,Road,L,1216.5233045033158
2025-03-10,Walling,Building,m2,2997.424342310087
2025-11-15,Ballast,Railway,m3,3553.8672074815945
2025-11-21,Walling,Building,m2,379.99942690841226
2025-11-03,Iron mining,Railway,m3,2749.028681949286
2025-12-02,Ballast,Railway,m3,2025.4063522606803
2025-10-17,Pavement,Road,m2,1194.5015679625187
2025-12-10,Pavement,Road,m2,4228.186104210226
2025-02-10,Walling,Building,m2,216.57161842982498
2025-03-15,Subbase application,Road,m2,4932.207364335685
2025-08-01,Coat preparation,Road,L,1971.148330250125
2025-11-29,Walling,Building,m2,417.3801868245447
2025-04-26,Walling,Building,m2,3383.256244248795
2025-03-20,Iron mining,Railway,m3,4353.261216848937
2025-11-19,Rolling/Tractor,Road,m2,3373.1774259815893
2025-06-25,Pavement,Road,m2,3924.3862403790895
2025-06-30,Subbase application,Road,m2,1595.0550065610398
2025-04-12,Anchorage,Railway,m2,2328.973826428905
2025-03-07,Pavement,Road,m2,400.1930272048948
2025-10-05,Anchorage,Railway,m2,2899.2382826275916
2025-09-20,Coat preparation,Road,L,2650.1660413034283
2025-11-27,Cement making,Building,m3,927.9833194044023
2025-01-23,Terrain leveling,Building,m3,1563.9021169811208
2025-02-24,Coat preparation,Road,L,3474.320281653832
2025-07-27,Cement making,Building,m3,754.7442875530991
2025-10-02,Terrain leveling,Building,m3,4595.067357917502
2025-11-21,Pavement,Road,m2,561.5857090617959
2025-11-14,Cement making,Building,m3,663.2915023439217
2025-10-29,Terrain leveling,Building,m3,1312.8768682208424
2025-04-24,Removing trees,Building,m2,3419.1039142455675
2025-06-04,Ballast,Railway,m3,190.8420133803196
2025-06-20,Foundation pouring,Building,m3,2799.617910228937
2025-08-25,Walling,Building,m2,1339.7139754937698
2025-07-08,Iron mining,Railway,m3,4236.214493874903
2025-02-22,Rolling/Tractor,Road,m2,1037.1889649073146
2025-06-03,Rolling/Tractor,Road,m2,231.10917908632288
2025-02-14,Subbase application,Road,m2,1420.4522849228347
2025-05-25,Walling,Building,m2,1546.698267436537
2025-01-15,Pavement,Road,m2,2021.774005744021
2025-06-07,Foundation pouring,Building,m3,2097.211539892541
2025-08-10,Pavement,Road,m2,3365.410699436472
2025-07-29,Foundation pouring,Building,m3,2631.589748255434
2025-05-03,Pavement,Road,m2,3045.857480384686
2025-04-15,Foundation pouring,Building,m3,2969.9121380271135
2025-12-23,Terrain leveling,Building,m3,2032.7254023703144
2025-01-28,Cement making,Building,m3,1005.6514552500267
2025-10-04,Rolling/Tractor,Road,m2,1711.895261027166
2025-11-20,Walling,Building,m2,3936.957471006022
2025-02-08,Cement making,Building,m3,205.22821575849449
2025-09-25,Foundation pouring,Building,m3,4438.336968012133
2025-09-08,Removing trees,Building,m2,1437.963176468632
2025-01-14,Removing trees,Building,m2,347.6942948289663
2025-09-27,Walling,Building,m2,1916.8666417208635
2025-09-19,Foundation pouring,Building,m3,3212.739417416653
2025-06-02,Cement making,Building,m3,2212.9303417006963
2025-06-24,Iron mining,Railway,m3,927.1890514307051
2025-02-21,Rolling/Tractor,Road,m2,2226.5576803974836
2025-12-25,Rolling/Tractor,Road,m2,1074.7641381502121
2025-08-01,Coat preparation,Road,L,2764.1996072400116
2025-04-19,Iron mining,Railway,m3,293.3868054333799
2025-05-15,Subbase application,Road,m2,133.65919397847648
2025-01-16,Laying steel rail,Railway,m,450.743114979037
2025-07-15,Subbase application,Road,m2,4028.0011257802194
2025-01-17,Terrain leveling,Building,m3,4084.920442934883
2025-06-06,Cement making,Building,m3,1119.2820156583516
2025-03-31,Coat preparation,Road,L,4981.432551585946
2025-03-28,Rolling/Tractor,Road,m2,3524.135461837545
2025-12-28,Iron mining,Railway,m3,2923.7817369255013
2025-12-19,Terrain leveling,Building,m3,1681.453259315035
2025-09-25,Subbase application,Road,m2,1233.8158218640745
2025-12-14,Foundation pouring,Building,m3,3542.7302018116848
2025-09-08,Removing trees,Building,m2,3297.4205053104565
2025-05-02,Foundation pouring,Building,m3,209.68218182791708
2025-07-12,Anchorage,Railway,m2,2609.355837383411
2025-09-16,Coat preparation,Road,L,2949.9850227334205
2025-05-04,Iron mining,Railway,m3,148.93515354686693
2025-05-13,Foundation pouring,Building,m3,1615.767407154695
2025-06-23,Cement making,Building,m3,1968.3208411983494
2025-01-25,Iron mining,Railway,m3,2913.0461218147634
2025-12-03,Ballast,Railway,m3,2511.8743919040307
2025-04-03,Iron mining,Railway,m3,2302.7253431294193
2025-10-01,Iron mining,Railway,m3,334.53210817174283
2025-07-22,Subbase application,Road,m2,931.0648667163985
2025-07-29,Cement making,Building,m3,4917.767369885722
2025-05-16,Subbase application,Road,m2,2312.505714762049
2025-02-19,Iron mining,Railway,m3,2233.360159767777
2025-06-27,Removing trees,Building,m2,240.15846677624907
2025-08-12,Pavement,Road,m2,3539.853076596928
2025-10-05,Walling,Building,m2,2845.7032225419575
2025-08-30,Cement making,Building,m3,3748.0225968998675
2025-08-06,Foundation pouring,Building,m3,2934.4052940285787
2025-10-22,Anchorage,Railway,m2,2115.581122133256
2025-08-22,Subbase application,Road,m2,4792.758988172336
2025-05-24,Cement making,Building,m3,2255.2104748296906
2025-05-24,Removing trees,Building,m2,13.172486051579725
2025-07-30,Laying steel rail,Railway,m,3613.308070662814
2025-11-23,Pavement,Road,m2,2456.188586107335
2025-09-07,Coat preparation,Road,L,2020.801049559759
2025-08-24,Pavement,Road,m2,26.98498972847352
2025-06-28,Cement making,Building,m3,4375.212987996722
2025-02-10,Rolling/Tractor,Road,m2,1277.1594310097216
2025-01-14,Subbase application,Road,m2,2399.8880380010305
2025-11-15,Cement making,Building,m3,49.811824060355114
2025-02-20,Anchorage,Railway,m2,3078.8109162380583
2025-05-13,Removing trees,Building,m2,4107.280349170627
2025-08-11,Rolling/Tractor,Road,m2,292.587802828711
2025-03-01,Ballast,Railway,m3,3355.0584085549435
2025-05-04,Foundation pouring,Building,m3,2313.5404825384117
2025-05-31,Coat preparation,Road,L,2387.75725129643
2025-08-19,Iron mining,Railway,m3,758.0584896605263
2025-12-22,Removing trees,Building,m2,2415.71712123008
2025-12-12,Removing trees,Building,m2,866.7567637431911
2025-07-28,Anchorage,Railway,m2,1513.1038668195513
2025-06-13,Pavement,Road,m2,4283.8908388578275
2025-02-23,Removing trees,Building,m2,3686.0439775826962
2025-10-11,Laying steel rail,Railway,m,4955.060942842399
2025-11-12,Anchorage,Railway,m2,3665.3885345458543
2025-05-29,Laying steel rail,Railway,m,1146.512867818214
2025-05-01,Iron mining,Railway,m3,2052.7912004952836
2025-11-15,Anchorage,Railway,m2,1622.2487515170415
2025-10-05,Laying steel rail,Railway,m,1507.537459762504
2025-11-17,Subbase application,Road,m2,2580.4702421017223
2025-10-20,Ballast,Railway,m3,2868.4422726677867
2025-03-13,Iron mining,Railway,m3,2354.2627288800113
2025-11-07,Rolling/Tractor,Road,m2,2320.501196861796
2025-06-23,Rolling/Tractor,Road,m2,100.4260766488857
2025-07-10,Removing trees,Building,m2,3097.057247948849
2025-10-01,Ballast,Railway,m3,4634.384618417384
2025-08-30,Cement making,Building,m3,4459.132222198068
2025-02-07,Ballast,Railway,m3,3289.446450518566
2025-09-24,Anchorage,Railway,m2,315.25222572090837
2025-07-27,Coat preparation,Road,L,3678.5054867752583
2025-09-04,Pavement,Road,m2,1385.4108422814404
2025-10-08,Subbase application,Road,m2,2680.618365343463
2025-08-15,Ballast,Railway,m3,4116.500512688168
2025-05-03,Foundation pouring,Building,m3,950.6618578677623
2025-05-27,Walling,Building,m2,3015.194039500399
2025-12-29,Pavement,Road,m2,3016.269433840641
2025-08-31,Pavement,Road,m2,3866.3553011178815
2025-04-14,Ballast,Railway,m3,263.1305606347228
2025-04-05,Removing trees,Building,m2,4685.952257750052
2025-04-28,Foundation pouring,Building,m3,3170.0384494077825
2025-06-22,Walling,Building,m2,4749.361759845214
2025-10-08,Cement making,Building,m3,1313.2221362991475
2025-08-12,Coat preparation,Road,L,717.9978052526297
2025-12-20,Ballast,Railway,m3,2361.7699735555043
2025-01-29,Walling,Building,m2,635.33521399739
2025-03-16,Walling,Building,m2,4400.518932442518
2025-03-31,Coat preparation,Road,L,2300.4975131482247
2025-09-18,Walling,Building,m2,2983.6855095544083
2025-09-16,Rolling/Tractor,Road,m2,2473.350952933489
2025-04-21,Subbase application,Road,m2,3803.6522157886775
2025-01-07,Removing trees,Building,m2,3286.101312589473
2025-11-08,Anchorage,Railway,m2,3388.5078303650184
2025-02-17,Walling,Building,m2,4696.202569961825
2025-04-07,Laying steel rail,Railway,m,874.8150567228752
2025-05-21,Pavement,Road,m2,2424.3080016344925
2025-11-26,Walling,Building,m2,4366.19112175567
2025-08-14,Subbase application,Road,m2,4486.2498092828555
2025-03-12,Foundation pouring,Building,m3,1333.060799992531
2025-11-06,Rolling/Tractor,Road,m2,1603.7276545411805
2025-09-06,Rolling/Tractor,Road,m2,755.6409167417028
2025-10-15,Coat preparation,Road,L,4715.493153771277
2025-03-24,Ballast,Railway,m3,4504.036167392254
2025-03-23,Rolling/Tractor,Road,m2,1807.1899348609227
2025-09-12,Anchorage,Railway,m2,4701.277422280959
2025-03-29,Terrain leveling,Building,m3,928.3728595352076
2025-12-15,Cement making,Building,m3,364.15074109645616
2025-12-10,Ballast,Railway,m3,1711.1859552729225
2025-04-22,Terrain leveling,Building,m3,4471.5287329806315
2025-02-06,Subbase application,Road,m2,885.2083897297747
2025-04-16,Removing trees,Building,m2,3201.286652849332
2025-07-09,Pavement,Road,m2,3182.4217086586827
2025-07-30,Foundation pouring,Building,m3,2507.3122260103505
2025-05-19,Ballast,Railway,m3,1927.3545001320065
2025-06-05,Laying steel rail,Railway,m,3502.003456430708
2025-05-06,Subbase application,Road,m2,3339.2978885543357
2025-02-12,Anchorage,Railway,m2,3463.2926569973106
2025-11-24,Terrain leveling,Building,m3,1762.0667386067073
2025-09-27,Coat preparation,Road,L,2316.7933141815683
2025-12-01,Foundation pouring,Building,m3,4354.922392980886
2025-09-06,Cement making,Building,m3,2443.1790782282173
2025-06-11,Coat preparation,Road,L,2195.732228560174
2025-04-04,Subbase application,Road,m2,4840.2962963245145
2025-10-01,Cement making,Building,m3,4780.799321065562
2025-05-13,Laying steel rail,Railway,m,412.5509283768336
2025-07-19,Subbase application,Road,m2,2868.5353361034913
2025-11-05,Walling,Building,m2,2272.4836729870044
2025-09-28,Anchorage,Railway,m2,4866.628532353903
2025-02-18,Laying steel rail,Railway,m,2898.680611256029
2025-03-16,Pavement,Road,m2,3161.7933640228516
2025-11-15,Iron mining,Railway,m3,3199.670941192622
2025-03-15,Coat preparation,Road,L,3141.686287760974
2025-10-16,Laying steel rail,Railway,m,4556.544844701552
2025-05-10,Pavement,Road,m2,161.1094083626313
2025-08-14,Laying steel rail,Railway,m,2750.8239260009523
2025-12-29,Cement making,Building,m3,2407.051081074755
2025-01-06,Pavement,Road,m2,993.6944899795963
2025-12-12,Subbase application,Road,m2,3864.155108025397
2025-01-05,Walling,Building,m2,4644.970402932286
2025-09-15,Cement making,Building,m3,265.47288601046046
2025-08-21,Coat preparation,Road,L,403.87941233349767
2025-11-04,Anchorage,Railway,m2,2721.3095518401797
2025-03-22,Removing trees,Building,m2,2949.635621035291
2025-11-24,Subbase application,Road,m2,2386.9771634612725
2025-08-31,Foundation pouring,Building,m3,1060.3009509292976
2025-08-21,Pavement,Road,m2,3090.545508313443
2025-03-29,Walling,Building,m2,1918.0656516026006
2025-11-13,Rolling/Tractor,Road,m2,873.3310035446268
2025-03-09,Ballast,Railway,m3,1564.0920266994606
2025-01-14,Anchorage,Railway,m2,274.86512084391455
2025-01-31,Iron mining,Railway,m3,3664.611041434201
2025-08-06,Terrain leveling,Building,m3,343.2894892210114
2025-02-28,Walling,Building,m2,3932.0993935763204
2025-12-20,Removing trees,Building,m2,1491.2565590107984
2025-04-03,Pavement,Road,m2,4672.988362130347
2025-08-03,Coat preparation,Road,L,713.0800257173381
2025-05-30,Ballast,Railway,m3,140.27223799044086
2025-05-02,Anchorage,Railway,m2,2394.551835654386
2025-01-23,Terrain leveling,Building,m3,3211.2438031037327
2025-10-12,Ballast,Railway,m3,3092.868747544978
2025-01-12,Walling,Building,m2,614.9347048840704
2025-07-12,Ballast,Railway,m3,3647.7340574146956
2025-10-12,Cement making,Building,m3,650.0902432206917
2025-06-06,Anchorage,Railway,m2,3759.9954312835644
2025-06-14,Terrain leveling,Building,m3,3383.948822279487
2025-10-11,Foundation pouring,Building,m3,2492.153381900158
2025-02-22,Iron mining,Railway,m3,447.8957316532417
2025-06-12,Iron mining,Railway,m3,803.5501336115047
2025-09-20,Walling,Building,m2,163.25021698424757
2025-05-21,Terrain leveling,Building,m3,1326.7774992058073
2025-04-23,Terrain leveling,Building,m3,4175.946672562731
2025-04-20,Foundation pouring,Building,m3,3762.404682976281
2025-11-21,Anchorage,Railway,m2,561.4638239554764
2025-09-08,Ballast,Railway,m3,955.0153003689194
2025-07-27,Cement making,Building,m3,4411.7173805228485
2025-01-03,Walling,Building,m2,3400.101380015988
2025-04-14,Pavement,Road,m2,2836.2872712115823
2025-11-07,Anchorage,Railway,m2,400.8155638531213
2025-02-03,Foundation pouring,Building,m3,4625.723573139193
2025-06-06,Pavement,Road,m2,1675.039806368132
2025-02-09,Removing trees,Building,m2,4231.051838386502
2025-12-14,Anchorage,Railway,m2,3032.6596340741935
2025-05-27,Laying steel rail,Railway,m,1329.1413577369015
2025-05-30,Laying steel rail,Railway,m,973.1919194428284
2025-03-30,Subbase application,Road,m2,858.3497412299479
2025-03-24,Subbase application,Road,m2,164.72685843951228
2025-02-05,Pavement,Road,m2,3734.7267820992956
2025-11-05,Anchorage,Railway,m2,1773.1149515428936
2025-03-04,Coat preparation,Road,L,1379.844237963339
2025-07-22,Ballast,Railway,m3,3328.929488576076
2025-10-23,Rolling/Tractor,Road,m2,1012.666827985994
2025-02-15,Rolling/Tractor,Road,m2,4109.320886371394
2025-09-26,Anchorage,Railway,m2,357.35173759739723
2025-09-24,Anchorage,Railway,m2,29.67560676031933
2025-10-28,Iron mining,Railway,m3,1895.852139198936
2025-11-05,Coat preparation,Road,L,490.09814479791856
2025-02-03,Pavement,Road,m2,1120.0161261489056
2025-01-11,Iron mining,Railway,m3,5.132531169280141
2025-09-24,Rolling/Tractor,Road,m2,905.6548419652294
2025-12-28,Terrain leveling,Building,m3,1309.674440949123
2025-04-28,Cement making,Building,m3,4305.868448377674
2025-01-19,Anchorage,Railway,m2,4824.429604987892
2025-03-17,Walling,Building,m2,4829.654987473654
2025-02-18,Terrain leveling,Building,m3,3272.1445190742456
2025-04-25,Terrain leveling,Building,m3,1893.2948658674225
2025-12-06,Walling,Building,m2,3049.6506105330595
2025-08-07,Terrain leveling,Building,m3,2286.85215186615
2025-06-01,Terrain leveling,Building,m3,1915.878371937137
2025-01-09,Ballast,Railway,m3,2538.9080773754245
2025-01-21,Ballast,Railway,m3,1184.6303915247213
2025-12-17,Subbase application,Road,m2,3263.7584679885385
2025-08-11,Subbase application,Road,m2,992.1625772684195
2025-10-20,Coat preparation,Road,L,2383.049866757251
2025-08-21,Iron mining,Railway,m3,2219.487092906605
2025-04-19,Terrain leveling,Building,m3,4396.363202202922
2025-04-27,Cement making,Building,m3,4210.618510771162
2025-07-17,Removing trees,Building,m2,1172.6227856929984
2025-09-17,Terrain leveling,Building,m3,3760.4825425561953
2025-03-11,Ballast,Railway,m3,4508.318519019561
2025-01-29,Ballast,Railway,m3,3716.4788027188506
2025-03-01,Anchorage,Railway,m2,1583.1805777230402
2025-11-04,Cement making,Building,m3,1509.217420003834
2025-07-22,Pavement,Road,m2,3494.7884391579237
2025-11-21,Terrain leveling,Building,m3,4611.093386274097
2025-09-23,Ballast,Railway,m3,4998.179839188613
2025-04-03,Anchorage,Railway,m2,1223.3343878584851
2025-01-06,Coat preparation,Road,L,1064.2650732692132
2025-03-16,Walling,Building,m2,867.0728043201242
2025-07-14,Cement making,Building,m3,4723.024194703431
2025-09-29,Cement making,Building,m3,3252.8142984666565
2025-06-13,Laying steel rail,Railway,m,117.24762179894877
2025-01-17,Anchorage,Railway,m2,123.27221085655981
2025-09-04,Foundation pouring,Building,m3,2675.0088186241187
2025-01-12,Terrain leveling,Building,m3,3301.6144879222848
2025-07-29,Terrain leveling,Building,m3,2651.0379967702756
2025-08-04,Walling,Building,m2,3072.3485713283953
2025-04-19,Terrain leveling,Building,m3,2997.497981180269
2025-10-08,Iron mining,Railway,m3,1213.8144044280664
2025-09-17,Foundation pouring,Building,m3,4034.007358687372
2025-01-09,Ballast,Railway,m3,2474.9233355469337
2025-01-30,Ballast,Railway,m3,797.6459833234295
2025-09-26,Pavement,Road,m2,1326.5954591427626
2025-09-25,Terrain leveling,Building,m3,4290.53558669997
2025-11-06,Laying steel rail,Railway,m,2249.412870471291
2025-10-24,Pavement,Road,m2,1301.6994622320237
2025-03-26,Subbase application,Road,m2,3269.2967836383173
2025-12-27,Terrain leveling,Building,m3,2679.4320375172156
2025-09-27,Iron mining,Railway,m3,3595.3841412717447
2025-09-16,Coat preparation,Road,L,4160.393023487252
2025-11-04,Terrain leveling,Building,m3,1018.453995737707
2025-03-03,Iron mining,Railway,m3,4333.996220667987
2025-11-11,Removing trees,Building,m2,2710.8288563699566
2025-09-03,Laying steel rail,Railway,m,4419.179203392841
2025-05-13,Pavement,Road,m2,543.1403895190923
2025-04-21,Cement making,Building,m3,60.974875359958716
2025-08-23,Anchorage,Railway,m2,3360.040074178223
2025-02-28,Coat preparation,Road,L,794.0095410987614
2025-06-18,Rolling/Tractor,Road,m2,2493.0940185313516
2025-11-04,Rolling/Tractor,Road,m2,2568.5304904128907
2025-10-18,Removing trees,Building,m2,2338.813059413139
2025-03-28,Walling,Building,m2,3363.1077587392992
2025-07-28,Coat preparation,Road,L,1094.030753334409
2025-04-18,Iron mining,Railway,m3,4409.9303060647135
2025-03-30,Coat preparation,Road,L,1767.4822650508488
2025-03-03,Anchorage,Railway,m2,1598.6584689696892
2025-12-20,Walling,Building,m2,3720.2031776232693
2025-01-10,Walling,Building,m2,4790.022736089772
2025-06-24,Subbase application,Road,m2,4119.845125942547
2025-06-10,Terrain leveling,Building,m3,4819.553548375963
2025-11-26,Rolling/Tractor,Road,m2,2513.683713130903
2025-02-02,Rolling/Tractor,Road,m2,4085.665065687937
2025-08-08,Cement making,Building,m3,3967.3117013840433
2025-03-19,Walling,Building,m2,647.3220914808597
2025-02-21,Iron mining,Railway,m3,4913.010942931427
2025-03-16,Terrain leveling,Building,m3,1479.121213981694
2025-02-28,Terrain leveling,Building,m3,4582.659182694539
2025-02-22,Walling,Building,m2,2892.0919458901894
2025-01-02,Rolling/Tractor,Road,m2,4040.7546682672187
2025-10-11,Pavement,Road,m2,2495.0471435926524
2025-06-09,Walling,Building,m2,2806.5592804041157
2025-03-20,Iron mining,Railway,m3,3483.908360854364
2025-07-21,Anchorage,Railway,m2,2580.2170567655776
2025-09-23,Iron mining,Railway,m3,4467.035329530068
2025-11-15,Walling,Building,m2,1932.5847474941527
2025-06-09,Cement making,Building,m3,3596.963639798897
2025-01-28,Rolling/Tractor,Road,m2,45.90370762383167
2025-11-14,Removing trees,Building,m2,4038.790667896508
2025-08-01,Anchorage,Railway,m2,4812.690791936807
2025-06-14,Rolling/Tractor,Road,m2,1990.2655077875404
2025-08-05,Removing trees,Building,m2,3220.5596627542654
2025-12-27,Subbase application,Road,m2,1727.8589077461836
2025-11-06,Coat preparation,Road,L,2925.2072129865396
2025-10-13,Rolling/Tractor,Road,m2,3808.0005006480783
2025-09-13,Walling,Building,m2,2993.483252920797
2025-04-09,Terrain leveling,Building,m3,4346.436973242817
2025-01-04,Anchorage,Railway,m2,1781.1641105038707
2025-02-05,Pavement,Road,m2,646.3246030330499
2025-04-19,Rolling/Tractor,Road,m2,2890.4902089009806
2025-05-15,Anchorage,Railway,m2,1684.1375231170903
2025-08-25,Subbase application,Road,m2,3772.3151175966477
2025-11-07,Coat preparation,Road,L,2600.5390666974404
2025-06-09,Removing trees,Building,m2,235.31845347603442
2025-07-25,Rolling/Tractor,Road,m2,4311.689137262963
2025-08-24,Cement making,Building,m3,1385.50947093728
2025-12-16,Removing trees,Building,m2,257.5881060081109
2025-10-10,Cement making,Building,m3,125.42604096757503
2025-05-22,Coat preparation,Road,L,4662.400090413862
2025-02-10,Rolling/Tractor,Road,m2,1623.104640284141
2025-05-22,Removing trees,Building,m2,4193.538948528369
2025-07-09,Subbase application,Road,m2,242.04865021227263
2025-09-15,Laying steel rail,Railway,m,3689.818706335284
2025-08-30,Iron mining,Railway,m3,1477.8996971125803
2025-05-08,Terrain leveling,Building,m3,1474.1832747062322
2025-02-13,Rolling/Tractor,Road,m2,945.048268248217
2025-10-01,Cement making,Building,m3,385.37173268706147
2025-02-27,Subbase application,Road,m2,4413.608198008293
2025-07-29,Coat preparation,Road,L,2939.1257067140623
2025-03-30,Coat preparation,Road,L,127.49831985303051
2025-05-27,Removing trees,Building,m2,1268.8655850462083
2025-01-01,Ballast,Railway,m3,3998.180103249968
2025-02-13,Removing trees,Building,m2,1675.699180799647
2025-11-21,Terrain leveling,Building,m3,923.11324748168
2025-03-17,Laying steel rail,Railway,m,1637.5881651103257
2025-02-04,Coat preparation,Road,L,3127.31799225176
2025-08-21,Rolling/Tractor,Road,m2,2058.777253776476
2025-09-09,Iron mining,Railway,m3,2571.547046461546
2025-09-18,Laying steel rail,Railway,m,4876.346196427182
2025-04-14,Iron mining,Railway,m3,659.326911788482
2025-04-30,Iron mining,Railway,m3,46.02646497612217
2025-08-31,Terrain leveling,Building,m3,552.2473903807223
2025-05-17,Laying steel rail,Railway,m,491.1294677736738
2025-12-19,Foundation pouring,Building,m3,1759.9710482418552
2025-09-13,Terrain leveling,Building,m3,4075.371285659241
2025-12-20,Laying steel rail,Railway,m,1496.9663724694865
2025-10-07,Coat preparation,Road,L,733.1920422131377
2025-06-07,Subbase application,Road,m2,3827.302528924474
2025-02-04,Coat preparation,Road,L,1912.4180921106054
2025-03-19,Foundation pouring,Building,m3,1384.1938267908622
2025-01-22,Iron mining,Railway,m3,4728.192033224239
2025-01-24,Walling,Building,m2,1531.4665559653095
2025-02-10,Iron mining,Railway,m3,2140.313948781213
2025-02-05,Coat preparation,Road,L,2105.692666567423
2025-07-16,Walling,Building,m2,2916.63552108249
2025-07-22,Pavement,Road,m2,2263.275590497171
2025-07-10,Cement making,Building,m3,4672.990055050863
2025-04-06,Removing trees,Building,m2,1675.9788035650636
2025-08-16,Ballast,Railway,m3,3347.217940213423
2025-08-31,Terrain leveling,Building,m3,2137.8826899145074
2025-10-02,Terrain leveling,Building,m3,2704.9675086701236
2025-03-02,Foundation pouring,Building,m3,2130.004866432281
2025-02-10,Pavement,Road,m2,4943.762191145081
2025-12-26,Walling,Building,m2,2646.17736031506
2025-11-10,Ballast,Railway,m3,3886.8806218936993
2025-01-02,Foundation pouring,Building,m3,1522.4677295240435
2025-06-22,Rolling/Tractor,Road,m2,1289.299980654649
2025-08-21,Rolling/Tractor,Road,m2,4086.562338303774
2025-02-10,Cement making,Building,m3,1235.5961459067971
2025-07-11,Anchorage,Railway,m2,2404.0762709166484
2025-11-09,Subbase application,Road,m2,1737.448383547706
2025-07-20,Subbase application,Road,m2,4043.5598976614046
2025-03-11,Terrain leveling,Building,m3,4351.287634324461
2025-09-13,Iron mining,Railway,m3,3705.7793798880707
2025-09-18,Laying steel rail,Railway,m,4771.581628503603
2025-06-13,Foundation pouring,Building,m3,2407.237116614962
2025-01-09,Cement making,Building,m3,3921.0482786787766
2025-01-03,Iron mining,Railway,m3,1111.3675632945285
2025-07-02,Removing trees,Building,m2,1486.4029436817343
2025-05-08,Walling,Building,m2,3748.7261977152043
2025-04-28,Cement making,Building,m3,2239.6011480448087
2025-02-06,Ballast,Railway,m3,2742.026047134494
2025-07-12,Rolling/Tractor,Road,m2,4864.370065806428
2025-08-28,Subbase application,Road,m2,3282.1563767490093
2025-06-10,Subbase application,Road,m2,4572.39539449057
2025-06-20,Laying steel rail,Railway,m,2313.33184206324
2025-12-06,Rolling/Tractor,Road,m2,3161.0315225746926
2025-10-05,Iron mining,Railway,m3,4152.102229227185
2025-10-08,Ballast,Railway,m3,624.8514816550022
2025-06-29,Walling,Building,m2,855.8497535416959
2025-11-11,Cement making,Building,m3,3198.68144286907
2025-02-02,Laying steel rail,Railway,m,1388.1929335756015
2025-08-20,Walling,Building,m2,2163.743964937121
2025-03-11,Anchorage,Railway,m2,614.898803643143
2025-04-15,Laying steel rail,Railway,m,1696.8424557206552
2025-05-23,Walling,Building,m2,1564.8167891032776
2025-11-25,Removing trees,Building,m2,1962.6909708440644
2025-08-24,Iron mining,Railway,m3,863.2220516033967
2025-06-11,Anchorage,Railway,m2,4940.937270104176
2025-02-03,Iron mining,Railway,m3,1993.8912143292325
2025-08-12,Foundation pouring,Building,m3,713.4410593870766
2025-12-02,Walling,Building,m2,72.20807116395112
2025-08-25,Cement making,Building,m3,4107.1128381958415
2025-02-07,Anchorage,Railway,m2,4162.461519673866
2025-08-15,Terrain leveling,Building,m3,2358.12833941408
2025-12-12,Walling,Building,m2,2192.9774158152873
2025-03-18,Coat preparation,Road,L,421.52974015134737
2025-09-12,Laying steel rail,Railway,m,3104.4287703328246
2025-10-07,Ballast,Railway,m3,4454.891982368875
2025-07-20,Terrain leveling,Building,m3,1698.0589254379956
2025-05-14,Laying steel rail,Railway,m,1036.5337215555248
2025-06-27,Subbase application,Road,m2,2466.99570444966
2025-04-09,Subbase application,Road,m2,3690.2333506926398
2025-06-15,Laying steel rail,Railway,m,2527.5474912475993
2025-09-09,Ballast,Railway,m3,3053.9764051961874
2025-07-20,Foundation pouring,Building,m3,4197.459352441709
2025-12-13,Terrain leveling,Building,m3,2496.208278079161
2025-09-23,Rolling/Tractor,Road,m2,170.54699110275408
2025-11-21,Ballast,Railway,m3,4517.553227623189
2025-05-06,Coat preparation,Road,L,2034.768970453439
2025-07-14,Subbase application,Road,m2,919.0329232867689
2025-09-14,Terrain leveling,Building,m3,3793.366686693332
2025-12-14,Terrain leveling,Building,m3,2431.3811512671423
2025-11-11,Rolling/Tractor,Road,m2,4342.805099674961
2025-07-17,Rolling/Tractor,Road,m2,3417.9043150478456
2025-12-15,Laying steel rail,Railway,m,1600.3550222743052
2025-07-26,Pavement,Road,m2,3941.1353498280378
2025-12-28,Coat preparation,Road,L,4268.626550181426
2025-07-23,Iron mining,Railway,m3,3148.8144003284924
2025-07-09,Pavement,Road,m2,2481.415819012194
2025-01-28,Terrain leveling,Building,m3,2736.9214101478574
2025-11-20,Terrain leveling,Building,m3,3748.968761888798
2025-02-28,Coat preparation,Road,L,1507.86358834702
2025-11-27,Terrain leveling,Building,m3,462.16800541789115
2025-10-25,Foundation pouring,Building,m3,3503.655211605656
2025-07-19,Terrain leveling,Building,m3,2522.0692999609464
2025-07-26,Terrain leveling,Building,m3,3272.0570444066693
2025-02-09,Iron mining,Railway,m3,528.374706241908
2025-04-15,Walling,Building,m2,2855.0800780530744
2025-07-28,Coat preparation,Road,L,4029.4325001306606
2025-02-11,Rolling/Tractor,Road,m2,2582.790083904534
2025-12-29,Subbase application,Road,m2,45.679313995319326
2025-08-26,Coat preparation,Road,L,641.6473231721209
2025-06-14,Rolling/Tractor,Road,m2,1913.4347296329913
2025-08-31,Foundation pouring,Building,m3,2268.2100922913623
2025-03-10,Ballast,Railway,m3,4238.85104939631
2025-04-23,Walling,Building,m2,820.3407778541743
2025-05-18,Pavement,Road,m2,3731.713775746749
2025-10-10,Cement making,Building,m3,3595.36625209137
2025-07-13,Cement making,Building,m3,2031.6592129295614
2025-06-16,Coat preparation,Road,L,1216.1271964044352
2025-11-27,Foundation pouring,Building,m3,2518.069042405034
2025-09-02,Ballast,Railway,m3,481.5346045963531
2025-01-06,Rolling/Tractor,Road,m2,4979.154153588979
2025-06-19,Iron mining,Railway,m3,1490.0646732320772
2025-07-01,Iron mining,Railway,m3,1922.1458777100177
2025-05-25,Laying steel rail,Railway,m,1476.3352075707041
2025-11-23,Walling,Building,m2,2048.5523356875874
2025-06-06,Ballast,Railway,m3,3458.2041629891874
2025-12-28,Cement making,Building,m3,1856.4585632181995
2025-02-03,Anchorage,Railway,m2,4452.230312959619
2025-06-12,Cement making,Building,m3,1623.083696875355
2025-07-26,Rolling/Tractor,Road,m2,2578.269445947457
2025-12-07,Walling,Building,m2,3869.3525934130216
2025-02-02,Iron mining,Railway,m3,2910.7254615752327
2025-08-12,Ballast,Railway,m3,4315.074053664373
2025-03-16,Coat preparation,Road,L,3937.704526226504
2025-08-03,Coat preparation,Road,L,3846.2899211747963
2025-08-16,Walling,Building,m2,4125.0636940589975
2025-06-24,Cement making,Building,m3,980.2010916237331
2025-09-22,Foundation pouring,Building,m3,437.02629767310594
2025-02-10,Subbase application,Road,m2,4119.385205691966
2025-01-05,Walling,Building,m2,2997.4381505335373
2025-04-02,Terrain leveling,Building,m3,4724.273813532336
2025-06-21,Removing trees,Building,m2,66.52382297378412
2025-06-14,Removing trees,Building,m2,2636.4061350244933
2025-10-26,Coat preparation,Road,L,1509.7181377667002
2025-11-18,Anchorage,Railway,m2,3687.0521194390394
2025-07-19,Foundation pouring,Building,m3,3222.196816924188
2025-01-04,Anchorage,Railway,m2,3505.491209567637
2025-12-15,Cement making,Building,m3,1991.4142849011096
2025-07-05,Ballast,Railway,m3,2974.534803445593
2025-08-27,Removing trees,Building,m2,4898.426618311114
2025-01-01,Walling,Building,m2,990.6295691299905
2025-09-29,Ballast,Railway,m3,3117.0837426115527
2025-11-04,Subbase application,Road,m2,4291.81050786525
2025-05-16,Cement making,Building,m3,330.22583330155453
2025-02-07,Rolling/Tractor,Road,m2,2885.4825216876434
2025-11-17,Anchorage,Railway,m2,577.6017958522833
2025-12-22,Pavement,Road,m2,602.978359039425
2025-12-14,Removing trees,Building,m2,1237.013019194793
2025-09-07,Cement making,Building,m3,4139.418722645951
2025-10-12,Rolling/Tractor,Road,m2,4745.705854966153
2025-10-11,Anchorage,Railway,m2,512.8105710968279
2025-07-03,Anchorage,Railway,m2,3242.711093755468
2025-06-10,Pavement,Road,m2,2649.673209254997
2025-01-26,Anchorage,Railway,m2,375.9401644590338
2025-05-06,Cement making,Building,m3,3026.741836814993
2025-04-27,Cement making,Building,m3,3313.5702924279635
2025-01-10,Anchorage,Railway,m2,1267.3281429514038
2025-12-10,Rolling/Tractor,Road,m2,3442.610667438776
2025-09-15,Removing trees,Building,m2,2901.4372045676164
2025-08-14,Anchorage,Railway,m2,4165.466441878454
2025-09-07,Iron mining,Railway,m3,3292.3544741745463
2025-01-01,Walling,Building,m2,2626.5820012309414
2025-02-04,Iron mining,Railway,m3,4947.59877563161
2025-02-16,Coat preparation,Road,L,546.5285124444491
2025-08-11,Cement making,Building,m3,3054.240847508083
2025-04-29,Foundation pouring,Building,m3,2712.7277006924105
2025-11-01,Terrain leveling,Building,m3,2389.8433300514293
2025-10-08,Subbase application,Road,m2,98.7997447165706
2025-01-09,Walling,Building,m2,3589.776062385538
2025-02-05,Subbase application,Road,m2,4254.570589988086
2025-12-17,Anchorage,Railway,m2,4725.389738620503
2025-09-08,Subbase application,Road,m2,4144.239183028349
2025-09-25,Removing trees,Building,m2,4938.340794298471
2025-07-15,Iron mining,Railway,m3,3301.1264783423444
2025-04-17,Coat preparation,Road,L,4453.962671360839
2025-09-07,Walling,Building,m2,1225.721540302645
2025-03-08,Cement making,Building,m3,4177.602392905353
2025-11-20,Terrain leveling,Building,m3,1763.1911620663448
2025-09-15,Foundation pouring,Building,m3,4575.734183611383
2025-11-01,Iron mining,Railway,m3,3562.794901648715
2025-06-06,Cement making,Building,m3,2018.7957163385884
2025-04-10,Removing trees,Building,m2,3122.287628936629
2025-01-26,Terrain leveling,Building,m3,4872.285684851317
2025-04-14,Cement making,Building,m3,3754.8062091943157
2025-01-14,Laying steel rail,Railway,m,570.813582381079
2025-04-30,Iron mining,Railway,m3,4655.215920655231
2025-11-21,Anchorage,Railway,m2,4697.489034923842
2025-03-04,Coat preparation,Road,L,1080.6097928428287
2025-01-09,Coat preparation,Road,L,2766.117152614136
2025-05-19,Pavement,Road,m2,1160.6260599469686
2025-09-21,Ballast,Railway,m3,3310.8695423023846
2025-08-09,Subbase application,Road,m2,3604.4205628862474
2025-06-15,Walling,Building,m2,919.0175362585046
2025-03-29,Terrain leveling,Building,m3,1331.2599479684018
2025-10-26,Pavement,Road,m2,685.426055501338
2025-10-02,Terrain leveling,Building,m3,4001.4785930628864
2025-07-26,Removing trees,Building,m2,4958.168028187937
2025-01-06,Terrain leveling,Building,m3,1416.48498491114
2025-04-29,Pavement,Road,m2,2215.049580600982
2025-07-29,Foundation pouring,Building,m3,3565.043179748377
2025-06-10,Coat preparation,Road,L,40.14488423999929
2025-03-08,Coat preparation,Road,L,1664.468499334711
2025-10-23,Rolling/Tractor,Road,m2,4833.59454905654
2025-05-20,Rolling/Tractor,Road,m2,247.83362913186946
2025-09-15,Subbase application,Road,m2,3509.7860686905124
2025-10-23,Removing trees,Building,m2,4221.820423058353
2025-09-08,Cement making,Building,m3,4738.320619854209
2025-04-17,Foundation pouring,Building,m3,2826.3891950950406
2025-09-10,Laying steel rail,Railway,m,2525.4929683937917
2025-03-12,Cement making,Building,m3,1700.7534502092863
2025-05-20,Foundation pouring,Building,m3,3184.8389207555124
2025-08-18,Ballast,Railway,m3,4355.918206022759
2025-11-01,Pavement,Road,m2,1113.9915765494663
2025-02-24,Foundation pouring,Building,m3,3499.7943937651144
2025-12-14,Cement making,Building,m3,1688.8577622779433
2025-10-08,Foundation pouring,Building,m3,4006.0616781155677
2025-02-15,Rolling/Tractor,Road,m2,3959.0891342170858
2025-02-28,Rolling/Tractor,Road,m2,2183.7974257886426
2025-02-02,Ballast,Railway,m3,1431.9400475481914
2025-04-28,Ballast,Railway,m3,2134.5953853365577
2025-08-15,Anchorage,Railway,m2,3862.747891422438
2025-11-16,Anchorage,Railway,m2,4792.495195827198
2025-12-23,Walling,Building,m2,3724.1454087645957
2025-05-03,Anchorage,Railway,m2,4066.4475432737486
2025-01-02,Subbase application,Road,m2,544.3415074193681
2025-11-02,Removing trees,Building,m2,3854.0448320925348
2025-02-09,Pavement,Road,m2,4025.848310291992
2025-03-18,Pavement,Road,m2,3499.510707446178
2025-04-12,Coat preparation,Road,L,265.24466406412984
2025-03-07,Foundation pouring,Building,m3,131.00407422947768
2025-02-20,Anchorage,Railway,m2,1274.1821310726586
2025-01-27,Subbase application,Road,m2,1756.5767074680678
2025-09-18,Terrain leveling,Building,m3,3680.9466499115965
2025-09-25,Iron mining,Railway,m3,3720.899473036552
2025-10-06,Rolling/Tractor,Road,m2,2096.4786916392304
2025-11-17,Walling,Building,m2,4244.327503405518
2025-02-10,Pavement,Road,m2,3331.6714837811783
2025-05-13,Walling,Building,m2,2072.0267016521334
2025-06-20,Rolling/Tractor,Road,m2,923.7321854509695
2025-01-18,Ballast,Railway,m3,465.6635208943005
2025-05-04,Terrain leveling,Building,m3,2285.0208249043994
2025-05-14,Pavement,Road,m2,2757.3446568497907
2025-08-02,Removing trees,Building,m2,2041.534562489387
2025-04-05,Subbase application,Road,m2,3760.75428091338
2025-03-27,Walling,Building,m2,1640.4506848538008
2025-10-07,Cement making,Building,m3,475.30866563625983
2025-04-30,Cement making,Building,m3,3234.089703765518
2025-03-20,Ballast,Railway,m3,1625.0489221320408
2025-07-04,Rolling/Tractor,Road,m2,1895.4269840628895
2025-08-25,Anchorage,Railway,m2,1716.207748788686
2025-08-17,Laying steel rail,Railway,m,2888.830672735617
2025-03-26,Removing trees,Building,m2,1969.081377568338
2025-07-08,Laying steel rail,Railway,m,1556.8989209876365
2025-02-18,Walling,Building,m2,1846.0529788654778
2025-12-01,Ballast,Railway,m3,3234.826981241073
2025-03-20,Rolling/Tractor,Road,m2,45.26253166126537
2025-04-11,Removing trees,Building,m2,859.2630517812328
2025-05-24,Walling,Building,m2,3017.2863028471465
2025-02-19,Subbase application,Road,m2,1787.5831239465178
2025-03-10,Walling,Building,m2,4970.9475950499755
2025-02-11,Cement making,Building,m3,4021.2851783347187
2025-01-10,Rolling/Tractor,Road,m2,2316.559213268494
2025-05-15,Ballast,Railway,m3,1065.9939027138287
2025-06-09,Foundation pouring,Building,m3,3824.9227245485854
2025-12-13,Foundation pouring,Building,m3,139.48209215556173
2025-02-28,Removing trees,Building,m2,2904.5544139056956
2025-10-04,Foundation pouring,Building,m3,3234.1356848725627
2025-07-31,Terrain leveling,Building,m3,186.05397020973246
2025-02-18,Cement making,Building,m3,574.2553749405549
2025-04-05,Coat preparation,Road,L,1591.302089134703
2025-04-03,Removing trees,Building,m2,1501.2378775976936
2025-02-19,Laying steel rail,Railway,m,2718.1940827737953
2025-02-08,Laying steel rail,Railway,m,4537.612206145441
2025-12-23,Ballast,Railway,m3,4322.668471929443
2025-12-08,Cement making,Building,m3,3887.590637200162
2025-10-14,Ballast,Railway,m3,2984.544539890006
2025-05-13,Subbase application,Road,m2,4537.5898387988245
2025-05-11,Removing trees,Building,m2,1429.6693807180927
2025-09-24,Pavement,Road,m2,2332.3127783236287
2025-05-31,Walling,Building,m2,97.52067771829908
2025-03-24,Pavement,Road,m2,4374.546260214743
2025-09-04,Terrain leveling,Building,m3,2211.991369439506
2025-02-15,Cement making,Building,m3,1080.813177166613
2025-10-16,Terrain leveling,Building,m3,3076.771516225045
2025-01-22,Rolling/Tractor,Road,m2,4518.266010291961
2025-06-22,Cement making,Building,m3,3490.576187210587
2025-09-03,Anchorage,Railway,m2,2845.446438719178
2025-05-10,Coat preparation,Road,L,4898.353949986684
2025-10-02,Rolling/Tractor,Road,m2,2922.3674685499
2025-10-18,Subbase application,Road,m2,4171.352891004495
2025-12-15,Terrain leveling,Building,m3,4382.277970240847
2025-08-09,Rolling/Tractor,Road,m2,172.1658840823015
2025-03-03,Foundation pouring,Building,m3,3653.791357347516
2025-05-18,Coat preparation,Road,L,2613.1771069407273
2025-06-06,Ballast,Railway,m3,4870.033456201162
2025-09-09,Laying steel rail,Railway,m,1182.5938233475297
2025-05-27,Rolling/Tractor,Road,m2,1130.1831280676588
2025-05-14,Ballast,Railway,m3,687.766267299268
2025-08-28,Anchorage,Railway,m2,814.2274432767709
2025-05-07,Laying steel rail,Railway,m,4668.929086511319
2025-08-05,Laying steel rail,Railway,m,4266.778364800835
2025-05-20,Walling,Building,m2,2857.8915382865657
2025-03-12,Removing trees,Building,m2,130.12512667574637
2025-08-31,Anchorage,Railway,m2,4207.462602275685
2025-01-23,Walling,Building,m2,2436.9321185283725
2025-01-04,Rolling/Tractor,Road,m2,382.3188087420565
2025-02-05,Cement making,Building,m3,582.6087349634812
2025-05-28,Walling,Building,m2,386.2673686523832
2025-04-30,Foundation pouring,Building,m3,3846.727964651355
2025-05-04,Ballast,Railway,m3,4881.9638314232
2025-01-12,Anchorage,Railway,m2,3879.1820266730674
2025-02-12,Cement making,Building,m3,3136.528688007277
2025-09-04,Ballast,Railway,m3,1714.1372376211639
2025-02-24,Laying steel rail,Railway,m,1971.4553719114026
2025-05-31,Iron mining,Railway,m3,1424.260341842369
2025-03-10,Cement making,Building,m3,2600.886122352629
2025-07-08,Removing trees,Building,m2,4526.991815839828
2025-01-11,Anchorage,Railway,m2,4473.775563303478
2025-01-21,Foundation pouring,Building,m3,1048.560587322893
2025-10-29,Removing trees,Building,m2,1779.6007429238653
2025-11-10,Removing trees,Building,m2,3631.5693616943977
2025-04-15,Walling,Building,m2,892.8741011230102
2025-02-23,Cement making,Building,m3,926.8148964276418
2025-04-02,Terrain leveling,Building,m3,899.4629334683191
2025-11-08,Rolling/Tractor,Road,m2,4474.881402108629
2025-08-25,Ballast,Railway,m3,3320.128791518785
2025-05-08,Anchorage,Railway,m2,2390.2005530558968
2025-09-25,Coat preparation,Road,L,4998.209971476361
2025-03-14,Terrain leveling,Building,m3,1988.7933471578056
2025-08-19,Rolling/Tractor,Road,m2,4795.252267045371
2025-03-06,Foundation pouring,Building,m3,2426.7890029415885
2025-12-04,Coat preparation,Road,L,2608.8189465280593
2025-11-07,Laying steel rail,Railway,m,862.8926801918019
2025-03-15,Ballast,Railway,m3,4330.7196828538945
2025-07-22,Foundation pouring,Building,m3,4343.983589302845
2025-07-14,Rolling/Tractor,Road,m2,4663.399694601906
2025-06-01,Subbase application,Road,m2,2805.5640415871135
2025-07-13,Pavement,Road,m2,3341.0217564930012
2025-01-01,Laying steel rail,Railway,m,1341.3274985236706
2025-09-14,Terrain leveling,Building,m3,3815.505870378252
2025-10-19,Subbase application,Road,m2,339.0154762427905
2025-11-29,Pavement,Road,m2,94.02021734281007
2025-04-15,Ballast,Railway,m3,2610.230192846598
2025-09-13,Rolling/Tractor,Road,m2,302.5402956262646
2025-12-18,Coat preparation,Road,L,214.04123922332985
2025-06-28,Cement making,Building,m3,4021.412519563865
2025-02-19,Terrain leveling,Building,m3,39.07071849189592
2025-12-02,Walling,Building,m2,1236.5290217965314
2025-08-08,Pavement,Road,m2,4164.095803952991
2025-02-08,Subbase application,Road,m2,4288.788071444749
2025-10-02,Anchorage,Railway,m2,657.8052063521295
2025-02-13,Rolling/Tractor,Road,m2,821.8894969158857
2025-08-27,Rolling/Tractor,Road,m2,445.7913165981881
2025-10-03,Foundation pouring,Building,m3,1932.9831184778996
2025-08-20,Foundation pouring,Building,m3,605.615076494877
2025-08-22,Iron mining,Railway,m3,4452.924214982202
2025-09-23,Terrain leveling,Building,m3,1434.2204885335775
2025-01-19,Anchorage,Railway,m2,2125.4222693884617
2025-04-14,Removing trees,Building,m2,648.3000220520241
2025-08-27,Ballast,Railway,m3,4941.61548647864
2025-04-29,Ballast,Railway,m3,456.54687892240696
2025-09-22,Walling,Building,m2,2714.855901972255
2025-01-24,Laying steel rail,Railway,m,1109.0334892233777
2025-09-05,Ballast,Railway,m3,4267.907143022995
2025-12-01,Rolling/Tractor,Road,m2,56.09215825500669
2025-10-11,Ballast,Railway,m3,2141.3836259698714
2025-07-31,Terrain leveling,Building,m3,506.7593546739818
2025-07-01,Ballast,Railway,m3,4230.002369489659
2025-10-16,Subbase application,Road,m2,3981.690029552789
2025-08-24,Coat preparation,Road,L,4095.8777750024024
2025-05-15,Foundation pouring,Building,m3,2220.926887842322
2025-03-04,Removing trees,Building,m2,4201.314512110379
2025-06-23,Ballast,Railway,m3,1393.3643229928139
2025-11-28,Cement making,Building,m3,2924.8990972202428
2025-12-12,Removing trees,Building,m2,2119.4229410148705
2025-02-02,Iron mining,Railway,m3,3873.5563952638468
2025-07-10,Laying steel rail,Railway,m,4065.4301833928907
2025-05-26,Pavement,Road,m2,2750.922932764739
2025-07-09,Rolling/Tractor,Road,m2,2298.473085041739
2025-03-06,Terrain leveling,Building,m3,3382.054941303389
2025-03-28,Removing trees,Building,m2,751.9034466340923
2025-11-06,Pavement,Road,m2,4591.1689504711485
2025-10-29,Walling,Building,m2,1888.9505305355774
2025-11-09,Iron mining,Railway,m3,2569.732099375368
2025-09-21,Iron mining,Railway,m3,2356.644308970364
2025-04-22,Walling,Building,m2,4415.558491536937
2025-11-13,Pavement,Road,m2,282.94360656829053
2025-03-05,Removing trees,Building,m2,350.29004345319356
2025-07-20,Terrain leveling,Building,m3,2121.9497071971286
2025-01-14,Pavement,Road,m2,1085.2941938528265
2025-04-25,Walling,Building,m2,1127.597059861235
2025-03-27,Cement making,Building,m3,4178.996625181172
2025-11-12,Cement making,Building,m3,1714.3485456418446
2025-04-06,Subbase application,Road,m2,1458.2893480987675
2025-07-23,Cement making,Building,m3,2020.156432516456
2025-06-28,Anchorage,Railway,m2,3531.0615766729115
2025-11-12,Anchorage,Railway,m2,1845.1417496437673
2025-01-25,Foundation pouring,Building,m3,636.1449276386155
2025-07-24,Terrain leveling,Building,m3,18.809765575247827
2025-07-23,Pavement,Road,m2,22.951029172723068
2025-10-17,Coat preparation,Road,L,4915.769788473649
2025-08-27,Coat preparation,Road,L,3359.603833528983
2025-06-18,Rolling/Tractor,Road,m2,1858.3332828371895
2025-12-12,Iron mining,Railway,m3,391.0866093339044
2025-10-08,Walling,Building,m2,2124.3774605130898
2025-11-07,Foundation pouring,Building,m3,2935.38649867853
2025-03-28,Terrain leveling,Building,m3,127.71364390395334
2025-11-18,Subbase application,Road,m2,1965.2276912297666
2025-12-13,Removing trees,Building,m2,3509.9866715368817
2025-10-27,Cement making,Building,m3,1797.0360833590714
2025-06-23,Coat preparation,Road,L,2628.830994217947
2025-05-06,Laying steel rail,Railway,m,3540.4370722608032
2025-07-19,Subbase application,Road,m2,1544.4764791379312
2025-02-21,Anchorage,Railway,m2,2865.8840830817585
2025-05-25,Removing trees,Building,m2,1690.9548882648596
2025-10-20,Ballast,Railway,m3,2661.8820009009523
2025-05-19,Coat preparation,Road,L,2110.1071638078215
2025-01-17,Iron mining,Railway,m3,3285.4662800975298
2025-03-03,Anchorage,Railway,m2,3365.214318940287
2025-06-29,Subbase application,Road,m2,3290.823517691024
2025-08-14,Coat preparation,Road,L,1021.6162883082885
2025-01-13,Iron mining,Railway,m3,1853.7025411382397
2025-06-18,Terrain leveling,Building,m3,3166.3715072430377
2025-10-04,Iron mining,Railway,m3,617.9984466135296
2025-06-26,Terrain leveling,Building,m3,4666.953363252166
2025-05-01,Ballast,Railway,m3,3571.875472416427
2025-01-23,Pavement,Road,m2,366.14062419151384
2025-12-21,Terrain leveling,Building,m3,2432.2018801097215
2025-06-15,Ballast,Railway,m3,4849.507189361222
2025-05-28,Terrain leveling,Building,m3,4167.921759857167
2025-03-12,Removing trees,Building,m2,1772.9583325299113
2025-07-14,Walling,Building,m2,3937.2270065098423
2025-10-17,Removing trees,Building,m2,517.2210385601339
2025-06-27,Ballast,Railway,m3,4233.776164266807
2025-01-23,Removing trees,Building,m2,3457.5240832069076
2025-11-06,Pavement,Road,m2,239.42153115691977
2025-10-09,Foundation pouring,Building,m3,2760.278563354842
2025-04-22,Removing trees,Building,m2,1742.4852584351552
2025-10-19,Terrain leveling,Building,m3,1.5973702754501495
2025-10-23,Removing trees,Building,m2,2900.9726127689596
2025-02-27,Foundation pouring,Building,m3,4249.083200259412
2025-03-15,Rolling/Tractor,Road,m2,3180.5338508456916
2025-11-15,Subbase application,Road,m2,559.4477133035219
2025-11-17,Ballast,Railway,m3,3970.6332374532462
2025-02-26,Pavement,Road,m2,168.04220759372325
2025-09-24,Rolling/Tractor,Road,m2,2344.3020857673987
2025-08-16,Pavement,Road,m2,4327.020295606088
2025-01-22,Rolling/Tractor,Road,m2,2763.952358765368
2025-01-24,Anchorage,Railway,m2,4678.206032983884
2025-02-21,Terrain leveling,Building,m3,2006.8027435908814
2025-05-07,Laying steel rail,Railway,m,4913.294093184648
2025-02-18,Ballast,Railway,m3,2369.176915415841
2025-05-14,Iron mining,Railway,m3,13.102876736262314
2025-05-23,Removing trees,Building,m2,2161.8184814629553
2025-12-24,Foundation pouring,Building,m3,3601.4727399077724
2025-01-23,Anchorage,Railway,m2,4402.84191707146
2025-02-23,Rolling/Tractor,Road,m2,4477.146209854832
2025-05-08,Iron mining,Railway,m3,4397.290153321167
2025-01-23,Terrain leveling,Building,m3,574.5609911604848
2025-12-07,Rolling/Tractor,Road,m2,1930.6665625650726
2025-01-13,Terrain leveling,Building,m3,874.7846117190344
2025-04-23,Anchorage,Railway,m2,138.2811548697377
2025-03-01,Laying steel rail,Railway,m,860.5489960186941
2025-12-03,Anchorage,Railway,m2,1704.7293766815235
2025-12-21,Rolling/Tractor,Road,m2,3251.0985540518923
2025-05-21,Removing trees,Building,m2,1032.071320834938
2025-09-25,Coat preparation,Road,L,3026.8319543531184
2025-08-07,Foundation pouring,Building,m3,2946.9915515884677
2025-06-14,Ballast,Railway,m3,2270.8419053944876
2025-06-13,Terrain leveling,Building,m3,2623.907945765166
2025-08-18,Pavement,Road,m2,3521.6663811491912
2025-05-17,Foundation pouring,Building,m3,832.0944284381832
2025-09-01,Subbase application,Road,m2,3102.9622117136664
2025-12-17,Ballast,Railway,m3,2691.6715855234784
2025-02-20,Laying steel rail,Railway,m,3022.3707354874828
2025-05-10,Rolling/Tractor,Road,m2,3588.954162606985
2025-09-01,Anchorage,Railway,m2,4311.42328228864
2025-08-27,Walling,Building,m2,3171.186342860683
2025-12-06,Iron mining,Railway,m3,3205.646504315954
2025-07-18,Anchorage,Railway,m2,2751.0324853964157
2025-01-09,Cement making,Building,m3,1980.6945620156257
2025-02-21,Coat preparation,Road,L,4511.136004931321
2025-08-04,Terrain leveling,Building,m3,3004.808079967373
2025-05-24,Subbase application,Road,m2,1539.2595969307222
2025-03-01,Removing trees,Building,m2,125.55757072092833
2025-08-03,Pavement,Road,m2,3547.518641261209
2025-11-20,Ballast,Railway,m3,2661.8742799828533
2025-10-13,Removing trees,Building,m2,1659.4414063357615
2025-02-13,Ballast,Railway,m3,1349.9219598877582
2025-03-13,Iron mining,Railway,m3,582.3041726366985
2025-05-09,Iron mining,Railway,m3,1719.388893021419
2025-01-15,Laying steel rail,Railway,m,3937.580024129797
2025-09-02,Subbase application,Road,m2,728.1307054631886
2025-06-29,Cement making,Building,m3,3289.4312720484036
2025-12-28,Pavement,Road,m2,3527.501226890369
2025-01-09,Iron mining,Railway,m3,3201.892085536495
2025-08-17,Laying steel rail,Railway,m,984.7743392983277
2025-10-27,Ballast,Railway,m3,4353.509490567723
2025-05-02,Rolling/Tractor,Road,m2,3866.250284021953
2025-05-10,Pavement,Road,m2,2649.4096880184666
2025-02-05,Iron mining,Railway,m3,3245.321662799279
2025-12-05,Pavement,Road,m2,1372.5683144746188
2025-03-16,Walling,Building,m2,4901.164303547865
2025-10-02,Removing trees,Building,m2,2607.898006580064
2025-04-16,Foundation pouring,Building,m3,4919.915268510699
2025-04-10,Anchorage,Railway,m2,1525.9211274150402
2025-01-11,Walling,Building,m2,2902.196682369419
2025-10-07,Removing trees,Building,m2,3120.4301274337286
2025-06-20,Pavement,Road,m2,4666.467340566189
2025-11-13,Ballast,Railway,m3,4821.687655258974
2025-06-22,Subbase application,Road,m2,3961.686260577155
2025-09-29,Iron mining,Railway,m3,4140.305433071497
2025-03-27,Laying steel rail,Railway,m,3856.7330323763736
2025-07-02,Subbase application,Road,m2,3395.7485525559505
2025-08-07,Laying steel rail,Railway,m,1346.44367688526
2025-06-24,Cement making,Building,m3,1328.104511810319
2025-05-26,Laying steel rail,Railway,m,4540.323457669124
2025-09-15,Coat preparation,Road,L,334.8773095279445
2025-09-23,Walling,Building,m2,1112.2285751170768
2025-12-11,Laying steel rail,Railway,m,4490.521904494397
2025-03-11,Laying steel rail,Railway,m,566.6642958182944
2025-07-22,Removing trees,Building,m2,4841.525871322382
2025-06-10,Foundation pouring,Building,m3,4195.797182887871
2025-10-07,Rolling/Tractor,Road,m2,4592.220110180454
2025-07-22,Foundation pouring,Building,m3,1283.6917699391454
2025-02-18,Walling,Building,m2,1246.2132363654239
2025-02-21,Foundation pouring,Building,m3,3380.3644748465485
2025-03-26,Cement making,Building,m3,4007.301767116881
2025-09-14,Anchorage,Railway,m2,1084.6171529133576
2025-09-12,Foundation pouring,Building,m3,2405.696111797998
2025-09-21,Pavement,Road,m2,2304.737167455842
2025-06-17,Iron mining,Railway,m3,3256.095993702169
2025-01-15,Walling,Building,m2,3020.3822041948697
2025-12-07,Pavement,Road,m2,3401.0742636165937
2025-11-23,Pavement,Road,m2,1054.5409934203549
2025-12-26,Iron mining,Railway,m3,895.8073394816552
2025-12-02,Rolling/Tractor,Road,m2,735.4635138533666
2025-01-01,Walling,Building,m2,4169.712800735556
2025-09-19,Cement making,Building,m3,3835.8755545382296
2025-02-18,Rolling/Tractor,Road,m2,1500.178082335557
2025-09-13,Walling,Building,m2,118.47704088007282
2025-02-25,Coat preparation,Road,L,4768.335864692502
2025-11-01,Pavement,Road,m2,3787.399315761579
2025-08-29,Ballast,Railway,m3,4773.665299215366
2025-07-28,Pavement,Road,m2,286.5683419985171
2025-05-30,Foundation pouring,Building,m3,4371.879314055915
2025-12-03,Cement making,Building,m3,3136.255938541259
2025-11-13,Removing trees,Building,m2,1799.7362143320756
2025-10-26,Cement making,Building,m3,2843.867945059963
2025-02-15,Removing trees,Building,m2,4863.658737295805
2025-08-15,Coat preparation,Road,L,3646.4216471997656
2025-09-16,Rolling/Tractor,Road,m2,2220.735810356215
2025-03-01,Iron mining,Railway,m3,3769.32617759039
2025-07-21,Ballast,Railway,m3,1967.1429297378795
2025-04-02,Terrain leveling,Building,m3,2644.9644672808677
2025-08-12,Ballast,Railway,m3,3788.3848648684593
2025-08-14,Anchorage,Railway,m2,3798.033683953126
2025-05-23,Pavement,Road,m2,1308.0938150558668
2025-05-01,Pavement,Road,m2,3842.3727100587384
2025-09-12,Coat preparation,Road,L,3209.3140151878924
2025-08-09,Rolling/Tractor,Road,m2,762.6721250624163
2025-10-01,Coat preparation,Road,L,3578.0640313073814
2025-10-23,Ballast,Railway,m3,4687.520528758869
2025-06-10,Anchorage,Railway,m2,4539.145657010406
2025-08-01,Removing trees,Building,m2,1058.0269093432205
2025-07-12,Laying steel rail,Railway,m,2096.219401223348
2025-08-23,Iron mining,Railway,m3,3116.0071191683082
2025-05-20,Laying steel rail,Railway,m,3551.4827136304184
2025-09-13,Subbase application,Road,m2,2181.5366601806004
2025-12-24,Coat preparation,Road,L,2536.1772034706537
2025-02-11,Cement making,Building,m3,1262.516043858607
2025-04-14,Pavement,Road,m2,3524.7692307711454
2025-07-26,Walling,Building,m2,4186.63907239322
2025-04-01,Cement making,Building,m3,3398.032390688608
2025-01-13,Removing trees,Building,m2,2013.507871430254
2025-01-14,Ballast,Railway,m3,4750.334103289499
2025-03-24,Iron mining,Railway,m3,4863.213780885354
2025-10-30,Anchorage,Railway,m2,1962.965673928298
2025-08-16,Pavement,Road,m2,1175.9718876591828
2025-12-16,Pavement,Road,m2,1769.036960382938
2025-02-07,Removing trees,Building,m2,1530.7133020694953
2025-06-24,Cement making,Building,m3,3968.809083209539
2025-07-15,Iron mining,Railway,m3,3531.1275361889498
2025-06-08,Subbase application,Road,m2,3891.780483549189
2025-08-01,Rolling/Tractor,Road,m2,1494.6092876169275
2025-08-13,Foundation pouring,Building,m3,1089.6648370865114
2025-01-17,Iron mining,Railway,m3,128.88035322280834
2025-07-12,Foundation pouring,Building,m3,950.7601227995283
2025-06-11,Coat preparation,Road,L,3475.5718932598415
2025-03-16,Terrain leveling,Building,m3,3491.156995319605
2025-02-24,Cement making,Building,m3,1859.4997284698973
2025-02-26,Iron mining,Railway,m3,2463.6714615333244
2025-03-26,Pavement,Road,m2,3673.3403188701136
2025-04-01,Pavement,Road,m2,265.11597842624354
2025-10-09,Rolling/Tractor,Road,m2,613.4025903363178
2025-04-13,Coat preparation,Road,L,4472.195405672753
2025-03-23,Removing trees,Building,m2,2573.528645574679
2025-03-27,Coat preparation,Road,L,3423.475446228789
2025-10-31,Walling,Building,m2,4208.089136328179
2025-03-02,Subbase application,Road,m2,4238.937749585043
2025-05-01,Rolling/Tractor,Road,m2,2145.6531140252196
2025-07-07,Subbase application,Road,m2,1350.88820767364
2025-05-23,Anchorage,Railway,m2,4723.189672291072
2025-12-13,Terrain leveling,Building,m3,3753.5955871671467
2025-10-22,Removing trees,Building,m2,2714.454598813579
2025-04-11,Anchorage,Railway,m2,179.04233912760748
2025-09-08,Laying steel rail,Railway,m,1940.2505528436243
2025-11-07,Removing trees,Building,m2,3609.4789803311405
2025-05-18,Subbase application,Road,m2,4514.1284528203605
2025-10-23,Anchorage,Railway,m2,1452.8861805067506
2025-02-15,Removing trees,Building,m2,4233.2950683422905
2025-12-10,Anchorage,Railway,m2,4265.614909155092
2025-09-02,Coat preparation,Road,L,756.3655806940977
2025-11-22,Foundation pouring,Building,m3,1709.9486757500877
2025-10-26,Pavement,Road,m2,3499.3635821298617
2025-12-10,Foundation pouring,Building,m3,2007.5150701870414
2025-09-22,Terrain leveling,Building,m3,1958.1434943985066
2025-07-30,Pavement,Road,m2,4188.664708932814
2025-08-16,Foundation pouring,Building,m3,3555.1495963707307
2025-08-09,Coat preparation,Road,L,2061.2865232931276
2025-05-21,Subbase application,Road,m2,284.0004481012032
2025-04-11,Removing trees,Building,m2,4820.097145271682
2025-11-21,Terrain leveling,Building,m3,2856.512911100522
2025-01-02,Cement making,Building,m3,1301.1202337497596
2025-04-10,Pavement,Road,m2,2760.058906500787
2025-11-25,Iron mining,Railway,m3,3939.6666107252954
2025-07-26,Walling,Building,m2,2422.0648079955163
2025-11-29,Terrain leveling,Building,m3,2819.2914197632613
2025-02-04,Anchorage,Railway,m2,3413.3592197652356
2025-11-15,Iron mining,Railway,m3,1781.4845000057833
2025-06-18,Walling,Building,m2,3460.183535821671
2025-05-28,Laying steel rail,Railway,m,4300.656758495941
2025-09-15,Cement making,Building,m3,1680.0993744401367
2025-01-27,Pavement,Road,m2,4787.604190249827
2025-10-31,Laying steel rail,Railway,m,1410.7357689023304
2025-02-02,Pavement,Road,m2,1660.2380435721543
2025-07-01,Rolling/Tractor,Road,m2,2810.16830524605
2025-05-11,Subbase application,Road,m2,1077.9866294250994
2025-07-16,Pavement,Road,m2,3918.4376676969828
2025-01-14,Walling,Building,m2,3762.829467624605
2025-02-12,Coat preparation,Road,L,472.89716273774707
2025-01-14,Subbase application,Road,m2,2084.2022284372624
2025-05-06,Laying steel rail,Railway,m,4654.210788510575
2025-12-07,Removing trees,Building,m2,3247.6709278578273
2025-10-14,Rolling/Tractor,Road,m2,2340.244375064171
2025-06-02,Iron mining,Railway,m3,3350.8644430967306
2025-12-22,Anchorage,Railway,m2,2894.0443846953785
2025-02-05,Pavement,Road,m2,2529.0783902436115
2025-10-27,Walling,Building,m2,1088.6669308151254
2025-01-25,Anchorage,Railway,m2,853.5221664278287
2025-10-06,Walling,Building,m2,351.7972363514971
2025-01-12,Iron mining,Railway,m3,2935.526468762568
2025-12-24,Foundation pouring,Building,m3,1019.7223259701765
2025-05-18,Rolling/Tractor,Road,m2,4870.209958344956
2025-08-28,Anchorage,Railway,m2,1943.0290881437572
2025-09-07,Cement making,Building,m3,3685.0276982659384
2025-10-05,Pavement,Road,m2,4351.980320784222
2025-01-26,Rolling/Tractor,Road,m2,1476.0846528394295
2025-08-30,Foundation pouring,Building,m3,931.3720051092561
2025-12-25,Coat preparation,Road,L,973.7558477023323
2025-08-29,Coat preparation,Road,L,1183.1188489402223
2025-08-28,Iron mining,Railway,m3,2106.5512620241116
2025-07-21,Terrain leveling,Building,m3,1277.1120049022966
2025-03-05,Cement making,Building,m3,877.7118192289712
2025-10-10,Pavement,Road,m2,3161.1099715916507
2025-04-28,Rolling/Tractor,Road,m2,4354.0107724834415
2025-11-14,Anchorage,Railway,m2,969.5660184672356
2025-06-01,Cement making,Building,m3,3033.8327413035736
2025-01-17,Cement making,Building,m3,3037.198655763762
2025-07-15,Walling,Building,m2,2226.8344383639514
2025-02-18,Anchorage,Railway,m2,4680.505589412686
2025-06-11,Pavement,Road,m2,177.29495901064152
2025-08-13,Ballast,Railway,m3,500.91017370785306
2025-08-15,Walling,Building,m2,1506.400281321042
2025-01-26,Iron mining,Railway,m3,2225.290039859992
2025-05-13,Anchorage,Railway,m2,1565.8654895616687
2025-11-12,Rolling/Tractor,Road,m2,4018.6130464191324
2025-09-29,Terrain leveling,Building,m3,589.0018400750457
2025-09-16,Terrain leveling,Building,m3,1061.5370479516146
2025-07-14,Coat preparation,Road,L,1120.0051299201275
2025-07-21,Walling,Building,m2,3812.205420492065
2025-02-05,Removing trees,Building,m2,4294.164595033111
2025-11-20,Terrain leveling,Building,m3,1392.0728566537693
2025-04-13,Foundation pouring,Building,m3,3749.0316977680004
2025-07-29,Walling,Building,m2,2623.2785809082015
2025-11-07,Subbase application,Road,m2,2559.385725999178
2025-09-08,Iron mining,Railway,m3,1369.5677394779327
2025-04-13,Pavement,Road,m2,818.9993279188996
2025-11-12,Terrain leveling,Building,m3,3510.652394043307
2025-02-25,Foundation pouring,Building,m3,2723.5349794122103
2025-01-27,Cement making,Building,m3,2424.677866510172
2025-11-10,Terrain leveling,Building,m3,3047.054458472128
2025-09-07,Coat preparation,Road,L,2625.466096539308
2025-07-05,Iron mining,Railway,m3,3227.1350406174597
2025-10-19,Cement making,Building,m3,857.6756381529144
2025-12-16,Coat preparation,Road,L,1279.8799486214195
2025-08-19,Coat preparation,Road,L,4698.046753426946
2025-05-11,Subbase application,Road,m2,3027.463205661947
2025-05-31,Coat preparation,Road,L,1545.4691777088265
2025-04-09,Ballast,Railway,m3,2630.4385788080344
2025-06-11,Coat preparation,Road,L,4854.567052018718
2025-11-28,Coat preparation,Road,L,4839.894917494682
2025-10-17,Rolling/Tractor,Road,m2,2921.571308070428
2025-01-31,Removing trees,Building,m2,1307.5813582583855
2025-07-20,Coat preparation,Road,L,2359.042535514157
2025-03-12,Pavement,Road,m2,1474.1343365012594
2025-07-30,Foundation pouring,Building,m3,4285.9949265642645
2025-08-03,Pavement,Road,m2,177.18626022120597
2025-01-26,Terrain leveling,Building,m3,4947.507849121762
2025-03-06,Ballast,Railway,m3,3034.9570172487365
2025-03-07,Cement making,Building,m3,1995.2156986919078
2025-10-02,Subbase application,Road,m2,641.3439152840889
2025-10-09,Foundation pouring,Building,m3,1586.252146309639
2025-12-13,Anchorage,Railway,m2,3601.810135504731
2025-01-08,Foundation pouring,Building,m3,169.25568271029422
2025-07-24,Ballast,Railway,m3,4813.710280649411
2025-03-18,Ballast,Railway,m3,1744.7785545103395
2025-05-29,Walling,Building,m2,4190.1007664113695
2025-12-13,Pavement,Road,m2,4233.607268543607
2025-05-06,Cement making,Building,m3,204.49581167399145
2025-12-08,Coat preparation,Road,L,626.6974724668462
2025-04-20,Rolling/Tractor,Road,m2,4329.221238207457
2025-07-24,Walling,Building,m2,1888.1288863896561
2025-11-16,Ballast,Railway,m3,3207.663641906182
2025-06-05,Anchorage,Railway,m2,2248.047380273103
2025-08-25,Walling,Building,m2,2468.341931388472
2025-06-23,Ballast,Railway,m3,963.2099866735805
2025-05-04,Rolling/Tractor,Road,m2,3605.760439376043
2025-11-19,Ballast,Railway,m3,792.579308555128
2025-03-08,Anchorage,Railway,m2,640.7279557629597
2025-05-22,Removing trees,Building,m2,2085.416108188035
2025-08-26,Coat preparation,Road,L,3074.4045146308385
2025-10-26,Cement making,Building,m3,307.3279790543615
2025-01-13,Terrain leveling,Building,m3,1380.809674220348
2025-11-10,Subbase application,Road,m2,1130.4877450220247
2025-08-02,Ballast,Railway,m3,1278.8085706276308
2025-10-07,Walling,Building,m2,3529.334027903188
2025-02-26,Pavement,Road,m2,4795.468110453021
2025-07-07,Walling,Building,m2,2090.9828460044337
2025-10-22,Walling,Building,m2,3608.8151082779327
2025-02-09,Coat preparation,Road,L,2455.6678948628764
2025-10-25,Cement making,Building,m3,941.9692321553275
2025-07-21,Pavement,Road,m2,229.015799879837
2025-05-19,Ballast,Railway,m3,4896.773988924278
2025-07-01,Laying steel rail,Railway,m,1183.9473375393934
2025-04-21,Ballast,Railway,m3,2259.7094269050253
2025-12-14,Laying steel rail,Railway,m,3221.4589535485857
2025-07-04,Cement making,Building,m3,3604.193708291879
2025-10-07,Laying steel rail,Railway,m,559.3290624755937
2025-02-10,Walling,Building,m2,2741.4101383913603
2025-01-04,Cement making,Building,m3,4435.6384636264265
2025-01-09,Subbase application,Road,m2,948.4507045119839
2025-10-18,Iron mining,Railway,m3,4266.492741201731
2025-05-01,Iron mining,Railway,m3,4811.627374260185
2025-03-07,Walling,Building,m2,2497.96952691611
2025-11-09,Pavement,Road,m2,4269.937651122881
2025-01-31,Coat preparation,Road,L,2201.4270201468594
2025-06-11,Walling,Building,m2,1506.4173122634772
2025-08-02,Removing trees,Building,m2,4936.139678861019
2025-11-12,Terrain leveling,Building,m3,3612.891844052532
2025-04-10,Terrain leveling,Building,m3,4247.863768626976
2025-06-19,Walling,Building,m2,517.7252753430839
2025-07-29,Coat preparation,Road,L,887.3637102327548
2025-07-24,Iron mining,Railway,m3,9.736590988637662
2025-03-05,Removing trees,Building,m2,966.9981266633165
2025-07-25,Iron mining,Railway,m3,2979.5451224962726
2025-02-16,Coat preparation,Road,L,3670.8975215107307
2025-12-12,Iron mining,Railway,m3,3319.1277895401254
2025-03-17,Subbase application,Road,m2,2186.6689734492743
2025-04-09,Cement making,Building,m3,3530.1167212591477
2025-01-07,Cement making,Building,m3,3422.411358677118
2025-03-01,Pavement,Road,m2,1671.9955799243692
2025-05-06,Ballast,Railway,m3,47.464688457606876
2025-01-23,Walling,Building,m2,4185.412832133476
2025-10-13,Terrain leveling,Building,m3,2980.9896003057856
2025-09-13,Foundation pouring,Building,m3,3627.722501278679
2025-02-21,Rolling/Tractor,Road,m2,4728.258348135793
2025-07-23,Ballast,Railway,m3,2903.887964287242
2025-09-17,Anchorage,Railway,m2,1806.4348336086944
2025-02-12,Walling,Building,m2,3034.204521057922
2025-05-14,Iron mining,Railway,m3,3832.4645683591552
2025-09-05,Laying steel rail,Railway,m,3410.939554359903
2025-01-28,Coat preparation,Road,L,2885.2197659057883
2025-05-24,Coat preparation,Road,L,320.8869783555318
2025-04-20,Iron mining,Railway,m3,268.84952499027116
2025-11-26,Terrain leveling,Building,m3,883.7607372759321
2025-12-26,Pavement,Road,m2,1357.8467249273986
2025-11-12,Pavement,Road,m2,2532.975714573783
2025-07-03,Iron mining,Railway,m3,3407.0161875235312
2025-06-23,Laying steel rail,Railway,m,3473.2375376098057
2025-04-12,Laying steel rail,Railway,m,968.53291080293
2025-04-06,Laying steel rail,Railway,m,2837.869424720269
2025-06-30,Laying steel rail,Railway,m,4327.723193963078
2025-07-08,Rolling/Tractor,Road,m2,2359.2715705357923
2025-08-26,Walling,Building,m2,400.0603656094798
2025-07-21,Foundation pouring,Building,m3,3501.46527399178
2025-05-24,Walling,Building,m2,3121.986870476083
2025-03-01,Pavement,Road,m2,3099.3844051213946
2025-07-30,Rolling/Tractor,Road,m2,1112.28845955054
2025-06-27,Pavement,Road,m2,4442.338578359914
2025-01-29,Laying steel rail,Railway,m,4420.455696516715
2025-06-18,Ballast,Railway,m3,3437.689507299502
2025-01-29,Cement making,Building,m3,1452.242853211802
2025-02-17,Subbase application,Road,m2,2425.8994244191585
2025-02-09,Laying steel rail,Railway,m,1655.832054797169
2025-04-10,Anchorage,Railway,m2,2492.2895537999607
2025-08-17,Rolling/Tractor,Road,m2,3546.8602617654406
2025-06-19,Laying steel rail,Railway,m,3758.4818950946474
2025-12-25,Foundation pouring,Building,m3,976.1587850788789
2025-07-01,Coat preparation,Road,L,3333.888251489223
2025-03-20,Rolling/Tractor,Road,m2,4826.3788961526025
2025-12-15,Iron mining,Railway,m3,982.9226897475995
2025-12-28,Anchorage,Railway,m2,2235.576332869818
2025-01-02,Laying steel rail,Railway,m,406.87746096485955
2025-05-24,Laying steel rail,Railway,m,4957.031960083497
2025-01-28,Anchorage,Railway,m2,1562.5350072324095
2025-02-09,Anchorage,Railway,m2,2091.6930544688134
2025-12-16,Coat preparation,Road,L,26.393046988152925
2025-01-30,Terrain leveling,Building,m3,1486.1145662613674
2025-03-16,Iron mining,Railway,m3,3869.48931573
2025-02-21,Cement making,Building,m3,2935.003586446826
2025-11-20,Cement making,Building,m3,1310.8027685666434
2025-06-29,Cement making,Building,m3,3620.6564023335836
2025-10-23,Walling,Building,m2,2966.4619506852746
2025-05-13,Coat preparation,Road,L,1165.826785715524
2025-07-17,Ballast,Railway,m3,1378.8208926060747
2025-07-06,Cement making,Building,m3,3272.850281234312
2025-07-25,Ballast,Railway,m3,687.0124399640843
2025-07-13,Walling,Building,m2,4218.025281560067
2025-08-20,Coat preparation,Road,L,2453.919558173478
2025-05-10,Coat preparation,Road,L,811.0479093390416
2025-01-28,Removing trees,Building,m2,1380.5058217885107
2025-04-07,Subbase application,Road,m2,2706.3063733774334
2025-11-08,Cement making,Building,m3,4675.9318214854775
2025-03-09,Coat preparation,Road,L,4854.549453531997
2025-02-27,Walling,Building,m2,1391.4944046273176
2025-04-07,Removing trees,Building,m2,2145.1954883806284
2025-10-04,Cement making,Building,m3,1920.7206921415104
2025-12-06,Ballast,Railway,m3,943.5766009112012
2025-11-30,Iron mining,Railway,m3,1891.3269359865071
2025-12-08,Coat preparation,Road,L,2852.8084749072386
2025-02-14,Subbase application,Road,m2,3773.511749036123
2025-03-19,Rolling/Tractor,Road,m2,3002.734923323283
2025-08-09,Subbase application,Road,m2,1071.3538033243997
2025-05-23,Cement making,Building,m3,1911.3426248751314
2025-11-27,Coat preparation,Road,L,4989.967585358669
2025-10-22,Subbase application,Road,m2,4196.932585615657
2025-01-25,Walling,Building,m2,2942.4487829258533
2025-10-03,Anchorage,Railway,m2,2408.742176587013
2025-05-23,Anchorage,Railway,m2,4311.303761327866
2025-10-20,Foundation pouring,Building,m3,53.139053218616006
2025-09-05,Subbase application,Road,m2,1064.669267877616
2025-03-29,Coat preparation,Road,L,2632.2842164397543
2025-12-19,Coat preparation,Road,L,2375.7284063920247
2025-11-13,Pavement,Road,m2,1589.529775669421
2025-01-14,Ballast,Railway,m3,1453.729334407477
2025-02-12,Cement making,Building,m3,1424.8699362199059
2025-02-17,Laying steel rail,Railway,m,3688.2079382476663
2025-10-26,Foundation pouring,Building,m3,4655.477851510413
2025-12-24,Removing trees,Building,m2,4677.558603906479
2025-04-24,Anchorage,Railway,m2,548.5958251973155
2025-05-05,Laying steel rail,Railway,m,174.04384308239318
2025-12-17,Cement making,Building,m3,3741.517318814149
2025-08-13,Laying steel rail,Railway,m,2766.57729193297
2025-01-09,Coat preparation,Road,L,627.7164539202446
2025-02-03,Cement making,Building,m3,3748.9675146731925
2025-03-10,Iron mining,Railway,m3,4167.817050573182
2025-07-17,Subbase application,Road,m2,2015.411455634688
2025-01-24,Foundation pouring,Building,m3,4064.402192025377
2025-12-28,Removing trees,Building,m2,2589.4390647156624
2025-03-05,Iron mining,Railway,m3,802.867849730029
2025-01-29,Iron mining,Railway,m3,3051.631761619594
2025-06-29,Terrain leveling,Building,m3,1235.7332253600196
2025-10-13,Subbase application,Road,m2,381.56180924505065
2025-06-29,Pavement,Road,m2,4300.999575818605
2025-05-05,Laying steel rail,Railway,m,4688.695338116633
2025-03-16,Terrain leveling,Building,m3,289.15813146913325
2025-03-12,Foundation pouring,Building,m3,4765.500904055822
2025-08-12,Rolling/Tractor,Road,m2,2278.0108136058484
2025-11-08,Iron mining,Railway,m3,3065.6239373906974
2025-12-08,Anchorage,Railway,m2,956.1890091477426
2025-12-18,Foundation pouring,Building,m3,474.5216005745906
2025-04-15,Rolling/Tractor,Road,m2,2868.602667134308
2025-02-13,Walling,Building,m2,2405.0531800685835
2025-04-24,Coat preparation,Road,L,4000.389569539936
2025-12-22,Walling,Building,m2,4293.737885540784
2025-11-28,Ballast,Railway,m3,1727.4806232233575
2025-08-06,Laying steel rail,Railway,m,3394.139391974759
2025-01-22,Laying steel rail,Railway,m,205.75370192733033
2025-12-23,Walling,Building,m2,2933.389578390605
2025-11-03,Iron mining,Railway,m3,747.8931568789959
2025-12-18,Anchorage,Railway,m2,4709.410241092905
2025-11-22,Iron mining,Railway,m3,1195.3627488409545
2025-10-28,Removing trees,Building,m2,1224.9438738124259
2025-10-04,Subbase application,Road,m2,2577.0473433779184
2025-10-09,Foundation pouring,Building,m3,2567.000562448167
2025-11-14,Cement making,Building,m3,3847.7444745156054
2025-11-12,Iron mining,Railway,m3,1705.5407671508876
2025-06-01,Cement making,Building,m3,4407.250991754929
2025-07-25,Iron mining,Railway,m3,2383.81134044819
2025-03-13,Foundation pouring,Building,m3,649.6505381576089
2025-01-21,Iron mining,Railway,m3,2657.28166503033
2025-03-23,Subbase application,Road,m2,2514.798360141953
2025-04-16,Coat preparation,Road,L,682.9873220497834
2025-12-19,Cement making,Building,m3,4989.00415861055
2025-07-18,Foundation pouring,Building,m3,12.584767311017986
2025-04-20,Ballast,Railway,m3,605.5273792149129
2025-02-01,Iron mining,Railway,m3,4268.704435761395
2025-05-13,Removing trees,Building,m2,3150.5636101839586
2025-11-16,Foundation pouring,Building,m3,4225.30770492259
2025-08-23,Subbase application,Road,m2,206.6421188073375
2025-10-08,Removing trees,Building,m2,2430.614442691453
2025-01-21,Terrain leveling,Building,m3,3629.378762985066
2025-07-10,Iron mining,Railway,m3,1239.566984203424
2025-03-01,Anchorage,Railway,m2,118.8092475996494
2025-02-05,Walling,Building,m2,1517.3920476284025
2025-10-24,Ballast,Railway,m3,4323.417249914921
2025-03-28,Walling,Building,m2,2064.154814816709
2025-05-15,Laying steel rail,Railway,m,4310.698997999092
2025-06-19,Rolling/Tractor,Road,m2,4641.685367261518
2025-05-28,Pavement,Road,m2,4206.764518480299
2025-12-02,Rolling/Tractor,Road,m2,3180.1877467397453
2025-06-23,Coat preparation,Road,L,3600.0561398922728
2025-01-02,Laying steel rail,Railway,m,2545.366978281051
2025-11-22,Cement making,Building,m3,3218.6009985819614
2025-09-23,Iron mining,Railway,m3,73.09183717684797
2025-08-25,Removing trees,Building,m2,1021.0519311655397
2025-12-08,Pavement,Road,m2,4764.34038834035
2025-10-16,Ballast,Railway,m3,2330.692187530038
2025-10-04,Pavement,Road,m2,3587.2584602934103
2025-01-25,Cement making,Building,m3,3927.07977742271
2025-11-11,Pavement,Road,m2,3186.252441909625
2025-02-17,Iron mining,Railway,m3,77.41962323505713
2025-05-04,Ballast,Railway,m3,3552.6814404801476
2025-05-21,Walling,Building,m2,2621.322550742435
2025-01-04,Laying steel rail,Railway,m,2892.3183916546345
2025-01-02,Laying steel rail,Railway,m,2247.418031701892
2025-10-17,Terrain leveling,Building,m3,1227.6129881702934
2025-01-13,Iron mining,Railway,m3,644.3346113299697
2025-08-10,Laying steel rail,Railway,m,2816.0648802111045
2025-09-23,Laying steel rail,Railway,m,2944.675559827894
2025-10-03,Removing trees,Building,m2,1539.7501893338567
2025-08-14,Pavement,Road,m2,778.5429702517376
2025-07-30,Walling,Building,m2,1237.1500001190943
2025-01-05,Anchorage,Railway,m2,2829.48921023964
2025-05-22,Walling,Building,m2,2890.693815806299
2025-08-02,Walling,Building,m2,3353.9885177807987
2025-12-21,Laying steel rail,Railway,m,3457.518276900562
2025-02-15,Removing trees,Building,m2,4045.9606866097565
2025-06-19,Iron mining,Railway,m3,1414.394466598883
2025-12-01,Laying steel rail,Railway,m,4557.79184810606
2025-05-03,Laying steel rail,Railway,m,1180.0030276788382
2025-05-23,Rolling/Tractor,Road,m2,1132.7540089208426
2025-02-17,Coat preparation,Road,L,3050.0308568236096
2025-08-05,Coat preparation,Road,L,2161.741023430255
2025-09-30,Coat preparation,Road,L,126.08858003212542
2025-08-22,Anchorage,Railway,m2,3097.626271829478
2025-12-04,Anchorage,Railway,m2,603.2378807905498
2025-01-24,Anchorage,Railway,m2,4388.063693539475
2025-06-18,Subbase application,Road,m2,4289.895955385544
2025-08-15,Foundation pouring,Building,m3,3813.7836663857265
2025-04-08,Walling,Building,m2,4126.832492337351
2025-10-24,Subbase application,Road,m2,4532.860340538095
2025-01-31,Coat preparation,Road,L,1929.557753672057
2025-09-09,Pavement,Road,m2,967.399511348433
2025-07-15,Pavement,Road,m2,1453.159684955716
2025-09-05,Anchorage,Railway,m2,4459.838978101522
2025-10-30,Walling,Building,m2,4945.000897714206
2025-04-10,Removing trees,Building,m2,2950.676234504339
2025-02-15,Removing trees,Building,m2,1554.9068889089247
2025-03-03,Subbase application,Road,m2,4163.904921845882
2025-12-16,Anchorage,Railway,m2,4682.754316883926
2025-12-25,Cement making,Building,m3,3353.616356984723
2025-02-24,Ballast,Railway,m3,1599.7141243809037
2025-09-28,Terrain leveling,Building,m3,2284.8253914925117
2025-05-01,Subbase application,Road,m2,3443.753373428492
2025-04-02,Cement making,Building,m3,4060.21054378959
2025-01-20,Rolling/Tractor,Road,m2,4096.1323297209865
2025-06-24,Ballast,Railway,m3,3725.6006283642196
2025-02-21,Subbase application,Road,m2,2049.212014983896
2025-09-18,Iron mining,Railway,m3,401.03871590940645
2025-05-15,Walling,Building,m2,3404.457147339639
2025-01-22,Walling,Building,m2,398.3381404530928
2025-04-13,Terrain leveling,Building,m3,4742.487704045315
2025-08-19,Foundation pouring,Building,m3,354.3183634902769
2025-08-16,Terrain leveling,Building,m3,1105.6965042683846
2025-08-01,Terrain leveling,Building,m3,4582.341641613691
2025-01-30,Anchorage,Railway,m2,3471.462326186111
2025-09-12,Laying steel rail,Railway,m,4421.224641582738
2025-12-08,Ballast,Railway,m3,2285.401625579449
2025-03-07,Rolling/Tractor,Road,m2,1434.7879531055453
2025-02-15,Terrain leveling,Building,m3,4206.317477622146
2025-09-29,Foundation pouring,Building,m3,3528.844801775588
2025-02-09,Removing trees,Building,m2,4696.321889265205
2025-09-12,Removing trees,Building,m2,2843.7826744431336
2025-09-23,Ballast,Railway,m3,3401.6816662852343
2025-11-16,Iron mining,Railway,m3,4135.420229850618
2025-10-27,Foundation pouring,Building,m3,14.818226561881808
2025-05-14,Pavement,Road,m2,4056.74546977073
2025-10-15,Iron mining,Railway,m3,3009.9790441009113
2025-06-27,Terrain leveling,Building,m3,2627.564849380648
2025-06-04,Coat preparation,Road,L,1000.696756280291
2025-06-16,Pavement,Road,m2,2353.9933314307573
2025-03-08,Walling,Building,m2,2594.4114159348296
2025-10-06,Coat preparation,Road,L,107.94321904662785
2025-12-01,Terrain leveling,Building,m3,308.6014822811506
2025-07-12,Laying steel rail,Railway,m,3468.052061015567
2025-06-20,Subbase application,Road,m2,2075.3570701500375
2025-01-29,Iron mining,Railway,m3,3774.424957284613
2025-02-09,Iron mining,Railway,m3,981.3307641936525
2025-01-10,Removing trees,Building,m2,1473.6415396923564
2025-07-09,Rolling/Tractor,Road,m2,3473.069137224127
2025-08-22,Walling,Building,m2,2288.02518232761
2025-06-20,Ballast,Railway,m3,281.4192770089713
2025-04-03,Terrain leveling,Building,m3,1491.443556033692
2025-09-05,Subbase application,Road,m2,4682.411721613349
2025-09-27,Foundation pouring,Building,m3,4816.978557619269
2025-01-07,Rolling/Tractor,Road,m2,2487.0534426403215
2025-03-02,Cement making,Building,m3,1760.6756717563544
2025-06-04,Coat preparation,Road,L,2831.970035434439
2025-08-17,Rolling/Tractor,Road,m2,1828.0821248236407
2025-07-23,Pavement,Road,m2,2591.865112526673
2025-05-19,Coat preparation,Road,L,2441.1578534367513
2025-11-12,Subbase application,Road,m2,4140.2243780919
2025-01-05,Iron mining,Railway,m3,173.98408310350112
2025-10-15,Cement making,Building,m3,1505.3746362927689
2025-03-27,Iron mining,Railway,m3,2904.974255733781
2025-05-02,Rolling/Tractor,Road,m2,1385.5778894945474
2025-12-16,Coat preparation,Road,L,596.3819011993915
2025-05-02,Walling,Building,m2,4351.831335939242
2025-09-23,Walling,Building,m2,2270.9938288815456
2025-11-22,Subbase application,Road,m2,4154.882304584204
2025-08-12,Coat preparation,Road,L,2430.134356948692
2025-04-08,Ballast,Railway,m3,1809.9253279071731
2025-05-11,Iron mining,Railway,m3,4522.431292568081
2025-03-23,Pavement,Road,m2,926.7031286589089
2025-01-21,Cement making,Building,m3,3052.0785269780463
2025-10-08,Subbase application,Road,m2,124.32220434465513
2025-11-28,Ballast,Railway,m3,4728.290239183404
2025-03-06,Laying steel rail,Railway,m,780.9210846090103
2025-03-04,Removing trees,Building,m2,3470.8863928181545
2025-06-02,Rolling/Tractor,Road,m2,3452.19772372012
2025-05-31,Coat preparation,Road,L,1663.9466343864146
2025-04-30,Laying steel rail,Railway,m,1105.367763215734
2025-03-17,Removing trees,Building,m2,1400.578856245423
2025-03-08,Anchorage,Railway,m2,2583.926126293134
2025-05-12,Walling,Building,m2,4494.294458779696
2025-05-15,Subbase application,Road,m2,1093.041253675459
2025-03-01,Subbase application,Road,m2,4200.359396451465
2025-06-30,Cement making,Building,m3,1796.8038759377964
2025-06-18,Anchorage,Railway,m2,2144.789406484438
2025-04-27,Foundation pouring,Building,m3,4090.0554800481464
2025-12-27,Cement making,Building,m3,1197.2145675590023
2025-10-07,Subbase application,Road,m2,664.1646504580917
2025-12-24,Ballast,Railway,m3,3541.3890403887076
2025-10-07,Foundation pouring,Building,m3,4964.821402044753
2025-11-19,Subbase application,Road,m2,3135.2708653535806
2025-05-25,Anchorage,Railway,m2,49.47049655846414
2025-10-15,Rolling/Tractor,Road,m2,49.80508180621512
2025-10-19,Anchorage,Railway,m2,1623.0660520619329
2025-10-10,Rolling/Tractor,Road,m2,817.1845208975909
2025-11-09,Laying steel rail,Railway,m,1265.9383237643597
2025-02-07,Laying steel rail,Railway,m,3187.6443338529575
2025-11-27,Walling,Building,m2,2591.143105313981
2025-05-14,Rolling/Tractor,Road,m2,417.8791369531487
2025-07-08,Foundation pouring,Building,m3,4476.989796063822
2025-09-24,Subbase application,Road,m2,1019.9313964835288
2025-03-03,Subbase application,Road,m2,231.6916644979261
2025-10-28,Foundation pouring,Building,m3,4459.739049118895
2025-09-30,Iron mining,Railway,m3,1851.2870266483578
2025-07-31,Removing trees,Building,m2,579.1672784276452
2025-12-23,Terrain leveling,Building,m3,1641.0496909959143
2025-05-28,Subbase application,Road,m2,40.90023272021681
2025-07-24,Pavement,Road,m2,2768.344411001968
2025-11-08,Ballast,Railway,m3,1175.496211240743
2025-02-01,Laying steel rail,Railway,m,1606.9356854999482
2025-12-07,Ballast,Railway,m3,4604.5730721529835
2025-03-04,Iron mining,Railway,m3,2496.683976373244
2025-04-09,Ballast,Railway,m3,4580.713596674936
2025-01-20,Ballast,Railway,m3,4177.753864349288
2025-04-23,Removing trees,Building,m2,4327.369770086462
2025-01-27,Foundation pouring,Building,m3,2236.225471686613
2025-04-19,Terrain leveling,Building,m3,2781.7627679998045
2025-03-29,Foundation pouring,Building,m3,1411.4913721976463
2025-08-22,Iron mining,Railway,m3,1088.397324971836
2025-11-13,Rolling/Tractor,Road,m2,2230.0829804775385
2025-03-14,Walling,Building,m2,2305.033989512502
2025-04-06,Subbase application,Road,m2,4732.516611415318
2025-11-27,Coat preparation,Road,L,958.4164113007288
2025-08-28,Cement making,Building,m3,808.1626563462157
2025-03-25,Foundation pouring,Building,m3,1012.191981971553
2025-01-29,Laying steel rail,Railway,m,1028.6989907654797
2025-05-04,Anchorage,Railway,m2,219.65700900164865
2025-10-27,Subbase application,Road,m2,725.9354863241663
2025-02-27,Removing trees,Building,m2,3761.4204802428626
2025-05-27,Subbase application,Road,m2,2169.1135573549486
2025-12-07,Subbase application,Road,m2,4091.9172112810547
2025-03-15,Laying steel rail,Railway,m,6.48405360189841
2025-10-03,Terrain leveling,Building,m3,2414.8916516633885
2025-08-26,Iron mining,Railway,m3,3014.2019337081465
2025-12-03,Iron mining,Railway,m3,3599.3659286723005
2025-01-09,Rolling/Tractor,Road,m2,2682.3987597148503
2025-07-28,Ballast,Railway,m3,3353.9247364577022
2025-08-04,Walling,Building,m2,4225.609074627133
2025-11-19,Foundation pouring,Building,m3,2365.0029354708236
2025-06-27,Terrain leveling,Building,m3,366.3267285174743
2025-10-26,Removing trees,Building,m2,1937.7202526856101
2025-11-12,Pavement,Road,m2,2262.017891395007
2025-10-12,Ballast,Railway,m3,2566.0251620003155
2025-11-29,Subbase application,Road,m2,3454.9522973303297
2025-10-23,Removing trees,Building,m2,3209.714182367608
2025-12-21,Laying steel rail,Railway,m,4870.15562295423
2025-11-24,Anchorage,Railway,m2,2823.3819588737565
2025-01-22,Pavement,Road,m2,990.9139887081935
2025-10-06,Walling,Building,m2,1617.5133723942197
2025-09-01,Foundation pouring,Building,m3,1146.7465179105652
2025-03-19,Ballast,Railway,m3,432.59473668167016
2025-11-24,Terrain leveling,Building,m3,770.6416080400819
2025-05-08,Rolling/Tractor,Road,m2,4568.037022646259
2025-08-12,Removing trees,Building,m2,857.5384293503018
2025-04-30,Coat preparation,Road,L,1070.4524936560333
2025-03-28,Anchorage,Railway,m2,1193.320208498646
2025-09-30,Rolling/Tractor,Road,m2,288.90354324346004
2025-12-29,Anchorage,Railway,m2,3153.630356048719
2025-08-23,Ballast,Railway,m3,933.4876213611026
2025-06-22,Iron mining,Railway,m3,3597.1683677400533
2025-06-06,Rolling/Tractor,Road,m2,4710.263815731724
2025-01-09,Walling,Building,m2,123.18265488228175
2025-12-22,Iron mining,Railway,m3,4179.170229121236
2025-08-13,Laying steel rail,Railway,m,3423.9409585028634
2025-02-23,Removing trees,Building,m2,4918.200675069104
2025-07-29,Cement making,Building,m3,758.1887851372071
2025-03-20,Terrain leveling,Building,m3,2549.5543172897537
2025-11-23,Anchorage,Railway,m2,491.0455239685485
2025-02-12,Cement making,Building,m3,3161.47340216556
2025-01-08,Removing trees,Building,m2,901.3438642449468
2025-03-31,Anchorage,Railway,m2,4159.641839251541
2025-06-20,Terrain leveling,Building,m3,2932.887547730616
2025-07-13,Rolling/Tractor,Road,m2,417.80224230094865
2025-10-23,Ballast,Railway,m3,4567.1432838889905
2025-07-23,Rolling/Tractor,Road,m2,4629.026503221025
2025-07-19,Removing trees,Building,m2,999.0357216594236
2025-11-30,Coat preparation,Road,L,2144.0544394439426
2025-10-31,Terrain leveling,Building,m3,1704.198013497089
2025-07-31,Terrain leveling,Building,m3,1025.4117023911974
2025-10-30,Coat preparation,Road,L,866.5248059271369
2025-01-15,Subbase application,Road,m2,1046.601730177123
2025-05-29,Terrain leveling,Building,m3,1982.353436690864
2025-11-21,Laying steel rail,Railway,m,2472.390067666151
2025-04-08,Rolling/Tractor,Road,m2,4937.09278112273
2025-05-06,Subbase application,Road,m2,2513.789045109927
2025-08-28,Laying steel rail,Railway,m,3548.5523308333645
2025-01-15,Cement making,Building,m3,751.41180397797
2025-04-20,Pavement,Road,m2,3747.370356433502
2025-01-16,Iron mining,Railway,m3,2751.8649802464074
2025-06-11,Foundation pouring,Building,m3,4899.481267720876
2025-10-03,Anchorage,Railway,m2,4799.153336403264
2025-05-10,Walling,Building,m2,621.0238918067945
2025-02-03,Laying steel rail,Railway,m,2658.888272192045
2025-01-19,Removing trees,Building,m2,2066.893790026957
2025-11-02,Laying steel rail,Railway,m,4666.542725692118
2025-09-15,Terrain leveling,Building,m3,3536.5741700219874
2025-07-19,Iron mining,Railway,m3,2058.0421569202144
2025-01-16,Cement making,Building,m3,2203.103815592596
2025-12-19,Ballast,Railway,m3,3264.4828037652983
2025-02-09,Pavement,Road,m2,4373.091917655756
2025-09-21,Removing trees,Building,m2,4092.447744110573
2025-11-27,Anchorage,Railway,m2,3389.4948005310894
2025-03-10,Subbase application,Road,m2,3073.8546115944237
2025-04-05,Iron mining,Railway,m3,3728.198773409112
2025-09-24,Rolling/Tractor,Road,m2,3357.984863601707
2025-11-18,Pavement,Road,m2,4069.991942699754
2025-08-28,Removing trees,Building,m2,4943.672063841812
2025-12-14,Pavement,Road,m2,4878.776408939126
2025-01-08,Subbase application,Road,m2,3718.792837880565
2025-12-08,Laying steel rail,Railway,m,3934.295309819026
2025-10-10,Terrain leveling,Building,m3,2141.2970949570044
2025-10-21,Anchorage,Railway,m2,3174.515736403932
2025-06-06,Foundation pouring,Building,m3,2712.03572037179
2025-02-26,Walling,Building,m2,1342.274807671518
2025-06-11,Removing trees,Building,m2,4952.414946268457
2025-08-23,Subbase application,Road,m2,2217.911859550607
2025-05-22,Laying steel rail,Railway,m,4004.181854491689
2025-10-05,Rolling/Tractor,Road,m2,491.27866952351104
2025-10-04,Terrain leveling,Building,m3,4356.00703910554
2025-04-22,Coat preparation,Road,L,591.5402642574985
2025-08-22,Laying steel rail,Railway,m,2510.4622041865177
2025-09-15,Subbase application,Road,m2,4482.207659835835
2025-02-19,Coat preparation,Road,L,2620.849409555952
2025-01-06,Anchorage,Railway,m2,2644.4225869637235
2025-01-01,Removing trees,Building,m2,3532.335261442347
2025-03-06,Iron mining,Railway,m3,3238.0616157952823
2025-01-20,Laying steel rail,Railway,m,4085.1019211366483
2025-09-02,Iron mining,Railway,m3,3944.0208975284772
2025-04-09,Subbase application,Road,m2,2604.6994186095467
2025-07-17,Laying steel rail,Railway,m,2870.262868388845
2025-07-03,Removing trees,Building,m2,889.3436064142279
2025-04-24,Coat preparation,Road,L,1438.8721405421268
2025-07-15,Walling,Building,m2,1675.2606756539312
2025-02-27,Rolling/Tractor,Road,m2,573.4161252235348
2025-04-15,Terrain leveling,Building,m3,1035.949313703864
2025-07-15,Cement making,Building,m3,159.1035755805209
2025-08-29,Pavement,Road,m2,4762.873854804499
2025-11-12,Ballast,Railway,m3,1458.2627019845334
2025-01-01,Iron mining,Railway,m3,4843.990040724236
2025-02-02,Ballast,Railway,m3,2408.046354621817
2025-09-15,Rolling/Tractor,Road,m2,2359.842379547842
2025-08-14,Subbase application,Road,m2,905.4419693689591
2025-10-19,Pavement,Road,m2,658.8795114249923
2025-09-05,Ballast,Railway,m3,1867.888593395411
2025-09-16,Removing trees,Building,m2,3555.075530272784
2025-04-25,Coat preparation,Road,L,3039.2714245097645
2025-06-17,Pavement,Road,m2,1559.779267865999
2025-02-17,Walling,Building,m2,3855.789553937978
2025-12-13,Ballast,Railway,m3,3160.663213118876
2025-01-21,Terrain leveling,Building,m3,2781.109405632852
2025-06-08,Terrain leveling,Building,m3,1785.311198310759
2025-01-26,Cement making,Building,m3,4124.099745070481
2025-07-25,Subbase application,Road,m2,3023.8474005649746
2025-02-19,Walling,Building,m2,645.9676441975581
2025-03-16,Anchorage,Railway,m2,4669.419318825716
2025-12-17,Terrain leveling,Building,m3,2099.3109043981794
2025-12-15,Laying steel rail,Railway,m,2199.528119075353
2025-07-17,Walling,Building,m2,993.8893746497168
2025-01-20,Walling,Building,m2,3044.2574635378405
2025-10-29,Terrain leveling,Building,m3,299.0836993965823
2025-03-09,Terrain leveling,Building,m3,4745.3602872680885
2025-06-03,Subbase application,Road,m2,839.2132524979406
2025-01-27,Walling,Building,m2,3325.7716664911486
2025-11-19,Anchorage,Railway,m2,4855.181348097242
2025-11-29,Removing trees,Building,m2,1582.1584877311927
2025-09-29,Ballast,Railway,m3,2556.191945778451
2025-01-14,Walling,Building,m2,850.1836638410149
2025-08-01,Terrain leveling,Building,m3,2602.358789126405
2025-04-28,Subbase application,Road,m2,4136.743372336829
2025-08-20,Coat preparation,Road,L,4898.539629088916
2025-03-25,Anchorage,Railway,m2,1475.8714419271291
2025-07-25,Coat preparation,Road,L,3069.239344921299
2025-08-20,Removing trees,Building,m2,2352.5255728919265
2025-11-23,Anchorage,Railway,m2,2673.329524062769
2025-03-20,Terrain leveling,Building,m3,3005.1822419262653
2025-12-05,Terrain leveling,Building,m3,3926.9321161461767
2025-08-29,Anchorage,Railway,m2,3115.037868771798
2025-01-30,Laying steel rail,Railway,m,1176.2688278042992
2025-11-18,Cement making,Building,m3,4614.500819142348
2025-08-18,Rolling/Tractor,Road,m2,1014.6238107266853
2025-12-29,Terrain leveling,Building,m3,2195.2913431088896
2025-11-25,Walling,Building,m2,2105.7255974888703
2025-12-03,Coat preparation,Road,L,3208.4368559963177
2025-01-24,Ballast,Railway,m3,3968.603073826369
2025-03-05,Terrain leveling,Building,m3,3463.242688366939
2025-01-03,Pavement,Road,m2,3126.9885199629157
2025-03-12,Coat preparation,Road,L,2435.2842074618534
2025-11-19,Iron mining,Railway,m3,732.1528842231384
2025-04-05,Foundation pouring,Building,m3,3366.8268649358383
2025-01-12,Terrain leveling,Building,m3,3556.086320221946
2025-03-05,Ballast,Railway,m3,3015.9414140782087
2025-09-29,Pavement,Road,m2,3818.472524040568
2025-12-06,Removing trees,Building,m2,1508.9216909330844
2025-07-18,Ballast,Railway,m3,3774.1006823029707
2025-12-28,Cement making,Building,m3,2047.274952327387
2025-12-10,Coat preparation,Road,L,3137.268290904335
2025-04-12,Walling,Building,m2,4585.275055193205
2025-11-09,Pavement,Road,m2,968.2544067979464
2025-02-20,Terrain leveling,Building,m3,4043.444989886934
2025-03-14,Pavement,Road,m2,4477.876661450696
2025-12-20,Anchorage,Railway,m2,970.8403298914769
2025-08-28,Cement making,Building,m3,3625.1599375325723
2025-03-04,Laying steel rail,Railway,m,2675.0000602244895
2025-07-01,Anchorage,Railway,m2,4367.763228350098
2025-09-06,Foundation pouring,Building,m3,1860.128532173586
2025-05-27,Cement making,Building,m3,1874.4637877921855
2025-06-08,Ballast,Railway,m3,4455.590486341865
2025-07-19,Pavement,Road,m2,994.9634241903477
2025-11-21,Subbase application,Road,m2,2079.101017873814
2025-09-27,Subbase application,Road,m2,297.7245521853683
2025-10-09,Iron mining,Railway,m3,4009.934771974003
2025-07-12,Subbase application,Road,m2,2196.5122373916906
2025-06-07,Foundation pouring,Building,m3,4491.7896635639945
2025-08-20,Cement making,Building,m3,4177.714390182498
2025-11-29,Walling,Building,m2,34.21604906613196
2025-12-17,Iron mining,Railway,m3,172.13119134957932
2025-04-22,Pavement,Road,m2,1324.2457350278614
2025-08-29,Ballast,Railway,m3,4367.434099894202
2025-03-16,Pavement,Road,m2,1631.3729412933442
2025-02-05,Iron mining,Railway,m3,3583.4231068800077
2025-06-16,Iron mining,Railway,m3,3721.5829077191347
2025-10-18,Walling,Building,m2,5.984263582736182
2025-11-17,Removing trees,Building,m2,1368.7872822501645
2025-08-05,Ballast,Railway,m3,1043.5474401283889
2025-05-10,Coat preparation,Road,L,2440.7944958600033
2025-04-09,Iron mining,Railway,m3,2200.0365340014396
2025-01-24,Laying steel rail,Railway,m,4164.663590001951
2025-08-06,Rolling/Tractor,Road,m2,690.8276001674435
2025-03-19,Foundation pouring,Building,m3,2762.6870303489586
2025-03-20,Rolling/Tractor,Road,m2,525.0000919449266
2025-01-20,Foundation pouring,Building,m3,4961.929902508939
2025-11-20,Rolling/Tractor,Road,m2,3571.9675128441736
2025-11-14,Iron mining,Railway,m3,480.6890541305647
2025-09-27,Laying steel rail,Railway,m,2779.080875540159
2025-07-14,Terrain leveling,Building,m3,3094.7819437091866
2025-08-03,Ballast,Railway,m3,3936.5320568716193
2025-05-04,Laying steel rail,Railway,m,3192.456510943793
2025-07-09,Cement making,Building,m3,1846.2823060775358
2025-08-05,Removing trees,Building,m2,2293.0312928960716
2025-01-14,Ballast,Railway,m3,2264.0708313842706
2025-11-22,Removing trees,Building,m2,2082.109455804879
2025-04-06,Anchorage,Railway,m2,1790.9958390661457
2025-04-25,Walling,Building,m2,2403.203791990062
2025-07-22,Iron mining,Railway,m3,1908.7444717672493
2025-11-02,Subbase application,Road,m2,3936.6015463925573
2025-07-10,Anchorage,Railway,m2,3417.186320865877
2025-02-01,Coat preparation,Road,L,2132.879884899129
2025-06-22,Laying steel rail,Railway,m,2653.534225001125
2025-08-24,Laying steel rail,Railway,m,1289.1338254043267
2025-11-18,Cement making,Building,m3,2479.271682709064
2025-07-14,Walling,Building,m2,1446.0512161167428
2025-04-04,Ballast,Railway,m3,4217.098471074969
2025-05-29,Subbase application,Road,m2,325.6937681960803
2025-01-27,Pavement,Road,m2,1529.6554792427487
2025-04-03,Pavement,Road,m2,2652.3103462915697
2025-10-04,Walling,Building,m2,4851.06041684635
2025-03-09,Cement making,Building,m3,1527.7079899319285
2025-08-13,Subbase application,Road,m2,4029.4652696466537
2025-03-07,Subbase application,Road,m2,741.4799067086209
2025-06-28,Laying steel rail,Railway,m,4603.991719315977
2025-10-14,Subbase application,Road,m2,1954.4680120536052
2025-09-07,Removing trees,Building,m2,1834.4075620714939
2025-10-15,Anchorage,Railway,m2,1117.8238379418203
2025-04-21,Rolling/Tractor,Road,m2,4610.581670417352
2025-04-17,Coat preparation,Road,L,593.3960335218813
2025-01-21,Iron mining,Railway,m3,4496.746782210285
2025-11-09,Anchorage,Railway,m2,1584.2752575521436
2025-06-11,Walling,Building,m2,2890.45839469036
2025-05-19,Iron mining,Railway,m3,4324.387889523843
2025-10-26,Laying steel rail,Railway,m,997.2711537946999
2025-08-23,Anchorage,Railway,m2,217.15284482389907
2025-08-22,Cement making,Building,m3,3610.8555609785926
2025-05-15,Anchorage,Railway,m2,1756.3785732521353
2025-02-03,Coat preparation,Road,L,1537.7063249392847
2025-01-31,Foundation pouring,Building,m3,1655.6272716886629
2025-12-13,Ballast,Railway,m3,580.7937504356814
2025-06-10,Cement making,Building,m3,499.9447182277117
2025-12-29,Iron mining,Railway,m3,3884.392344653329
2025-07-17,Laying steel rail,Railway,m,1307.7382424552875
2025-05-07,Removing trees,Building,m2,1901.6732084073
2025-05-11,Walling,Building,m2,339.16891794682715
2025-07-16,Foundation pouring,Building,m3,458.13949109173024
2025-04-11,Laying steel rail,Railway,m,46.05180129762243
2025-04-28,Coat preparation,Road,L,1200.150213859193
2025-07-13,Iron mining,Railway,m3,259.1574485353926
2025-03-06,Ballast,Railway,m3,3913.0293631811064
2025-09-15,Rolling/Tractor,Road,m2,1131.086874660653
2025-09-23,Iron mining,Railway,m3,1713.8974953192337
2025-12-18,Subbase application,Road,m2,1372.5146827186209
2025-09-25,Iron mining,Railway,m3,338.5315072865247
2025-03-24,Anchorage,Railway,m2,1359.427896703036
2025-07-24,Laying steel rail,Railway,m,2689.3230777531594
2025-03-05,Removing trees,Building,m2,468.7437019984081
2025-02-20,Cement making,Building,m3,454.6546884563762
2025-12-19,Anchorage,Railway,m2,4785.9809919245145
2025-11-23,Rolling/Tractor,Road,m2,3082.551569671412
2025-09-29,Ballast,Railway,m3,184.95476030746138
2025-05-20,Subbase application,Road,m2,248.95638582834277
2025-09-23,Foundation pouring,Building,m3,4816.119717353138
2025-03-07,Coat preparation,Road,L,430.9454966569609
2025-10-08,Pavement,Road,m2,1664.4293732048232
2025-09-17,Iron mining,Railway,m3,3427.08249658657
2025-09-19,Ballast,Railway,m3,4003.504734240515
2025-11-09,Terrain leveling,Building,m3,2982.1741498690385
2025-10-06,Cement making,Building,m3,4031.4991847128895
2025-03-29,Coat preparation,Road,L,3815.1129718173347
2025-07-24,Anchorage,Railway,m2,523.151327237944
2025-11-14,Walling,Building,m2,731.3098368470944
2025-04-23,Ballast,Railway,m3,2066.866426030533
2025-02-17,Pavement,Road,m2,1462.34125167783
2025-06-25,Walling,Building,m2,1016.8591939849065
2025-09-20,Laying steel rail,Railway,m,923.662490367071
2025-12-09,Laying steel rail,Railway,m,4116.902197958343
2025-06-14,Rolling/Tractor,Road,m2,1647.2137558016448
2025-02-09,Foundation pouring,Building,m3,1329.403907928795
2025-10-09,Ballast,Railway,m3,832.0363963703459
2025-05-14,Anchorage,Railway,m2,1513.627714322167
2025-10-30,Cement making,Building,m3,1287.0100780758858
2025-01-01,Rolling/Tractor,Road,m2,4568.934260207045
2025-03-10,Cement making,Building,m3,211.82120217430435
2025-04-08,Ballast,Railway,m3,3618.9950496562283
2025-07-31,Iron mining,Railway,m3,2393.4468862114045
2025-03-24,Coat preparation,Road,L,4933.803227416883
2025-01-31,Subbase application,Road,m2,2775.806581254143
2025-06-21,Rolling/Tractor,Road,m2,4037.7464090748895
2025-07-13,Anchorage,Railway,m2,2201.7354831281673
2025-02-04,Foundation pouring,Building,m3,850.6037507226066
2025-11-12,Foundation pouring,Building,m3,312.8340982130162
2025-07-05,Walling,Building,m2,3567.5501440637827
2025-08-14,Subbase application,Road,m2,4429.730120805796
2025-03-18,Rolling/Tractor,Road,m2,2164.466413647087
2025-03-31,Cement making,Building,m3,4700.379281782293
2025-10-23,Foundation pouring,Building,m3,4073.2700914864317
2025-05-12,Ballast,Railway,m3,796.6514258429036
2025-09-29,Iron mining,Railway,m3,3412.7166155093896
2025-02-27,Cement making,Building,m3,2030.880498944609
2025-02-12,Laying steel rail,Railway,m,4684.142356493351
2025-08-05,Rolling/Tractor,Road,m2,1447.4742083925053
2025-11-29,Rolling/Tractor,Road,m2,3596.778366868621
2025-01-07,Ballast,Railway,m3,4385.1106269610555
2025-11-03,Laying steel rail,Railway,m,2518.2977272499934
2025-05-12,Iron mining,Railway,m3,2289.4168792564988
2025-02-10,Walling,Building,m2,2344.749488445608
2025-08-27,Pavement,Road,m2,3443.1123113975286
2025-05-16,Anchorage,Railway,m2,4538.47842596196
2025-07-14,Laying steel rail,Railway,m,1451.075669396953
2025-05-30,Terrain leveling,Building,m3,2928.36317166143
2025-01-22,Cement making,Building,m3,1124.194184683121
2025-05-01,Walling,Building,m2,135.96820310992797
2025-09-07,Cement making,Building,m3,1122.5931740797785
2025-06-08,Coat preparation,Road,L,4263.09005538218
2025-05-22,Coat preparation,Road,L,792.2126837085402
2025-02-03,Removing trees,Building,m2,626.6619223244196
2025-11-10,Coat preparation,Road,L,4926.857770392241
2025-09-22,Ballast,Railway,m3,1778.9223701288547
2025-11-29,Iron mining,Railway,m3,3250.841375932517
2025-10-21,Foundation pouring,Building,m3,2023.869646871233
2025-04-11,Subbase application,Road,m2,4707.07754386147
2025-02-12,Pavement,Road,m2,901.9224388004976
2025-05-03,Anchorage,Railway,m2,4785.753032601374
2025-05-09,Laying steel rail,Railway,m,1226.8634654290506
2025-07-16,Coat preparation,Road,L,4195.177016211082
2025-07-23,Iron mining,Railway,m3,1832.9076550367756
2025-07-06,Foundation pouring,Building,m3,4886.6208469186395
2025-07-18,Removing trees,Building,m2,3132.3369080351595
2025-11-04,Terrain leveling,Building,m3,448.3135573646896
2025-04-19,Iron mining,Railway,m3,349.6794104342921
2025-12-24,Subbase application,Road,m2,4001.568389097067
2025-01-30,Rolling/Tractor,Road,m2,2137.864178828024
2025-06-29,Removing trees,Building,m2,2207.4159291545075
2025-12-23,Iron mining,Railway,m3,1492.9967523988141
2025-07-14,Walling,Building,m2,1740.1746675843822
2025-06-27,Subbase application,Road,m2,1062.1081711383972
2025-06-20,Iron mining,Railway,m3,2441.9948211419073
2025-10-25,Laying steel rail,Railway,m,1224.033116394837
2025-12-06,Laying steel rail,Railway,m,3348.3701323070936
2025-06-22,Walling,Building,m2,3655.941422282025
2025-03-05,Ballast,Railway,m3,299.5790291366879
2025-07-24,Laying steel rail,Railway,m,462.34083459876064
2025-04-21,Coat preparation,Road,L,2029.5314042281705
2025-10-04,Subbase application,Road,m2,3621.8075201746115
2025-02-10,Walling,Building,m2,475.9832713034873
2025-05-19,Subbase application,Road,m2,1328.3925906980742
2025-10-11,Walling,Building,m2,1780.8136351648957
2025-08-01,Ballast,Railway,m3,3395.5655679022166
2025-04-01,Pavement,Road,m2,664.2120019697068
2025-06-09,Cement making,Building,m3,1923.5529413549652
2025-01-14,Foundation pouring,Building,m3,4852.2333758913255
2025-09-06,Cement making,Building,m3,4875.722973312559
2025-10-28,Anchorage,Railway,m2,225.15921977625862
2025-03-20,Anchorage,Railway,m2,3582.875234131635
2025-10-07,Walling,Building,m2,4718.240376234671
2025-07-19,Terrain leveling,Building,m3,1809.3769014221089
2025-10-19,Cement making,Building,m3,552.3622734792177
2025-03-08,Ballast,Railway,m3,3232.40638291721
2025-08-11,Ballast,Railway,m3,4577.49832851507
2025-06-02,Removing trees,Building,m2,4662.348780693432
2025-07-29,Rolling/Tractor,Road,m2,4775.921903596905
2025-09-12,Anchorage,Railway,m2,3272.7233283280843
2025-01-01,Laying steel rail,Railway,m,2866.313270798818
2025-04-05,Cement making,Building,m3,3512.9101840965077
2025-07-16,Removing trees,Building,m2,1467.299896320642
2025-07-22,Foundation pouring,Building,m3,2294.2105538911383
2025-03-07,Iron mining,Railway,m3,1084.6333208063559
2025-09-10,Foundation pouring,Building,m3,2814.1610202339107
2025-10-19,Coat preparation,Road,L,3867.0600494695063
2025-08-06,Ballast,Railway,m3,1907.1319796713803
2025-02-18,Laying steel rail,Railway,m,390.7636205229009
2025-07-11,Removing trees,Building,m2,3769.5380056298277
2025-11-08,Rolling/Tractor,Road,m2,2861.7171534513495
2025-07-15,Rolling/Tractor,Road,m2,3040.8339143917165
2025-04-13,Cement making,Building,m3,1921.9195284477946
2025-03-10,Subbase application,Road,m2,559.0936078369374
2025-03-23,Iron mining,Railway,m3,3483.7110903733214
2025-12-18,Iron mining,Railway,m3,4231.4596001557875
2025-11-09,Cement making,Building,m3,1642.4689191872737
2025-12-13,Anchorage,Railway,m2,741.0982657096465
2025-10-16,Terrain leveling,Building,m3,1100.1264929336435
2025-02-14,Laying steel rail,Railway,m,4676.343019784025
2025-04-27,Foundation pouring,Building,m3,3710.1872134540877
2025-07-20,Foundation pouring,Building,m3,2834.18647639862
2025-07-16,Anchorage,Railway,m2,4691.126423034674
2025-11-12,Removing trees,Building,m2,1185.7875060887525
2025-08-30,Iron mining,Railway,m3,1883.0797275197126
2025-02-12,Subbase application,Road,m2,359.67806938779154
2025-03-14,Anchorage,Railway,m2,698.1741176897982
2025-10-26,Terrain leveling,Building,m3,609.2261263670584
2025-07-06,Laying steel rail,Railway,m,1365.2993045399148
2025-03-09,Coat preparation,Road,L,1491.8715126442432
2025-12-16,Laying steel rail,Railway,m,1844.9639880051393
2025-05-24,Terrain leveling,Building,m3,2852.7988104343995
2025-07-27,Walling,Building,m2,3710.4147428594897
2025-10-09,Walling,Building,m2,1926.0204542190202
2025-09-02,Ballast,Railway,m3,1100.589850712349
2025-11-25,Laying steel rail,Railway,m,4239.169173924633
2025-09-11,Anchorage,Railway,m2,4963.76279804878
2025-02-20,Ballast,Railway,m3,629.367074859229
2025-09-29,Ballast,Railway,m3,1564.8243318140903
2025-09-18,Rolling/Tractor,Road,m2,1687.9450895872167
2025-11-24,Foundation pouring,Building,m3,2132.8423884459376
2025-03-02,Laying steel rail,Railway,m,3790.022993397019
2025-01-26,Rolling/Tractor,Road,m2,3509.490115063159
2025-09-19,Subbase application,Road,m2,16.354646902952407
2025-08-14,Ballast,Railway,m3,325.68549398519497
2025-11-12,Walling,Building,m2,1521.6485804460722
2025-03-11,Terrain leveling,Building,m3,107.75057612104789
2025-02-05,Foundation pouring,Building,m3,2574.868802451304
2025-04-18,Foundation pouring,Building,m3,2491.8683088322723
2025-09-01,Cement making,Building,m3,4718.798678858417
2025-08-25,Anchorage,Railway,m2,3524.75394135929
2025-09-21,Pavement,Road,m2,4441.250854368604
2025-07-18,Coat preparation,Road,L,639.2987295629166
2025-09-06,Rolling/Tractor,Road,m2,888.4657256027823
2025-10-08,Ballast,Railway,m3,3028.41057675135
2025-02-12,Removing trees,Building,m2,2499.0516189953905
2025-06-23,Anchorage,Railway,m2,1682.1475805054504
2025-04-30,Coat preparation,Road,L,2807.7651856151815
2025-03-06,Terrain leveling,Building,m3,1608.1911145062822
2025-01-10,Ballast,Railway,m3,2922.860379620095
2025-05-10,Walling,Building,m2,2701.2629915122666
2025-01-20,Terrain leveling,Building,m3,2475.872298684815
2025-04-25,Terrain leveling,Building,m3,2262.6794996193157
2025-07-20,Coat preparation,Road,L,3882.655704836426
2025-07-04,Anchorage,Railway,m2,4368.138528268327
2025-01-19,Walling,Building,m2,40.233629091266934
2025-06-26,Pavement,Road,m2,4633.21935489175
2025-07-06,Rolling/Tractor,Road,m2,4663.397139504751
2025-06-23,Terrain leveling,Building,m3,2596.9763617540916
2025-03-12,Iron mining,Railway,m3,3182.7400063628147
2025-06-16,Ballast,Railway,m3,2021.3426982972348
2025-08-21,Ballast,Railway,m3,1873.5282307806528
2025-07-15,Ballast,Railway,m3,2146.6201974674664
2025-06-26,Laying steel rail,Railway,m,1850.963922552259
2025-05-26,Walling,Building,m2,3031.77169470954
2025-12-25,Coat preparation,Road,L,3987.36039453216
2025-04-04,Coat preparation,Road,L,1895.103683511783
2025-07-28,Walling,Building,m2,1212.7236524955465
2025-10-06,Walling,Building,m2,1130.6361144059995
2025-08-31,Cement making,Building,m3,2131.3372342091498
2025-04-17,Foundation pouring,Building,m3,4854.289068771253
2025-11-20,Rolling/Tractor,Road,m2,2299.157138598719
2025-01-02,Walling,Building,m2,4300.150534845431
2025-10-14,Iron mining,Railway,m3,2782.974516536637
2025-09-07,Subbase application,Road,m2,1680.5469612624436
2025-03-27,Anchorage,Railway,m2,4982.146369368429
2025-03-21,Laying steel rail,Railway,m,706.3450169082707
2025-02-18,Subbase application,Road,m2,1903.8069778212941
2025-10-16,Laying steel rail,Railway,m,4469.655538212629
2025-06-13,Rolling/Tractor,Road,m2,1706.3513485126418
2025-07-30,Foundation pouring,Building,m3,4875.549431235926
2025-11-01,Removing trees,Building,m2,4973.962445197938
2025-07-22,Anchorage,Railway,m2,3000.0723856541326
2025-02-07,Cement making,Building,m3,2764.2747371615487
2025-01-06,Terrain leveling,Building,m3,2298.1769976283813
2025-11-29,Subbase application,Road,m2,3436.0229815327925
2025-01-23,Terrain leveling,Building,m3,3308.4587666862612
2025-11-23,Coat preparation,Road,L,4864.692349256085
2025-10-18,Anchorage,Railway,m2,3644.9588353607737
2025-02-16,Laying steel rail,Railway,m,189.62354007077408
2025-06-12,Coat preparation,Road,L,3544.816545699936
2025-08-23,Anchorage,Railway,m2,4300.451187445946
2025-11-02,Iron mining,Railway,m3,2891.1311194140776
2025-03-12,Pavement,Road,m2,5.774016224946443
2025-10-12,Anchorage,Railway,m2,4461.8175531409315
2025-06-04,Coat preparation,Road,L,4171.045640152697
2025-12-11,Terrain leveling,Building,m3,1598.1770985511118
2025-01-16,Iron mining,Railway,m3,51.18312613299925
2025-02-24,Removing trees,Building,m2,1643.888597733198
2025-08-08,Pavement,Road,m2,1858.5532658017585
2025-01-24,Walling,Building,m2,4400.5799165752505
2025-01-20,Removing trees,Building,m2,1127.9006763482785
2025-03-17,Removing trees,Building,m2,3676.337810060797
2025-02-27,Foundation pouring,Building,m3,3292.419606187981
2025-04-06,Terrain leveling,Building,m3,3386.6427040035337
2025-01-25,Foundation pouring,Building,m3,1742.381720041089
2025-05-31,Subbase application,Road,m2,4893.286073304386
2025-08-11,Walling,Building,m2,4469.248527714403
2025-07-15,Cement making,Building,m3,1547.7826794947791
2025-01-04,Pavement,Road,m2,4720.61904942297
2025-10-07,Pavement,Road,m2,3125.3932896479487
2025-09-28,Subbase application,Road,m2,3218.1692874441433
2025-08-29,Rolling/Tractor,Road,m2,2799.8098184929395
2025-10-01,Foundation pouring,Building,m3,4782.275221163424
2025-02-10,Foundation pouring,Building,m3,1994.346050140005
2025-12-05,Anchorage,Railway,m2,320.5130409675594
2025-12-04,Anchorage,Railway,m2,3252.551156142097
2025-12-02,Pavement,Road,m2,276.78846613989003
2025-03-01,Foundation pouring,Building,m3,3770.8002510586225
2025-10-26,Pavement,Road,m2,3804.447674120251
2025-06-24,Rolling/Tractor,Road,m2,420.782643386734
2025-12-25,Anchorage,Railway,m2,3168.212303693545
2025-03-23,Coat preparation,Road,L,2625.9476919634058
2025-08-29,Coat preparation,Road,L,3540.883498034932
2025-10-02,Removing trees,Building,m2,3929.7838299575255
2025-12-29,Subbase application,Road,m2,3333.090992287896
2025-11-13,Coat preparation,Road,L,4264.103499416447
2025-05-19,Rolling/Tractor,Road,m2,166.37491248191472
2025-12-09,Iron mining,Railway,m3,2972.9295766190435
2025-12-20,Iron mining,Railway,m3,1306.9589900622818
2025-03-31,Walling,Building,m2,1424.6865029404964
2025-01-31,Removing trees,Building,m2,2851.9104274018246
2025-08-11,Coat preparation,Road,L,2326.5886029863714
2025-11-03,Subbase application,Road,m2,2780.093769626656
2025-05-31,Anchorage,Railway,m2,586.6929595860654
2025-04-27,Subbase application,Road,m2,4523.392994490566
2025-07-05,Walling,Building,m2,119.19449061976617
2025-06-05,Laying steel rail,Railway,m,3401.9395849302737
2025-11-20,Pavement,Road,m2,3397.2381279424394
2025-01-18,Terrain leveling,Building,m3,820.2820230307561
2025-03-08,Cement making,Building,m3,1786.7130612159804
2025-10-21,Coat preparation,Road,L,3806.1595945035974
2025-10-18,Ballast,Railway,m3,1877.9697427995295
2025-09-19,Pavement,Road,m2,353.2761301920356
2025-05-06,Coat preparation,Road,L,725.8250575229335
2025-12-01,Coat preparation,Road,L,2214.5609324946354
2025-03-18,Laying steel rail,Railway,m,4339.131262077392
2025-07-27,Terrain leveling,Building,m3,3690.087310247948
2025-01-25,Removing trees,Building,m2,2079.0003256024984
2025-01-24,Subbase application,Road,m2,518.1782941974383
2025-11-27,Rolling/Tractor,Road,m2,4150.780459336888
2025-07-29,Walling,Building,m2,1960.2635187977407
2025-07-02,Terrain leveling,Building,m3,1852.2364324775824
2025-05-15,Cement making,Building,m3,4367.590852771913
2025-07-05,Pavement,Road,m2,1084.147463430457
2025-01-04,Anchorage,Railway,m2,3025.6869379191244
2025-07-10,Removing trees,Building,m2,4176.589926510852
2025-02-16,Pavement,Road,m2,3532.083880004974
2025-11-02,Removing trees,Building,m2,4843.337655019162
2025-02-05,Rolling/Tractor,Road,m2,3812.785425343337
2025-08-15,Subbase application,Road,m2,4978.728251981759
2025-02-06,Ballast,Railway,m3,608.558427396254
2025-09-03,Laying steel rail,Railway,m,2658.5680657632606
2025-06-24,Anchorage,Railway,m2,1645.6606504675715
2025-08-19,Laying steel rail,Railway,m,623.5811462611484
2025-10-26,Cement making,Building,m3,4076.129478260043
2025-06-04,Walling,Building,m2,2406.8466520841584
2025-09-27,Walling,Building,m2,256.24961413426126
2025-03-14,Pavement,Road,m2,233.77478543187223
2025-12-26,Pavement,Road,m2,701.1439731097823
2025-10-08,Terrain leveling,Building,m3,4664.484755766524
2025-06-15,Foundation pouring,Building,m3,2578.3005119138693
2025-07-04,Laying steel rail,Railway,m,375.8794223450096
2025-11-04,Removing trees,Building,m2,2399.8863221529386
2025-06-14,Removing trees,Building,m2,1378.0560389039742
2025-08-15,Removing trees,Building,m2,2456.3580400346614
2025-09-20,Cement making,Building,m3,632.6069791189836
2025-08-05,Pavement,Road,m2,3862.5305085563436
2025-01-19,Foundation pouring,Building,m3,466.3950919512316
2025-08-17,Foundation pouring,Building,m3,1019.1177061444356
2025-07-01,Laying steel rail,Railway,m,3252.9434422695535
2025-06-22,Pavement,Road,m2,4531.937278170163
2025-04-26,Removing trees,Building,m2,4635.951902850104
2025-12-22,Iron mining,Railway,m3,678.4214821084722
2025-04-13,Terrain leveling,Building,m3,4588.804032942973
2025-05-03,Pavement,Road,m2,1914.6810880356263
2025-09-28,Cement making,Building,m3,4005.299567024666
2025-07-07,Subbase application,Road,m2,520.832842405064
2025-08-16,Foundation pouring,Building,m3,387.1512501654456
2025-01-13,Ballast,Railway,m3,2679.2331644266637
2025-01-31,Walling,Building,m2,791.8130135121254
2025-10-07,Foundation pouring,Building,m3,1258.142132427852
2025-05-18,Walling,Building,m2,1210.6144784219675
2025-01-16,Ballast,Railway,m3,3567.515260692043
2025-03-26,Laying steel rail,Railway,m,314.5202614911102
2025-05-24,Subbase application,Road,m2,896.317552973705
2025-08-03,Removing trees,Building,m2,3307.505715578663
2025-03-15,Pavement,Road,m2,811.0788701904597
2025-04-01,Foundation pouring,Building,m3,911.8473113461839
2025-09-18,Pavement,Road,m2,3869.3317873048304
2025-02-04,Foundation pouring,Building,m3,4143.724510026679
2025-07-04,Terrain leveling,Building,m3,4501.949587588925
2025-06-29,Subbase application,Road,m2,1061.4596647273538
2025-07-05,Terrain leveling,Building,m3,1564.9567532151104
2025-02-12,Pavement,Road,m2,544.3963062249818
2025-04-04,Rolling/Tractor,Road,m2,3220.72189246145
2025-08-23,Removing trees,Building,m2,21.62746775279112
2025-03-17,Walling,Building,m2,944.0350204620335
2025-10-27,Removing trees,Building,m2,972.1937246815598
2025-11-02,Walling,Building,m2,4170.77335172694
2025-12-07,Iron mining,Railway,m3,3689.5175133515218
2025-09-10,Foundation pouring,Building,m3,322.89946273031
2025-07-07,Terrain leveling,Building,m3,1892.136956333275
2025-10-23,Terrain leveling,Building,m3,107.50780295981144
2025-04-18,Subbase application,Road,m2,91.54426978534302
2025-12-20,Cement making,Building,m3,2350.5257677093023
2025-03-24,Terrain leveling,Building,m3,1439.275090139836
2025-09-30,Laying steel rail,Railway,m,1485.3279324830714
2025-12-25,Walling,Building,m2,3984.3856014927683
2025-10-17,Ballast,Railway,m3,3767.6687126435327
2025-09-08,Terrain leveling,Building,m3,1715.999095772116
2025-09-21,Ballast,Railway,m3,472.57418105159434
2025-02-25,Foundation pouring,Building,m3,2452.497495386913
2025-06-11,Anchorage,Railway,m2,4684.6460693427125
2025-02-15,Pavement,Road,m2,3999.839706856271
2025-01-18,Terrain leveling,Building,m3,2805.9572169858716
2025-01-23,Anchorage,Railway,m2,3138.9388225622984
2025-07-31,Laying steel rail,Railway,m,1857.5967613588978
2025-12-14,Laying steel rail,Railway,m,3940.4568376180455
2025-02-11,Anchorage,Railway,m2,3871.0508414752835
2025-01-05,Pavement,Road,m2,3841.0414304819064
2025-03-01,Anchorage,Railway,m2,779.956554672816
2025-06-17,Iron mining,Railway,m3,1466.1235938466466
2025-01-10,Terrain leveling,Building,m3,1904.1992707897582
2025-10-14,Foundation pouring,Building,m3,1640.9406462468123
2025-01-05,Subbase application,Road,m2,336.5566281172411
2025-06-20,Anchorage,Railway,m2,2605.366108821906
2025-10-08,Removing trees,Building,m2,3813.73480040599
2025-01-27,Pavement,Road,m2,1523.2052526136636
2025-09-14,Pavement,Road,m2,1292.165440494742
2025-08-10,Removing trees,Building,m2,2758.5168023874908
2025-06-25,Foundation pouring,Building,m3,2814.687422675035
2025-08-09,Foundation pouring,Building,m3,3557.782966705471
2025-01-06,Pavement,Road,m2,1004.4574705369946
2025-01-19,Ballast,Railway,m3,3126.7926727219547
2025-05-13,Walling,Building,m2,1861.2099321365122
2025-11-25,Walling,Building,m2,4196.206587294612
2025-12-09,Walling,Building,m2,1463.3074532992252
2025-07-29,Rolling/Tractor,Road,m2,4023.1119017805363
2025-07-18,Walling,Building,m2,2744.7296820848105
2025-01-31,Walling,Building,m2,1042.4776688747106
2025-03-21,Foundation pouring,Building,m3,1063.9728410656296
2025-09-17,Walling,Building,m2,649.2113123478844
2025-03-04,Rolling/Tractor,Road,m2,2703.3777855080643
2025-10-22,Subbase application,Road,m2,1617.2766363677904
2025-08-12,Cement making,Building,m3,2421.1391117610847
2025-12-05,Iron mining,Railway,m3,3627.7324763115475
2025-07-24,Cement making,Building,m3,3459.534681278377
2025-08-20,Iron mining,Railway,m3,135.12010963231626
2025-03-29,Terrain leveling,Building,m3,4023.9708758946113
2025-04-11,Laying steel rail,Railway,m,3125.7925016218755
2025-04-30,Cement making,Building,m3,1767.3714867737829
2025-10-29,Iron mining,Railway,m3,2158.8159668573016
2025-07-25,Removing trees,Building,m2,2619.220326440994
2025-07-09,Anchorage,Railway,m2,1798.1584913635036
2025-09-29,Cement making,Building,m3,811.0540665406213
2025-06-18,Removing trees,Building,m2,184.04189797800342
2025-06-12,Rolling/Tractor,Road,m2,890.1144454359794
2025-09-23,Subbase application,Road,m2,3013.496709985346
2025-10-09,Anchorage,Railway,m2,3146.818043187807
2025-11-21,Pavement,Road,m2,3739.0993968594476
2025-02-06,Terrain leveling,Building,m3,1273.1508021467237
2025-03-27,Cement making,Building,m3,1906.2682364911893
2025-04-22,Foundation pouring,Building,m3,3328.4083756870386
2025-10-25,Rolling/Tractor,Road,m2,460.8728357057784
2025-05-14,Coat preparation,Road,L,1623.1007296954515
2025-04-29,Anchorage,Railway,m2,2719.6943439381484
2025-05-21,Subbase application,Road,m2,1895.420862244333
2025-11-01,Anchorage,Railway,m2,4827.7492532166
2025-04-08,Subbase application,Road,m2,1898.4297470264983
2025-06-15,Pavement,Road,m2,1671.8165718907085
2025-03-29,Coat preparation,Road,L,2037.8674065380903
2025-01-19,Coat preparation,Road,L,3793.7301105304796
2025-02-13,Iron mining,Railway,m3,3095.0089554453098
2025-07-20,Foundation pouring,Building,m3,187.03009266147208
2025-12-26,Terrain leveling,Building,m3,977.8293282284706
2025-05-02,Anchorage,Railway,m2,3475.1953257668433
2025-02-11,Iron mining,Railway,m3,305.4086776922432
2025-12-01,Iron mining,Railway,m3,3789.565498033594
2025-01-29,Pavement,Road,m2,4930.351107774116
2025-12-17,Removing trees,Building,m2,3292.7535228095912
2025-07-13,Walling,Building,m2,1024.2243056687544
2025-06-09,Subbase application,Road,m2,2253.251581109259
2025-04-01,Anchorage,Railway,m2,4420.764159012344
2025-11-28,Iron mining,Railway,m3,3565.3406066469465
2025-02-27,Laying steel rail,Railway,m,2656.8039990531124
2025-02-19,Cement making,Building,m3,1743.4890473260893
2025-03-12,Subbase application,Road,m2,744.4226301438772
2025-05-28,Anchorage,Railway,m2,4492.205992662728
2025-11-11,Laying steel rail,Railway,m,4619.407147960922
2025-11-09,Subbase application,Road,m2,4672.718676300688
2025-08-04,Pavement,Road,m2,4457.369147301475
2025-08-23,Anchorage,Railway,m2,3740.6505061423404
2025-08-08,Ballast,Railway,m3,443.2403029970744
2025-07-23,Rolling/Tractor,Road,m2,2819.768480310383
2025-07-06,Iron mining,Railway,m3,2982.7396811966623
2025-03-10,Coat preparation,Road,L,1483.3576443421352
2025-03-31,Ballast,Railway,m3,3912.977641267905
2025-10-10,Foundation pouring,Building,m3,3936.315101084974
2025-09-24,Cement making,Building,m3,1707.7551407913527
2025-03-02,Terrain leveling,Building,m3,698.88653345971
2025-02-20,Walling,Building,m2,482.2919959235172
2025-03-14,Ballast,Railway,m3,1580.298630428385
2025-09-12,Removing trees,Building,m2,1329.9348156826425
2025-09-23,Subbase application,Road,m2,1862.3719323456355
2025-04-08,Anchorage,Railway,m2,1014.5811796115872
2025-08-14,Anchorage,Railway,m2,2276.4787383639627
2025-05-13,Foundation pouring,Building,m3,3688.708616325672
2025-01-26,Laying steel rail,Railway,m,4810.700457535244
2025-03-28,Rolling/Tractor,Road,m2,4296.492075849184
2025-05-18,Foundation pouring,Building,m3,3308.422981739639
2025-03-07,Coat preparation,Road,L,3889.8922576546233
2025-01-16,Rolling/Tractor,Road,m2,1567.4136334944078
2025-05-16,Subbase application,Road,m2,2765.007675160962
2025-03-22,Subbase application,Road,m2,3494.0709016863225
2025-02-21,Rolling/Tractor,Road,m2,3195.5292496529346
2025-12-06,Coat preparation,Road,L,2257.3097499896394
2025-05-08,Removing trees,Building,m2,2475.7768239303823
2025-10-03,Anchorage,Railway,m2,3188.615827669474
2025-07-30,Rolling/Tractor,Road,m2,4910.3911041049305
2025-11-17,Walling,Building,m2,1929.1964616618545
2025-12-11,Removing trees,Building,m2,3521.0295059983946
2025-12-22,Removing trees,Building,m2,3493.8021100388287
2025-01-20,Anchorage,Railway,m2,4348.969841701262
2025-06-09,Pavement,Road,m2,4137.472150735143
2025-06-06,Iron mining,Railway,m3,879.8357899173353
2025-11-22,Foundation pouring,Building,m3,3231.832187169929
2025-06-02,Cement making,Building,m3,3913.081947377013
2025-04-10,Walling,Building,m2,2509.1889745359586
2025-04-01,Terrain leveling,Building,m3,3051.6299015957015
2025-03-21,Rolling/Tractor,Road,m2,664.9346054956457
2025-09-13,Pavement,Road,m2,350.2435617616728
2025-04-29,Rolling/Tractor,Road,m2,4242.978705482519
2025-08-14,Foundation pouring,Building,m3,1785.83490506104
2025-12-02,Coat preparation,Road,L,208.24177745989104
2025-02-25,Cement making,Building,m3,3396.7677720139004
2025-09-07,Ballast,Railway,m3,4549.698876034275
2025-08-05,Foundation pouring,Building,m3,776.0882677291397
2025-11-19,Walling,Building,m2,2493.978592757527
2025-03-14,Anchorage,Railway,m2,3237.069298049355
2025-03-30,Pavement,Road,m2,3451.8826313654818
2025-02-10,Rolling/Tractor,Road,m2,4336.981692206559
2025-02-23,Iron mining,Railway,m3,4099.067607968274
2025-11-24,Foundation pouring,Building,m3,3531.9562005359867
2025-07-26,Removing trees,Building,m2,1110.052334844287
2025-06-15,Pavement,Road,m2,3824.3928454907705
2025-01-27,Terrain leveling,Building,m3,1046.102327483166
2025-08-13,Terrain leveling,Building,m3,2183.7231680241453
2025-08-27,Foundation pouring,Building,m3,4938.684738287886
2025-06-09,Subbase application,Road,m2,4897.401933962149
2025-08-15,Rolling/Tractor,Road,m2,2829.2476180621497
2025-06-17,Anchorage,Railway,m2,3514.652565452869
2025-01-15,Removing trees,Building,m2,1213.0894285366662
2025-05-11,Removing trees,Building,m2,2650.448286459477
2025-12-16,Coat preparation,Road,L,1201.9742617903912
2025-04-05,Laying steel rail,Railway,m,3138.0661221229734
2025-05-15,Walling,Building,m2,650.6927994641376
2025-10-09,Cement making,Building,m3,4168.796433402012
2025-01-10,Coat preparation,Road,L,292.63690569850843
2025-05-29,Subbase application,Road,m2,497.3628564055832
2025-11-25,Subbase application,Road,m2,1576.192147459634
2025-09-24,Terrain leveling,Building,m3,4178.547979895548
2025-04-01,Walling,Building,m2,1786.7565170126725
2025-02-27,Foundation pouring,Building,m3,3838.5134953641964
2025-05-12,Coat preparation,Road,L,749.7738478716576
2025-12-14,Subbase application,Road,m2,4174.3450302708
2025-05-06,Walling,Building,m2,931.471018491234
2025-06-14,Cement making,Building,m3,3265.2741198458957
2025-05-04,Coat preparation,Road,L,751.0658070916537
2025-02-24,Rolling/Tractor,Road,m2,3713.5786767692243
2025-02-05,Laying steel rail,Railway,m,977.9668117544621
2025-07-26,Pavement,Road,m2,4503.919085432714
2025-01-01,Ballast,Railway,m3,3968.7186919839123
2025-04-23,Cement making,Building,m3,4465.32930111539
2025-04-04,Foundation pouring,Building,m3,381.80804059648244
2025-04-15,Pavement,Road,m2,4075.5825894948043
2025-11-25,Ballast,Railway,m3,1746.4910853716165
2025-07-14,Iron mining,Railway,m3,3095.4272092341844
2025-02-27,Ballast,Railway,m3,3628.9300897346766
2025-05-16,Walling,Building,m2,739.3390529122273
2025-10-13,Laying steel rail,Railway,m,3081.4361746396444
2025-07-05,Pavement,Road,m2,3155.9406220243163
2025-03-12,Iron mining,Railway,m3,2946.6678234925785
2025-08-14,Iron mining,Railway,m3,3327.937087734005
2025-09-06,Coat preparation,Road,L,458.26622983213827
2025-05-03,Cement making,Building,m3,3828.0571111267204
2025-04-16,Laying steel rail,Railway,m,4394.536416668304
2025-08-26,Ballast,Railway,m3,1450.6472164451561
2025-03-18,Rolling/Tractor,Road,m2,936.1980702916361
2025-01-26,Coat preparation,Road,L,4641.742898984898
2025-06-13,Subbase application,Road,m2,2908.589186048566
2025-02-21,Removing trees,Building,m2,2983.966970344082
2025-10-09,Anchorage,Railway,m2,3480.5577313893164
2025-09-24,Terrain leveling,Building,m3,163.72512436608145
2025-12-01,Pavement,Road,m2,1796.0250868238475
2025-11-12,Iron mining,Railway,m3,810.9683423381886
2025-06-04,Removing trees,Building,m2,3751.1506171216092
2025-02-21,Laying steel rail,Railway,m,2107.259289494572
2025-11-04,Foundation pouring,Building,m3,2943.3205634839956
2025-08-05,Anchorage,Railway,m2,903.8635331006028
2025-05-23,Terrain leveling,Building,m3,122.87867433844413
2025-04-29,Subbase application,Road,m2,3372.8051360664017
2025-03-28,Terrain leveling,Building,m3,4611.513259393015
2025-05-12,Subbase application,Road,m2,4571.8989524843055
2025-09-20,Iron mining,Railway,m3,4621.313840034927
2025-09-29,Pavement,Road,m2,4178.150991090677
2025-10-20,Anchorage,Railway,m2,4146.365787430861
2025-03-21,Iron mining,Railway,m3,4517.982997801888
2025-04-13,Removing trees,Building,m2,4706.913022156125
2025-12-14,Subbase application,Road,m2,4679.688748924756
2025-08-21,Coat preparation,Road,L,3228.988133987802
2025-03-01,Terrain leveling,Building,m3,2262.485342110204
2025-02-03,Pavement,Road,m2,1436.2861883907208
2025-08-29,Pavement,Road,m2,1323.456712630024
2025-11-07,Ballast,Railway,m3,3434.102674621538
2025-03-17,Anchorage,Railway,m2,3501.440927562189
2025-04-23,Ballast,Railway,m3,1467.405681957633
2025-07-18,Laying steel rail,Railway,m,595.2313335473308
2025-02-21,Removing trees,Building,m2,4848.481171665891
2025-04-24,Foundation pouring,Building,m3,3068.925835275463
2025-05-04,Removing trees,Building,m2,4657.873223042407
2025-06-27,Iron mining,Railway,m3,3863.3625803631376
2025-11-22,Anchorage,Railway,m2,331.1924183762377
2025-12-29,Terrain leveling,Building,m3,2369.6648850924616
2025-04-11,Foundation pouring,Building,m3,631.3344837944918
2025-02-06,Cement making,Building,m3,626.2125790137807
2025-08-23,Ballast,Railway,m3,2670.142812005964
2025-02-18,Iron mining,Railway,m3,4437.967081391089
2025-07-01,Anchorage,Railway,m2,1656.8598509480814
2025-09-20,Iron mining,Railway,m3,4687.970163311947
2025-10-19,Removing trees,Building,m2,1406.000030864143
2025-06-26,Pavement,Road,m2,162.87641314826183
2025-06-10,Pavement,Road,m2,499.5867116088476
2025-04-27,Anchorage,Railway,m2,3592.279310007527
2025-04-10,Anchorage,Railway,m2,454.9376454970694
2025-03-20,Cement making,Building,m3,3696.963246076016
2025-07-26,Subbase application,Road,m2,558.1438360973744
2025-10-16,Laying steel rail,Railway,m,1042.5317366964348
2025-02-04,Coat preparation,Road,L,1865.7426754717471
2025-07-01,Ballast,Railway,m3,637.4700076837042
2025-04-09,Removing trees,Building,m2,1605.3553162012258
2025-06-08,Terrain leveling,Building,m3,30.840518134664375
2025-03-23,Rolling/Tractor,Road,m2,94.67696439462713
2025-01-15,Foundation pouring,Building,m3,4233.566670273416
2025-10-10,Pavement,Road,m2,2793.4501967729652
2025-05-29,Iron mining,Railway,m3,984.6220697938695
2025-11-06,Terrain leveling,Building,m3,73.08729209254406
2025-02-19,Subbase application,Road,m2,2632.256698371057
2025-05-10,Walling,Building,m2,273.4756961417989
2025-02-24,Subbase application,Road,m2,4420.382636529573
2025-10-05,Coat preparation,Road,L,1078.1096571355863
2025-06-24,Laying steel rail,Railway,m,4028.0175470937897
2025-11-25,Anchorage,Railway,m2,4810.8450747101
2025-09-06,Foundation pouring,Building,m3,1368.7142551012932
2025-01-30,Anchorage,Railway,m2,1995.9135723606403
2025-10-12,Ballast,Railway,m3,1527.543446050683
2025-07-29,Laying steel rail,Railway,m,154.92097094948699
2025-11-29,Subbase application,Road,m2,2202.6738505298645
2025-05-13,Subbase application,Road,m2,1989.7875871543451
2025-08-18,Cement making,Building,m3,581.0041332860055
2025-05-28,Walling,Building,m2,640.2672333091009
2025-11-09,Removing trees,Building,m2,463.62972200165444
2025-02-19,Laying steel rail,Railway,m,3851.9622347792138
2025-12-11,Coat preparation,Road,L,3965.0148169309086
2025-11-26,Coat preparation,Road,L,1560.674956088387
2025-11-09,Iron mining,Railway,m3,2834.326255829761
2025-02-16,Walling,Building,m2,428.4266074564841
2025-09-08,Terrain leveling,Building,m3,2530.0588468820156
2025-04-18,Laying steel rail,Railway,m,3264.296925304214
2025-08-21,Rolling/Tractor,Road,m2,4558.330138068788
2025-01-01,Foundation pouring,Building,m3,2460.0878232631485
2025-03-06,Laying steel rail,Railway,m,4246.387062768343
2025-06-23,Foundation pouring,Building,m3,4669.2010248761635
2025-01-31,Subbase application,Road,m2,1348.18529019387
2025-12-09,Cement making,Building,m3,3981.4808791609375
2025-11-01,Terrain leveling,Building,m3,4497.462252204127
2025-02-02,Rolling/Tractor,Road,m2,3993.3794302269853
2025-05-24,Cement making,Building,m3,4161.520558900658
2025-07-02,Anchorage,Railway,m2,4059.834079148711
2025-09-14,Ballast,Railway,m3,2078.802892240481
2025-09-30,Pavement,Road,m2,3931.726029601002
2025-03-06,Pavement,Road,m2,2155.0135737598134
2025-01-19,Subbase application,Road,m2,1142.648553376691
2025-05-18,Coat preparation,Road,L,2962.620768068312
2025-04-10,Walling,Building,m2,294.7240824017305
2025-10-18,Removing trees,Building,m2,1650.5324609386346
2025-09-14,Coat preparation,Road,L,3611.050700407673
2025-09-05,Terrain leveling,Building,m3,2584.935460866287
2025-12-16,Rolling/Tractor,Road,m2,2249.5580257352944
2025-02-24,Laying steel rail,Railway,m,65.93966434588039
2025-12-15,Ballast,Railway,m3,2309.029427603989
2025-07-13,Anchorage,Railway,m2,2201.8890945440457
2025-01-15,Removing trees,Building,m2,3774.095382006116
2025-08-27,Laying steel rail,Railway,m,3474.954788816435
2025-02-25,Subbase application,Road,m2,2835.2703949355073
2025-12-28,Foundation pouring,Building,m3,745.7710940323742
2025-03-01,Coat preparation,Road,L,4747.656040220092
2025-03-02,Ballast,Railway,m3,4766.139794114717
2025-11-19,Walling,Building,m2,2244.6513321745233
2025-09-02,Removing trees,Building,m2,588.8053920254366
2025-04-17,Coat preparation,Road,L,1259.7165256466747
2025-12-07,Laying steel rail,Railway,m,1270.4828810422985
2025-08-15,Laying steel rail,Railway,m,1510.5648553865492
2025-02-13,Cement making,Building,m3,3694.0383391579176
2025-07-05,Iron mining,Railway,m3,3218.6717080426847
2025-09-12,Subbase application,Road,m2,1220.2204490531205
2025-03-12,Anchorage,Railway,m2,1647.0852991270324
2025-11-24,Rolling/Tractor,Road,m2,3797.706743454164
2025-03-12,Anchorage,Railway,m2,3187.5031783280883
2025-04-22,Ballast,Railway,m3,2488.4530702818806
2025-08-12,Anchorage,Railway,m2,2781.5987486902727
2025-07-07,Pavement,Road,m2,526.2532713378477
2025-08-29,Anchorage,Railway,m2,3561.680384781965
2025-02-04,Coat preparation,Road,L,4739.77235356345
2025-05-30,Subbase application,Road,m2,1703.8676473902237
2025-03-28,Removing trees,Building,m2,2703.696025439921
2025-09-10,Iron mining,Railway,m3,4736.846817437658
2025-09-14,Removing trees,Building,m2,2396.5324867693334
2025-09-23,Laying steel rail,Railway,m,4496.599937939628
2025-06-14,Laying steel rail,Railway,m,551.3489092677764
2025-06-02,Anchorage,Railway,m2,4789.820702527208
2025-07-24,Foundation pouring,Building,m3,693.5627157983387
2025-11-28,Terrain leveling,Building,m3,1775.4485523816732
2025-11-08,Anchorage,Railway,m2,21.926415267290444
2025-11-08,Anchorage,Railway,m2,1416.165582382518
2025-09-10,Cement making,Building,m3,556.0315258379112
2025-08-08,Iron mining,Railway,m3,4832.965067038499
2025-05-01,Laying steel rail,Railway,m,2143.8580324908576
2025-12-06,Walling,Building,m2,4431.062374766168
2025-03-01,Subbase application,Road,m2,90.83640779293079
2025-04-20,Anchorage,Railway,m2,1591.3844515836722
2025-01-26,Iron mining,Railway,m3,979.1745477760311
2025-11-24,Cement making,Building,m3,2047.44289182359
2025-08-27,Removing trees,Building,m2,1131.3098119491838
2025-02-25,Pavement,Road,m2,1723.2193590985785
2025-11-03,Anchorage,Railway,m2,619.6182625984064
2025-03-11,Subbase application,Road,m2,1396.3193177500843
2025-04-18,Coat preparation,Road,L,3518.1925262443924
2025-01-09,Coat preparation,Road,L,596.49396596339
2025-01-27,Pavement,Road,m2,4560.6693314146705
2025-04-11,Anchorage,Railway,m2,3348.9709053270567
2025-01-30,Rolling/Tractor,Road,m2,2636.742114383814
2025-03-19,Anchorage,Railway,m2,1843.0484551211173
2025-07-30,Foundation pouring,Building,m3,4801.967023043858
2025-07-16,Terrain leveling,Building,m3,3639.1282292076266
2025-08-28,Anchorage,Railway,m2,2160.5075667864676
2025-11-08,Pavement,Road,m2,3333.69666320216
2025-08-11,Ballast,Railway,m3,3125.1462081085783
2025-03-27,Rolling/Tractor,Road,m2,1565.5180110431654
2025-07-05,Terrain leveling,Building,m3,3976.714711696851
2025-11-10,Terrain leveling,Building,m3,1173.1228203344751
2025-11-21,Coat preparation,Road,L,3196.396842076706
2025-06-20,Removing trees,Building,m2,4181.110995766968
2025-11-07,Pavement,Road,m2,886.3720673907594
2025-03-24,Anchorage,Railway,m2,1000.2516976451631
2025-01-29,Removing trees,Building,m2,4431.094797565001
2025-08-16,Laying steel rail,Railway,m,2845.140731741516
2025-11-10,Cement making,Building,m3,4884.119963952103
2025-01-02,Cement making,Building,m3,396.4315388945494
2025-02-19,Laying steel rail,Railway,m,1941.6385762031075
2025-12-13,Removing trees,Building,m2,327.43872302513745
2025-12-19,Ballast,Railway,m3,4628.5102773618755
2025-06-26,Walling,Building,m2,564.1171057995286
2025-09-17,Subbase application,Road,m2,1367.1699714265335
2025-12-14,Cement making,Building,m3,311.85576629265466
2025-03-23,Foundation pouring,Building,m3,112.81836049274463
2025-01-02,Terrain leveling,Building,m3,4642.845540031272
2025-08-07,Removing trees,Building,m2,2955.141193287542
2025-01-07,Ballast,Railway,m3,2146.518330074137
2025-11-11,Rolling/Tractor,Road,m2,539.6517564677789
2025-09-02,Foundation pouring,Building,m3,4077.14615899277
2025-12-04,Pavement,Road,m2,929.733366572959
2025-12-04,Foundation pouring,Building,m3,2033.3940117883499
2025-04-30,Laying steel rail,Railway,m,2989.536510067877
2025-06-12,Cement making,Building,m3,3342.62830569405
2025-09-26,Pavement,Road,m2,1940.918263152518
2025-05-15,Iron mining,Railway,m3,2538.1173790075127
2025-01-07,Laying steel rail,Railway,m,4654.322933303459
2025-05-13,Foundation pouring,Building,m3,2071.842483342155
2025-11-27,Coat preparation,Road,L,240.4956437532363
2025-12-13,Removing trees,Building,m2,333.25276767811164
2025-04-20,Laying steel rail,Railway,m,180.66978227864848
2025-04-28,Cement making,Building,m3,2200.61324596257
2025-07-12,Rolling/Tractor,Road,m2,2177.7274478578324
2025-04-04,Iron mining,Railway,m3,2464.1490870452403
2025-01-29,Removing trees,Building,m2,3037.0280117170128
2025-07-30,Coat preparation,Road,L,1178.3897153475814
2025-12-26,Laying steel rail,Railway,m,3647.2272831585237
2025-05-29,Laying steel rail,Railway,m,4146.266812274336
2025-06-01,Laying steel rail,Railway,m,779.4589239804305
2025-03-16,Terrain leveling,Building,m3,552.7667235984152
2025-01-24,Walling,Building,m2,1255.5551884260342
2025-11-04,Foundation pouring,Building,m3,1166.3341231231882
2025-08-02,Coat preparation,Road,L,3647.2882602246236
2025-11-29,Rolling/Tractor,Road,m2,2348.676322924357
2025-07-15,Pavement,Road,m2,1200.5067702548295
2025-08-08,Anchorage,Railway,m2,2366.9162293842714
2025-11-20,Coat preparation,Road,L,4069.0083537762644
2025-03-17,Pavement,Road,m2,3616.8540141058693
2025-09-06,Laying steel rail,Railway,m,4178.371278320775
2025-11-09,Walling,Building,m2,2444.9583426173053
2025-06-08,Coat preparation,Road,L,1402.0072478512768
2025-05-13,Pavement,Road,m2,2324.0337071213585
2025-04-05,Removing trees,Building,m2,49.476310419031
2025-09-29,Rolling/Tractor,Road,m2,2389.5888069476546
2025-01-07,Removing trees,Building,m2,1566.616017031628
2025-10-24,Terrain leveling,Building,m3,398.92893356378687
2025-04-12,Foundation pouring,Building,m3,2501.125408685976
2025-03-19,Coat preparation,Road,L,4322.946005028119
2025-01-12,Rolling/Tractor,Road,m2,165.63162011725586
2025-06-17,Ballast,Railway,m3,2233.4067614777478
2025-03-11,Pavement,Road,m2,1549.5703121652887
2025-05-03,Anchorage,Railway,m2,4290.018722487226
2025-02-22,Walling,Building,m2,204.8829143276709
2025-11-07,Foundation pouring,Building,m3,4267.365128402067
2025-07-30,Iron mining,Railway,m3,418.95316962023867
2025-11-16,Coat preparation,Road,L,669.4667714789199
2025-04-19,Iron mining,Railway,m3,1648.5766549878838
2025-09-27,Rolling/Tractor,Road,m2,3458.674743493384
2025-10-21,Removing trees,Building,m2,3125.1905400487926
2025-10-19,Iron mining,Railway,m3,2347.115798225191
2025-04-12,Subbase application,Road,m2,4755.070360390713
2025-03-17,Rolling/Tractor,Road,m2,4456.146667393665
2025-07-07,Removing trees,Building,m2,4976.560053468631
2025-04-18,Foundation pouring,Building,m3,4607.293977943584
2025-11-20,Terrain leveling,Building,m3,2444.383920079478
2025-08-24,Cement making,Building,m3,2153.84226846549
2025-12-27,Coat preparation,Road,L,180.29164966483492
2025-05-04,Pavement,Road,m2,1854.4087915592654
2025-05-09,Iron mining,Railway,m3,3848.1765509351403
2025-01-13,Iron mining,Railway,m3,3009.138425980168
2025-01-11,Pavement,Road,m2,3815.75172671723
2025-12-08,Removing trees,Building,m2,4778.135722059926
2025-04-29,Laying steel rail,Railway,m,1686.0809787441322
2025-05-02,Cement making,Building,m3,54.81816840797682
2025-10-15,Rolling/Tractor,Road,m2,4599.849105932104
2025-03-17,Pavement,Road,m2,420.3182330971794
2025-06-05,Rolling/Tractor,Road,m2,199.19635938525082
2025-08-06,Anchorage,Railway,m2,2927.053716937369
2025-11-02,Cement making,Building,m3,129.08138889966835
2025-12-15,Anchorage,Railway,m2,1790.1550300987585
2025-11-19,Walling,Building,m2,3052.21154666049
2025-02-03,Walling,Building,m2,466.50236158211624
2025-03-21,Laying steel rail,Railway,m,2635.177108633008
2025-12-18,Laying steel rail,Railway,m,4206.478142871049
2025-05-05,Walling,Building,m2,1890.0385113635105
2025-12-21,Foundation pouring,Building,m3,4528.839098705308
2025-02-21,Cement making,Building,m3,737.5807342145852
2025-12-21,Iron mining,Railway,m3,3421.8983695174816
2025-06-24,Pavement,Road,m2,1103.0048917131196
2025-03-30,Iron mining,Railway,m3,4563.897246009184
2025-07-13,Terrain leveling,Building,m3,1216.0650618799407
2025-06-09,Walling,Building,m2,803.3268680491601
2025-08-14,Removing trees,Building,m2,2816.5646922101055
2025-03-29,Laying steel rail,Railway,m,3289.1937781363195
2025-02-24,Iron mining,Railway,m3,4460.54417942326
2025-06-02,Pavement,Road,m2,3406.8523871999373
2025-10-30,Anchorage,Railway,m2,3177.152692523147
2025-10-12,Pavement,Road,m2,4393.965215356956
2025-09-23,Foundation pouring,Building,m3,2982.701813355122
2025-04-26,Removing trees,Building,m2,1692.1841748453032
2025-08-20,Ballast,Railway,m3,1655.2214944186894
2025-11-14,Iron mining,Railway,m3,3663.943129203615
2025-01-07,Coat preparation,Road,L,4195.335071647608
2025-01-10,Iron mining,Railway,m3,4872.846313419129
2025-09-09,Rolling/Tractor,Road,m2,4329.663005229529
2025-02-17,Subbase application,Road,m2,214.94840078876422
2025-03-14,Rolling/Tractor,Road,m2,1580.3564607632636
2025-10-10,Terrain leveling,Building,m3,3493.0337576090183
2025-04-25,Ballast,Railway,m3,4954.733373784815
2025-07-18,Cement making,Building,m3,4664.985569816193
2025-07-18,Anchorage,Railway,m2,2375.1832043616705
2025-05-16,Pavement,Road,m2,760.5199488774373
2025-12-02,Pavement,Road,m2,4041.25951663071
2025-09-15,Terrain leveling,Building,m3,1059.8712313386088
2025-10-03,Anchorage,Railway,m2,9.783945516289583
2025-06-20,Foundation pouring,Building,m3,3447.230346706547
2025-11-29,Laying steel rail,Railway,m,1208.3254722422732
2025-06-27,Subbase application,Road,m2,4196.529747832299
2025-08-28,Cement making,Building,m3,722.940827827776
2025-07-24,Rolling/Tractor,Road,m2,4795.073892549962
2025-08-30,Foundation pouring,Building,m3,4679.794801963481
2025-04-12,Foundation pouring,Building,m3,3660.9433692642433
2025-07-21,Cement making,Building,m3,1076.3243428480862
2025-09-19,Rolling/Tractor,Road,m2,834.3497213590912
2025-08-26,Anchorage,Railway,m2,4011.9445879425502
2025-01-26,Walling,Building,m2,414.34340183269194
2025-08-24,Laying steel rail,Railway,m,1468.767637110484
2025-06-06,Cement making,Building,m3,2835.5244236301364
2025-12-02,Ballast,Railway,m3,2944.1466222455374
2025-03-19,Pavement,Road,m2,1121.582905136585
2025-07-04,Removing trees,Building,m2,230.66544673592094
2025-11-29,Coat preparation,Road,L,2272.4009208068705
2025-03-17,Rolling/Tractor,Road,m2,3663.948081875183
2025-05-17,Coat preparation,Road,L,4619.730214446595
2025-07-29,Laying steel rail,Railway,m,3449.7126317246534
2025-11-23,Walling,Building,m2,675.6772738645411
2025-04-23,Foundation pouring,Building,m3,1771.0662402288947
2025-02-20,Iron mining,Railway,m3,3972.7771083470375
2025-04-21,Removing trees,Building,m2,2344.235882445858
2025-04-17,Pavement,Road,m2,100.61832666624582
2025-05-14,Subbase application,Road,m2,2811.7279957558544
2025-11-01,Cement making,Building,m3,1449.9545709283618
2025-05-22,Coat preparation,Road,L,2759.161281141078
2025-05-06,Laying steel rail,Railway,m,621.0431133579908
2025-09-28,Cement making,Building,m3,1435.4461880158153
2025-08-15,Subbase application,Road,m2,2500.5011765846243
2025-02-09,Cement making,Building,m3,212.19897837817913
2025-08-31,Walling,Building,m2,4294.053692159348
2025-05-16,Ballast,Railway,m3,3000.7409527909745
2025-03-25,Terrain leveling,Building,m3,3376.8331857338662
2025-08-13,Iron mining,Railway,m3,3864.117417575053
2025-02-12,Foundation pouring,Building,m3,415.9107370222731
2025-05-10,Ballast,Railway,m3,4824.478290776661
2025-11-13,Walling,Building,m2,480.9120937000061
2025-07-04,Anchorage,Railway,m2,3827.014890800442
2025-10-22,Subbase application,Road,m2,4609.185977347997
2025-09-13,Anchorage,Railway,m2,231.4104082404228
2025-07-29,Foundation pouring,Building,m3,2775.211982425603
2025-09-23,Terrain leveling,Building,m3,3358.288849074864
2025-07-14,Pavement,Road,m2,4344.798055287688
2025-12-05,Terrain leveling,Building,m3,3116.168746321966
2025-07-29,Removing trees,Building,m2,1710.037629726348
2025-05-16,Iron mining,Railway,m3,715.54087786807
2025-07-09,Foundation pouring,Building,m3,909.7676876939537
2025-05-09,Iron mining,Railway,m3,3879.3723056749413
2025-10-27,Terrain leveling,Building,m3,1073.046332838749
2025-06-28,Pavement,Road,m2,4768.943841908479
2025-01-24,Ballast,Railway,m3,2582.4991486778513
2025-07-31,Foundation pouring,Building,m3,4342.680506174602
2025-05-17,Ballast,Railway,m3,1964.6787473141037
2025-08-01,Rolling/Tractor,Road,m2,3882.637626302028
2025-07-22,Foundation pouring,Building,m3,872.1279220101513
2025-11-13,Removing trees,Building,m2,4584.531115631788
2025-04-07,Coat preparation,Road,L,744.8047917236189
2025-11-17,Removing trees,Building,m2,4085.509290657675
2025-06-05,Iron mining,Railway,m3,1116.9464095327226
2025-07-14,Walling,Building,m2,3568.9706892169124
2025-08-11,Removing trees,Building,m2,281.2433249342061
2025-11-27,Foundation pouring,Building,m3,154.25067030671812
2025-01-10,Anchorage,Railway,m2,519.1479586514474
2025-09-08,Rolling/Tractor,Road,m2,2964.395934207725
2025-02-01,Subbase application,Road,m2,2159.913799497399
2025-07-01,Subbase application,Road,m2,1927.8780602940155
2025-11-25,Ballast,Railway,m3,819.1060677332251
2025-03-12,Ballast,Railway,m3,4667.191969707076
2025-04-19,Foundation pouring,Building,m3,4689.232329580269
2025-05-24,Removing trees,Building,m2,2962.935662914416
2025-11-16,Terrain leveling,Building,m3,4282.13141140177
2025-07-06,Removing trees,Building,m2,2257.164549615533
2025-07-28,Subbase application,Road,m2,3547.963303056092
2025-06-04,Iron mining,Railway,m3,4522.3944187478555
2025-01-27,Removing trees,Building,m2,484.1267570117708
2025-11-13,Pavement,Road,m2,4917.327794155044
2025-06-29,Rolling/Tractor,Road,m2,3786.0935553565587
2025-01-26,Coat preparation,Road,L,4868.796576592277
2025-08-05,Laying steel rail,Railway,m,2539.7857897345875
2025-10-21,Pavement,Road,m2,4250.026085565691
2025-10-08,Coat preparation,Road,L,3592.390432003422
2025-12-24,Iron mining,Railway,m3,1903.4863480963904
2025-09-13,Subbase application,Road,m2,4917.958561885284
2025-11-06,Iron mining,Railway,m3,4914.527872907816
2025-07-14,Walling,Building,m2,1790.165960580406
2025-11-24,Rolling/Tractor,Road,m2,1358.8044384582588
2025-03-22,Walling,Building,m2,833.5339558777932
2025-09-02,Walling,Building,m2,4098.147931578146
2025-09-02,Anchorage,Railway,m2,2414.36188805279
2025-12-08,Anchorage,Railway,m2,3008.9142861812797
2025-08-05,Coat preparation,Road,L,393.6626115769731
2025-09-06,Iron mining,Railway,m3,2513.6152537976213
2025-10-05,Cement making,Building,m3,958.4290864864431
2025-03-12,Subbase application,Road,m2,3717.4673533226005
2025-04-29,Ballast,Railway,m3,1208.3760759031259
2025-07-29,Anchorage,Railway,m2,889.8192454664483
2025-04-02,Cement making,Building,m3,2958.571849682907
2025-12-21,Coat preparation,Road,L,3586.603112378004
2025-07-29,Anchorage,Railway,m2,1051.6286982163504
2025-11-03,Removing trees,Building,m2,791.2320570021047
2025-09-24,Iron mining,Railway,m3,1505.7800313678072
2025-12-03,Laying steel rail,Railway,m,11.81819055542599
2025-07-31,Anchorage,Railway,m2,2378.5186573731808
2025-10-23,Walling,Building,m2,2063.2162538114144
2025-11-14,Coat preparation,Road,L,1042.6764595851218
2025-07-25,Cement making,Building,m3,4081.028903731349
2025-11-30,Terrain leveling,Building,m3,1067.921097442449
2025-03-16,Foundation pouring,Building,m3,1256.0932785720486
2025-01-18,Iron mining,Railway,m3,412.5537670933094
2025-09-23,Anchorage,Railway,m2,4483.690576238391
2025-12-20,Terrain leveling,Building,m3,1666.990711972577
2025-08-17,Subbase application,Road,m2,1030.2614494021138
2025-12-02,Pavement,Road,m2,3582.0807656604993
2025-07-19,Subbase application,Road,m2,917.125822315944
2025-11-21,Walling,Building,m2,3664.9700314468455
2025-11-25,Subbase application,Road,m2,4787.816896615712
2025-04-06,Iron mining,Railway,m3,1757.0075209492425
2025-06-21,Ballast,Railway,m3,1892.2512429815824
2025-11-21,Terrain leveling,Building,m3,2918.465535554385
2025-05-04,Laying steel rail,Railway,m,3613.0427682780896
2025-08-31,Foundation pouring,Building,m3,751.7998164040146
2025-01-09,Cement making,Building,m3,849.6857403704483
2025-04-15,Coat preparation,Road,L,4288.828393787882
2025-08-06,Walling,Building,m2,4034.7999483656417
2025-07-30,Coat preparation,Road,L,2459.4875801951584
2025-08-29,Walling,Building,m2,4599.756957424887
2025-08-07,Subbase application,Road,m2,834.5071382000085
2025-12-16,Pavement,Road,m2,148.26264742932636
2025-09-20,Laying steel rail,Railway,m,4097.110116710053
2025-05-18,Subbase application,Road,m2,4296.215628788186
2025-01-03,Anchorage,Railway,m2,1527.211883817859
2025-03-01,Pavement,Road,m2,2251.608327829307
2025-03-08,Iron mining,Railway,m3,3574.9958522680995
2025-02-21,Terrain leveling,Building,m3,1443.5056051740746
2025-10-26,Subbase application,Road,m2,3430.4589599068563
2025-02-17,Anchorage,Railway,m2,1365.1861377788443
2025-08-09,Anchorage,Railway,m2,3854.712288119802
2025-07-31,Terrain leveling,Building,m3,4821.224235178631
2025-02-16,Ballast,Railway,m3,592.5415367552412
2025-04-24,Ballast,Railway,m3,4806.349636973266
2025-06-29,Coat preparation,Road,L,3520.877331992352
2025-10-09,Removing trees,Building,m2,3686.95051000757
2025-06-04,Coat preparation,Road,L,563.1950593419793
2025-04-22,Ballast,Railway,m3,2392.5560736063617
2025-04-06,Walling,Building,m2,4996.121772844078
2025-01-08,Walling,Building,m2,3189.9050514863948
2025-01-24,Iron mining,Railway,m3,444.2082501068606
2025-10-04,Terrain leveling,Building,m3,838.4976969589985
2025-09-13,Ballast,Railway,m3,876.3450264182327
2025-02-13,Foundation pouring,Building,m3,4592.944624124816
2025-07-03,Pavement,Road,m2,2728.95159754053
2025-08-11,Ballast,Railway,m3,499.94383973856526
2025-07-20,Foundation pouring,Building,m3,2755.008537340894
2025-07-08,Terrain leveling,Building,m3,659.1856445189204
2025-08-27,Coat preparation,Road,L,1874.276020045086
2025-10-24,Removing trees,Building,m2,3797.63756809238
2025-04-27,Ballast,Railway,m3,640.5623338069877
2025-04-01,Laying steel rail,Railway,m,412.08638573414834
2025-04-21,Cement making,Building,m3,580.4577236530456
2025-10-01,Subbase application,Road,m2,3429.005414045062
2025-01-25,Subbase application,Road,m2,4650.201757964531
2025-05-19,Anchorage,Railway,m2,2424.1109081630684
2025-05-09,Walling,Building,m2,130.84464328492308
2025-08-05,Iron mining,Railway,m3,843.5996477520108
2025-08-16,Iron mining,Railway,m3,4086.001699812402
2025-04-05,Terrain leveling,Building,m3,1829.1330239342813
2025-09-18,Laying steel rail,Railway,m,1862.584392425541
2025-11-02,Ballast,Railway,m3,1420.1111893126445
2025-10-16,Rolling/Tractor,Road,m2,2266.0812267763827
2025-06-29,Laying steel rail,Railway,m,3387.5298263540503
2025-10-31,Rolling/Tractor,Road,m2,1903.2901254350447
2025-03-24,Removing trees,Building,m2,2338.4513596822617
2025-04-02,Iron mining,Railway,m3,3593.796976925885
2025-02-04,Foundation pouring,Building,m3,1160.4529209228338
2025-06-10,Pavement,Road,m2,3715.7303322751427
2025-02-27,Coat preparation,Road,L,2289.8170541156715
2025-06-10,Removing trees,Building,m2,2302.07172080466
2025-11-25,Anchorage,Railway,m2,4671.054236899489
2025-09-13,Anchorage,Railway,m2,2743.600012341931
2025-09-16,Coat preparation,Road,L,3910.8163822736537
2025-04-13,Pavement,Road,m2,107.81006112207226
2025-09-25,Anchorage,Railway,m2,1845.4829232446946
2025-12-07,Terrain leveling,Building,m3,4546.162985840099
2025-02-03,Cement making,Building,m3,164.64773269970036
2025-07-08,Removing trees,Building,m2,2652.960619980012
2025-05-26,Rolling/Tractor,Road,m2,535.2580303820603
2025-02-07,Rolling/Tractor,Road,m2,2248.025424426902
2025-05-05,Rolling/Tractor,Road,m2,4822.987954812582
2025-08-12,Foundation pouring,Building,m3,2094.1292690246155
2025-11-26,Removing trees,Building,m2,3025.1617278259173
2025-09-26,Ballast,Railway,m3,912.534498683642
2025-10-27,Coat preparation,Road,L,4726.659006679394
2025-06-05,Anchorage,Railway,m2,531.7568424263902
2025-12-16,Foundation pouring,Building,m3,1627.0862055660673
2025-06-04,Terrain leveling,Building,m3,573.2650361313669
2025-11-01,Removing trees,Building,m2,2621.30803471524
2025-06-12,Rolling/Tractor,Road,m2,1142.7183531485696
2025-10-15,Removing trees,Building,m2,3250.306687369165
2025-11-11,Removing trees,Building,m2,1127.7901682486147
2025-06-30,Rolling/Tractor,Road,m2,4076.2488872452695
2025-03-01,Rolling/Tractor,Road,m2,896.8101529884143
2025-03-07,Anchorage,Railway,m2,1722.4418802552748
2025-05-29,Terrain leveling,Building,m3,1111.403041240382
2025-07-28,Anchorage,Railway,m2,300.27746637035057
2025-02-14,Walling,Building,m2,597.9358909661154
2025-06-20,Foundation pouring,Building,m3,3612.903111946726
2025-04-25,Ballast,Railway,m3,3525.689018960423
2025-12-06,Pavement,Road,m2,567.6861115667537
2025-05-28,Foundation pouring,Building,m3,4694.909546973921
2025-12-13,Ballast,Railway,m3,1381.9203437512374
2025-04-28,Subbase application,Road,m2,397.8171285108206
2025-08-01,Rolling/Tractor,Road,m2,3460.8695679049038
2025-10-01,Removing trees,Building,m2,4854.641896442381
2025-01-17,Coat preparation,Road,L,1843.275311265175
2025-11-12,Coat preparation,Road,L,3591.1547723919703
2025-03-02,Rolling/Tractor,Road,m2,222.8244302112825
2025-02-06,Ballast,Railway,m3,2682.078908176185
2025-02-01,Anchorage,Railway,m2,3187.6586596413667
2025-01-20,Ballast,Railway,m3,2576.276981005216
2025-03-30,Laying steel rail,Railway,m,1193.5128552910558
2025-04-23,Walling,Building,m2,3206.613066168727
2025-08-29,Removing trees,Building,m2,166.10759762093085
2025-09-28,Cement making,Building,m3,403.67654311201375
2025-04-10,Walling,Building,m2,2578.4716180604546
2025-10-10,Foundation pouring,Building,m3,1833.7899470060936
2025-08-09,Anchorage,Railway,m2,4479.270612871145
2025-03-29,Rolling/Tractor,Road,m2,1995.4513724672413
2025-09-28,Terrain leveling,Building,m3,666.2136337277591
2025-02-01,Terrain leveling,Building,m3,3383.982502911872
2025-11-24,Anchorage,Railway,m2,958.2838607214394
2025-10-25,Ballast,Railway,m3,4092.976821325457
2025-05-15,Subbase application,Road,m2,4072.882755877156
2025-03-23,Pavement,Road,m2,2606.309686476195
2025-11-24,Ballast,Railway,m3,4756.833237402633
2025-10-30,Ballast,Railway,m3,3761.0426977592597
2025-10-22,Removing trees,Building,m2,1648.2861501191321
2025-10-05,Terrain leveling,Building,m3,1166.4246954068851
2025-03-28,Subbase application,Road,m2,501.5148657137997
2025-06-01,Iron mining,Railway,m3,2256.167004249573
2025-09-14,Coat preparation,Road,L,4326.844368071789
2025-04-13,Ballast,Railway,m3,1560.9022410965783
2025-12-29,Subbase application,Road,m2,1168.8967673233542
2025-08-31,Laying steel rail,Railway,m,3317.767718503066
2025-04-15,Coat preparation,Road,L,3450.1596582257253
2025-06-21,Iron mining,Railway,m3,3708.804018651108
2025-07-20,Cement making,Building,m3,2372.7221463658902
2025-11-25,Laying steel rail,Railway,m,4535.608372610813
2025-03-15,Subbase application,Road,m2,924.8216832834405
2025-11-09,Coat preparation,Road,L,112.6036092877164
2025-08-12,Walling,Building,m2,1753.4850300186583
2025-12-19,Walling,Building,m2,2385.403100173927
2025-06-24,Foundation pouring,Building,m3,3009.7307236100473
2025-07-22,Ballast,Railway,m3,466.00503758253143
2025-11-23,Iron mining,Railway,m3,3265.147011442457
2025-08-13,Anchorage,Railway,m2,806.6970978255555
2025-12-02,Removing trees,Building,m2,4551.633256391217
2025-06-03,Cement making,Building,m3,1415.2873989779985
2025-10-04,Coat preparation,Road,L,2350.054585245871
2025-11-17,Walling,Building,m2,4823.11478255936
2025-06-18,Ballast,Railway,m3,4105.729486653155
2025-12-14,Rolling/Tractor,Road,m2,1853.663884228075
2025-01-05,Rolling/Tractor,Road,m2,283.15275391025796
2025-10-28,Removing trees,Building,m2,4674.79210757203
2025-04-13,Cement making,Building,m3,2590.1260008825666
2025-07-29,Coat preparation,Road,L,3644.741212819448
2025-01-21,Subbase application,Road,m2,4350.382944231693
2025-05-14,Ballast,Railway,m3,2246.289648074062
2025-09-08,Subbase application,Road,m2,3928.569663626888
2025-06-03,Subbase application,Road,m2,2031.5192519756165
2025-03-22,Terrain leveling,Building,m3,3.690182889564686
2025-10-05,Subbase application,Road,m2,230.50569916835906
2025-12-22,Removing trees,Building,m2,535.3166955860466
2025-07-02,Rolling/Tractor,Road,m2,4191.47202247129
2025-01-09,Cement making,Building,m3,1706.3533903201878
2025-03-03,Terrain leveling,Building,m3,470.08901413015116
2025-07-29,Ballast,Railway,m3,4489.1490296946995
2025-12-13,Subbase application,Road,m2,3446.1015692500573
2025-10-18,Walling,Building,m2,847.3943072157758
2025-12-10,Pavement,Road,m2,1262.5739030717332
2025-12-23,Rolling/Tractor,Road,m2,1830.4699227044157
2025-05-01,Anchorage,Railway,m2,524.9592525564933
2025-01-01,Cement making,Building,m3,1862.605356935424
2025-08-19,Iron mining,Railway,m3,4103.9406631677075
2025-01-07,Terrain leveling,Building,m3,2596.0711696540284
2025-03-08,Walling,Building,m2,2019.4796040524259
2025-11-28,Foundation pouring,Building,m3,1552.2807631594337
2025-04-21,Rolling/Tractor,Road,m2,3377.526299649126
2025-01-23,Foundation pouring,Building,m3,2980.5798795129235
2025-10-07,Foundation pouring,Building,m3,4741.073940993838
2025-07-10,Anchorage,Railway,m2,1532.0194862609276
2025-07-24,Removing trees,Building,m2,2871.1913579834495
2025-11-14,Iron mining,Railway,m3,3381.756022604144
2025-08-10,Walling,Building,m2,3120.7825773545796
2025-08-26,Subbase application,Road,m2,4793.011715066453
2025-10-31,Cement making,Building,m3,725.3738934093928
2025-08-26,Pavement,Road,m2,2048.7271754986523
2025-06-29,Rolling/Tractor,Road,m2,54.3842981854703
2025-03-15,Foundation pouring,Building,m3,4482.006287147116
2025-06-10,Rolling/Tractor,Road,m2,4478.135252110954
2025-12-17,Iron mining,Railway,m3,3607.9089260182172
2025-11-23,Coat preparation,Road,L,4707.217372084618
2025-11-19,Pavement,Road,m2,1238.698741132656
2025-10-26,Ballast,Railway,m3,280.53433806524475
2025-01-28,Subbase application,Road,m2,4890.776604442591
2025-03-10,Removing trees,Building,m2,3747.0634613122
2025-06-25,Rolling/Tractor,Road,m2,4749.565839268227
2025-08-30,Removing trees,Building,m2,106.6392115676601
2025-02-08,Anchorage,Railway,m2,2230.8147540809655
2025-08-20,Removing trees,Building,m2,271.2989529484783
2025-11-05,Subbase application,Road,m2,592.2126193389482
2025-10-15,Anchorage,Railway,m2,2877.212110786543
2025-05-23,Walling,Building,m2,4733.886593438341
2025-03-24,Subbase application,Road,m2,2336.12203864356
2025-11-24,Cement making,Building,m3,4953.088914903132
2025-08-27,Laying steel rail,Railway,m,4854.583400701407
2025-02-25,Ballast,Railway,m3,1956.9297987499717
2025-04-11,Ballast,Railway,m3,481.0122054654231
2025-09-13,Laying steel rail,Railway,m,2403.9673394967044
2025-10-19,Removing trees,Building,m2,1448.4528172547068
2025-06-12,Terrain leveling,Building,m3,1954.2985907762356
2025-04-27,Rolling/Tractor,Road,m2,970.6807558271652
2025-08-11,Anchorage,Railway,m2,618.8676731667159
2025-12-23,Rolling/Tractor,Road,m2,1698.3347584375852
2025-03-19,Ballast,Railway,m3,1769.2358649865591
2025-02-23,Foundation pouring,Building,m3,3649.6261034305953
2025-08-03,Subbase application,Road,m2,703.1494112696995
2025-09-21,Rolling/Tractor,Road,m2,3168.091498306752
2025-10-24,Laying steel rail,Railway,m,2159.874226213227
2025-09-23,Ballast,Railway,m3,321.00360114310945
2025-04-23,Cement making,Building,m3,2690.28410014492
2025-10-18,Cement making,Building,m3,3801.4733195344575
2025-05-19,Terrain leveling,Building,m3,1654.8277757510855
2025-10-12,Cement making,Building,m3,1421.876215261092
2025-10-13,Walling,Building,m2,2739.358043235713
2025-07-23,Foundation pouring,Building,m3,3444.811921857492
2025-09-30,Coat preparation,Road,L,1932.8507779844117
2025-10-17,Walling,Building,m2,471.0105442311291
2025-11-23,Foundation pouring,Building,m3,1637.6453555885173
2025-05-08,Removing trees,Building,m2,1243.989938470329
2025-09-04,Iron mining,Railway,m3,2014.203489327236
2025-12-11,Coat preparation,Road,L,2313.2361976684074
2025-01-02,Terrain leveling,Building,m3,3377.628268682517
2025-01-07,Foundation pouring,Building,m3,967.5366191296936
2025-05-11,Cement making,Building,m3,2838.2814017191404
2025-11-10,Anchorage,Railway,m2,2575.9871332853418
2025-06-29,Walling,Building,m2,2836.635577976132
2025-04-08,Terrain leveling,Building,m3,4496.173619683665
2025-02-12,Removing trees,Building,m2,1482.7230699340766
2025-01-17,Cement making,Building,m3,1988.996038000132
2025-01-11,Terrain leveling,Building,m3,2939.802928477506
2025-11-12,Iron mining,Railway,m3,4251.366548778784
2025-07-22,Terrain leveling,Building,m3,553.6320339749867
2025-12-08,Anchorage,Railway,m2,297.21172160490585
2025-07-20,Rolling/Tractor,Road,m2,4133.351855738347
2025-11-18,Iron mining,Railway,m3,3211.407570583378
2025-12-28,Pavement,Road,m2,3144.708210134943
2025-11-15,Laying steel rail,Railway,m,419.8667623711866
2025-03-03,Terrain leveling,Building,m3,2535.224133842464
2025-10-15,Laying steel rail,Railway,m,1383.2884715612597
2025-07-31,Rolling/Tractor,Road,m2,2224.999525654479
2025-08-06,Ballast,Railway,m3,4275.216548161231
2025-04-15,Coat preparation,Road,L,2763.892389084396
2025-11-24,Walling,Building,m2,162.0928888555606
2025-11-11,Terrain leveling,Building,m3,370.6486577606416
2025-12-03,Anchorage,Railway,m2,2300.8294081803797
2025-03-14,Foundation pouring,Building,m3,2173.712466305616
2025-09-29,Laying steel rail,Railway,m,916.8693289153268
2025-01-29,Terrain leveling,Building,m3,1405.4238493404275
2025-12-20,Ballast,Railway,m3,4153.404205381054
2025-09-02,Ballast,Railway,m3,46.468387272293185
2025-12-28,Terrain leveling,Building,m3,1392.9182926787114
2025-10-20,Iron mining,Railway,m3,4757.986091016041
2025-07-25,Rolling/Tractor,Road,m2,3369.9469723041907
2025-10-17,Coat preparation,Road,L,3203.801818200532
2025-02-03,Removing trees,Building,m2,3115.1561923906715
2025-01-10,Coat preparation,Road,L,1180.7606121954022
2025-11-14,Coat preparation,Road,L,3913.7357560588994
2025-08-10,Coat preparation,Road,L,3514.0054533368025
2025-04-26,Removing trees,Building,m2,4915.694768120819
2025-11-29,Rolling/Tractor,Road,m2,4905.942576798497
2025-11-28,Walling,Building,m2,1513.8594059906436
2025-09-07,Coat preparation,Road,L,2869.2002543995172
2025-12-05,Laying steel rail,Railway,m,1991.000294984912
2025-01-30,Cement making,Building,m3,2338.583179435405
2025-05-10,Subbase application,Road,m2,2536.2113247930884
2025-02-19,Pavement,Road,m2,2405.204771770314
2025-12-04,Cement making,Building,m3,1519.9741756297342
2025-03-02,Laying steel rail,Railway,m,1004.8641931500807
2025-03-29,Subbase application,Road,m2,2796.6786913645433
2025-12-03,Coat preparation,Road,L,26.443718316851438
2025-07-04,Coat preparation,Road,L,4844.024344622993
2025-01-18,Pavement,Road,m2,4685.5842535548745
2025-04-14,Laying steel rail,Railway,m,3243.8599846523707
2025-09-30,Cement making,Building,m3,3682.03249612714
2025-07-26,Iron mining,Railway,m3,2523.669907579198
2025-01-07,Walling,Building,m2,1470.546317572724
2025-03-02,Iron mining,Railway,m3,3799.0040333140364
2025-01-30,Walling,Building,m2,2316.7132981456557
2025-07-08,Cement making,Building,m3,2243.4520406190077
2025-07-23,Rolling/Tractor,Road,m2,868.9433458395457
2025-09-18,Laying steel rail,Railway,m,844.959205673782
2025-03-02,Ballast,Railway,m3,1991.6065717121019
2025-05-26,Pavement,Road,m2,537.8988250464928
2025-06-20,Rolling/Tractor,Road,m2,4104.012242462422
2025-12-21,Coat preparation,Road,L,2903.77513299234
2025-03-28,Ballast,Railway,m3,1334.783137134058
2025-09-21,Coat preparation,Road,L,2656.017093458644
2025-03-17,Walling,Building,m2,3307.1315127133175
2025-02-22,Cement making,Building,m3,2934.202287773634
2025-02-19,Ballast,Railway,m3,3240.448235483937
2025-07-27,Removing trees,Building,m2,570.2634971066528
2025-06-02,Removing trees,Building,m2,507.21001751677653
2025-11-13,Walling,Building,m2,4415.682719887832
2025-01-28,Ballast,Railway,m3,3588.0691450708905
2025-04-11,Pavement,Road,m2,2168.172419628193
2025-09-05,Foundation pouring,Building,m3,1085.620054225982
2025-12-01,Cement making,Building,m3,1964.5315487277483
2025-02-17,Anchorage,Railway,m2,2699.06895570342
2025-09-25,Terrain leveling,Building,m3,40.79281597920037
2025-07-03,Subbase application,Road,m2,3735.1006332352495
2025-12-17,Rolling/Tractor,Road,m2,650.8549419957011
2025-06-12,Walling,Building,m2,1288.7450359930624
2025-06-29,Ballast,Railway,m3,1001.8174451276662
2025-08-27,Cement making,Building,m3,4922.963466893771
2025-06-01,Iron mining,Railway,m3,1451.3575151950809
2025-01-07,Laying steel rail,Railway,m,4804.860463238654
2025-11-16,Pavement,Road,m2,2534.759750542039
2025-10-25,Coat preparation,Road,L,414.6030041599408
2025-04-18,Cement making,Building,m3,3383.538381262419
2025-03-20,Ballast,Railway,m3,3271.8985687467316
2025-02-28,Rolling/Tractor,Road,m2,4772.761842461057
2025-07-04,Terrain leveling,Building,m3,4562.72405600473
2025-09-24,Ballast,Railway,m3,820.8814776589146
2025-01-12,Terrain leveling,Building,m3,3081.256066607118
2025-02-07,Laying steel rail,Railway,m,1366.5962859523113
2025-02-28,Subbase application,Road,m2,4810.865028927269
2025-04-02,Anchorage,Railway,m2,2286.4924801007337
2025-04-08,Rolling/Tractor,Road,m2,2582.6913489176914
2025-07-07,Walling,Building,m2,4691.144789581308
2025-01-22,Cement making,Building,m3,4196.707791795741
2025-01-01,Subbase application,Road,m2,4664.2413964894495
2025-08-24,Removing trees,Building,m2,4841.133473117248
2025-03-20,Rolling/Tractor,Road,m2,279.12189045017357
2025-09-14,Walling,Building,m2,3571.331661955093
2025-02-01,Ballast,Railway,m3,4251.816183399365
2025-12-19,Removing trees,Building,m2,3525.495627556624
2025-06-19,Subbase application,Road,m2,2153.0287088823525
2025-12-22,Walling,Building,m2,2774.9802674763805
2025-08-09,Terrain leveling,Building,m3,3409.1989297838913
2025-03-20,Terrain leveling,Building,m3,1592.426823901381
2025-04-03,Pavement,Road,m2,4852.307307971727
2025-04-12,Coat preparation,Road,L,1128.075883821481
2025-06-23,Pavement,Road,m2,3728.9249485257515
2025-06-22,Pavement,Road,m2,2217.974100170757
2025-10-09,Anchorage,Railway,m2,4422.3863884512775
2025-07-07,Ballast,Railway,m3,2308.130369102608
2025-11-18,Pavement,Road,m2,3671.0867878769254
2025-05-23,Iron mining,Railway,m3,2313.9166378338273
2025-04-29,Rolling/Tractor,Road,m2,4445.789160830286
2025-08-04,Rolling/Tractor,Road,m2,1988.8628718603313
2025-04-22,Ballast,Railway,m3,466.3984551150291
2025-08-23,Removing trees,Building,m2,943.0725278759783
2025-03-10,Subbase application,Road,m2,4352.699288833004
2025-09-01,Pavement,Road,m2,3517.252638690939
2025-01-30,Laying steel rail,Railway,m,2794.735116500232
2025-10-11,Terrain leveling,Building,m3,3019.1674210355586
2025-05-08,Subbase application,Road,m2,749.3569748277213
2025-02-24,Iron mining,Railway,m3,2397.4161265035636
2025-02-03,Iron mining,Railway,m3,2294.415341751378
2025-07-10,Laying steel rail,Railway,m,2841.893903642869
2025-10-13,Foundation pouring,Building,m3,3347.386719831469
2025-01-10,Ballast,Railway,m3,4437.113742654806
2025-08-30,Foundation pouring,Building,m3,3349.095554690386
2025-04-21,Rolling/Tractor,Road,m2,2276.580035084456
2025-08-19,Anchorage,Railway,m2,265.6295639182571
2025-08-27,Removing trees,Building,m2,93.3535824680104
2025-09-24,Rolling/Tractor,Road,m2,1834.4960836458556
2025-08-06,Cement making,Building,m3,4740.42208563266
2025-01-12,Removing trees,Building,m2,3008.2849199455095
2025-10-23,Cement making,Building,m3,3827.9757033344026
2025-04-14,Foundation pouring,Building,m3,4586.282079205748
2025-03-13,Coat preparation,Road,L,3603.529511955175
2025-04-29,Pavement,Road,m2,4299.140039853585
2025-02-25,Cement making,Building,m3,2152.2633916392997
2025-07-26,Rolling/Tractor,Road,m2,2273.271567762655
2025-04-11,Ballast,Railway,m3,2153.0650734197775
2025-04-05,Subbase application,Road,m2,2171.392630972508
2025-12-11,Cement making,Building,m3,2501.5414174604307
2025-11-30,Terrain leveling,Building,m3,4126.746871769738
2025-08-31,Iron mining,Railway,m3,1902.555669577889
2025-03-12,Coat preparation,Road,L,1276.0487308645663
2025-03-29,Removing trees,Building,m2,2136.387145980541
2025-11-05,Anchorage,Railway,m2,3586.995611024392
2025-05-04,Rolling/Tractor,Road,m2,1755.9854393150615
2025-08-15,Anchorage,Railway,m2,2279.1054413805273
2025-02-05,Pavement,Road,m2,1916.4924743669299
2025-01-22,Anchorage,Railway,m2,4382.309911119172
2025-08-15,Rolling/Tractor,Road,m2,2357.5751671303146
2025-04-17,Pavement,Road,m2,2468.7021199683677
2025-01-14,Terrain leveling,Building,m3,4036.379817536172
2025-02-09,Coat preparation,Road,L,1853.5221445450911
2025-04-19,Rolling/Tractor,Road,m2,2873.186861240517
2025-09-17,Cement making,Building,m3,288.15411262459844
2025-01-06,Walling,Building,m2,649.0888583600218
2025-12-11,Cement making,Building,m3,4478.7619790382705
2025-12-22,Removing trees,Building,m2,1458.0855204490279
2025-06-07,Foundation pouring,Building,m3,3449.2558576105375
2025-10-17,Anchorage,Railway,m2,1734.6155622161814
2025-02-11,Anchorage,Railway,m2,538.4631116002131
2025-11-26,Terrain leveling,Building,m3,768.3265417967689
2025-05-21,Walling,Building,m2,4562.468379696937
2025-09-24,Coat preparation,Road,L,594.2976795842419
2025-03-16,Cement making,Building,m3,4689.758702022836
2025-06-14,Subbase application,Road,m2,1069.3272952357763
2025-07-11,Pavement,Road,m2,4846.583423750819
2025-05-06,Cement making,Building,m3,3970.507062556249
2025-04-24,Iron mining,Railway,m3,3892.2480630527134
2025-03-28,Foundation pouring,Building,m3,785.2207090876351
2025-06-28,Laying steel rail,Railway,m,450.1825949267191
2025-04-26,Foundation pouring,Building,m3,1002.9205550461751
2025-05-22,Rolling/Tractor,Road,m2,1643.7249079732635
2025-11-23,Pavement,Road,m2,2716.375706249958
2025-03-24,Rolling/Tractor,Road,m2,2230.684806064821
2025-09-07,Laying steel rail,Railway,m,1038.308114932555
2025-12-14,Foundation pouring,Building,m3,3844.8037703715545
2025-02-12,Walling,Building,m2,3630.0129466900917
2025-07-28,Coat preparation,Road,L,3494.0046690663175
2025-04-12,Walling,Building,m2,4710.188535023514
2025-04-27,Subbase application,Road,m2,3815.4880744008938
2025-07-15,Rolling/Tractor,Road,m2,500.12765389846504
2025-06-16,Foundation pouring,Building,m3,1198.8185947625961
2025-07-03,Iron mining,Railway,m3,697.868142255183
2025-05-15,Laying steel rail,Railway,m,3034.5707048894224
2025-10-14,Rolling/Tractor,Road,m2,3337.9742247146714
2025-09-14,Coat preparation,Road,L,4474.1641198860625
2025-11-07,Coat preparation,Road,L,2161.2928926676627
2025-03-08,Iron mining,Railway,m3,3064.3597377644164
2025-08-28,Subbase application,Road,m2,2313.1562832308105
2025-09-19,Subbase application,Road,m2,4987.572270478165
2025-05-24,Laying steel rail,Railway,m,2028.8062142033925
2025-01-01,Coat preparation,Road,L,2858.5784659792835
2025-02-13,Anchorage,Railway,m2,717.9024794465222
2025-01-07,Terrain leveling,Building,m3,1733.1606450615338
2025-10-01,Cement making,Building,m3,89.32078378668828
2025-10-09,Walling,Building,m2,4230.38256008666
2025-08-23,Anchorage,Railway,m2,273.39905949785583
2025-04-04,Subbase application,Road,m2,3185.092409350416
2025-01-10,Pavement,Road,m2,2208.5756029595873
2025-03-21,Coat preparation,Road,L,1680.295851956541
2025-09-23,Cement making,Building,m3,1317.0912468115232
2025-08-18,Pavement,Road,m2,2481.5298863922176
2025-01-28,Ballast,Railway,m3,2951.064280881283
2025-05-26,Terrain leveling,Building,m3,1050.463822366537
2025-05-31,Laying steel rail,Railway,m,2543.648651314319
2025-07-07,Removing trees,Building,m2,1367.691705164878
2025-08-13,Pavement,Road,m2,2444.8844821013836
2025-01-15,Terrain leveling,Building,m3,4581.9760545115805
2025-10-22,Pavement,Road,m2,3199.8362774918564
2025-01-06,Terrain leveling,Building,m3,1033.8464237781247
2025-07-01,Pavement,Road,m2,1476.1717511676325
2025-04-09,Coat preparation,Road,L,2906.1121841196873
2025-08-06,Removing trees,Building,m2,4954.8165271382
2025-06-13,Foundation pouring,Building,m3,2735.052334755529
2025-05-17,Ballast,Railway,m3,542.9453984834381
2025-03-11,Cement making,Building,m3,2298.2149429065657
2025-07-25,Terrain leveling,Building,m3,1082.447888049004
2025-12-28,Anchorage,Railway,m2,3174.1821933622255
2025-12-14,Pavement,Road,m2,3935.1104179359595
2025-06-08,Subbase application,Road,m2,3164.4972492168163
2025-01-28,Terrain leveling,Building,m3,2100.9372522557014
2025-08-09,Coat preparation,Road,L,4068.2441684109626
2025-10-14,Cement making,Building,m3,3838.0179699284477
2025-03-27,Cement making,Building,m3,3217.44183840708
2025-07-16,Cement making,Building,m3,4617.738534672112
2025-11-28,Rolling/Tractor,Road,m2,2100.239809471745
2025-05-05,Anchorage,Railway,m2,1981.408516185118
2025-07-21,Rolling/Tractor,Road,m2,1124.551124286139
2025-08-26,Anchorage,Railway,m2,3823.8818646157442
2025-01-27,Rolling/Tractor,Road,m2,4584.776792690527
2025-12-22,Ballast,Railway,m3,2473.7176248234955
2025-08-26,Iron mining,Railway,m3,3588.0610804586
2025-03-21,Anchorage,Railway,m2,4871.954965784515
2025-09-14,Rolling/Tractor,Road,m2,2645.377457397165
2025-01-30,Laying steel rail,Railway,m,4173.646291663928
2025-01-31,Pavement,Road,m2,829.8292374218524
2025-01-27,Pavement,Road,m2,4255.7495460484815
2025-08-25,Rolling/Tractor,Road,m2,2514.904182670887
2025-06-08,Anchorage,Railway,m2,4256.555767763729
2025-01-31,Laying steel rail,Railway,m,2315.9627047442104
2025-09-10,Removing trees,Building,m2,4287.121646158636
2025-11-09,Ballast,Railway,m3,1727.747556103888
2025-06-25,Foundation pouring,Building,m3,1532.6638444776986
2025-09-09,Subbase application,Road,m2,1259.851279845689
2025-07-21,Iron mining,Railway,m3,1836.9066005112388
2025-11-29,Walling,Building,m2,473.3999852002524
2025-11-13,Terrain leveling,Building,m3,3567.18288348794
2025-02-25,Ballast,Railway,m3,2990.1225835432138
2025-04-29,Terrain leveling,Building,m3,1671.7670066933488
2025-07-08,Removing trees,Building,m2,4225.764405052191
2025-04-07,Pavement,Road,m2,739.4550291377161
2025-12-07,Pavement,Road,m2,3661.639351998943
2025-08-06,Removing trees,Building,m2,4977.640950067901
2025-01-03,Pavement,Road,m2,1951.0234050206993
2025-12-29,Cement making,Building,m3,3058.801043582226
2025-07-31,Foundation pouring,Building,m3,2023.0082251115723
2025-08-01,Coat preparation,Road,L,12.998430193031929
2025-03-26,Pavement,Road,m2,4729.122008392046
2025-09-09,Iron mining,Railway,m3,1829.2170140869857
2025-07-07,Coat preparation,Road,L,3033.172425825591
2025-10-19,Foundation pouring,Building,m3,4281.400526945843
2025-04-07,Rolling/Tractor,Road,m2,2499.893096542293
2025-07-01,Rolling/Tractor,Road,m2,3123.215875333066
2025-07-02,Subbase application,Road,m2,3042.5120353670504
2025-08-12,Foundation pouring,Building,m3,1152.8970430146717
2025-02-04,Subbase application,Road,m2,1864.5797866529344
2025-03-01,Terrain leveling,Building,m3,3487.0219186122763
2025-09-08,Subbase application,Road,m2,2020.4766261625984
2025-10-15,Coat preparation,Road,L,3497.586268320915
2025-02-10,Rolling/Tractor,Road,m2,436.9892393939606
2025-06-25,Cement making,Building,m3,354.99680413890457
2025-02-26,Laying steel rail,Railway,m,3922.127903323872
2025-02-28,Walling,Building,m2,2622.1998993028915
2025-04-01,Anchorage,Railway,m2,3145.734575227513
2025-04-02,Foundation pouring,Building,m3,300.58195556799507
2025-08-17,Terrain leveling,Building,m3,1740.0689901348064
2025-08-25,Pavement,Road,m2,2621.8655962300722
2025-09-30,Subbase application,Road,m2,3140.001163281902
2025-02-26,Subbase application,Road,m2,2494.2136544577047
2025-05-31,Pavement,Road,m2,4086.0919077313756
2025-11-07,Removing trees,Building,m2,3174.237982723127
2025-01-12,Cement making,Building,m3,4545.999190219554
2025-06-11,Foundation pouring,Building,m3,2575.575131121305
2025-10-11,Iron mining,Railway,m3,288.4740212059761
2025-05-20,Cement making,Building,m3,2811.977797067323
2025-08-17,Terrain leveling,Building,m3,1259.7404395101757
2025-07-22,Subbase application,Road,m2,3578.218532458271
2025-10-27,Coat preparation,Road,L,976.2051297769564
2025-02-01,Ballast,Railway,m3,4812.100033851541
2025-03-30,Laying steel rail,Railway,m,244.0045080918146
2025-03-10,Subbase application,Road,m2,569.0006575169165
2025-07-22,Foundation pouring,Building,m3,950.5323731640269
2025-04-14,Rolling/Tractor,Road,m2,4036.997816361936
2025-09-12,Walling,Building,m2,4423.336990958767
2025-07-24,Subbase application,Road,m2,4282.942081181188
2025-01-28,Coat preparation,Road,L,817.0565008342445
2025-11-21,Rolling/Tractor,Road,m2,351.98992032673016
2025-04-10,Iron mining,Railway,m3,4240.6450789139235
2025-12-05,Foundation pouring,Building,m3,1246.0330299690308
2025-11-22,Cement making,Building,m3,3368.2187827707667
2025-04-21,Subbase application,Road,m2,2628.0291754894274
2025-12-01,Foundation pouring,Building,m3,3252.438547655702
2025-07-03,Foundation pouring,Building,m3,3684.1726961010445
2025-02-06,Coat preparation,Road,L,66.36683661356501
2025-08-13,Ballast,Railway,m3,1815.7462540702056
2025-02-13,Rolling/Tractor,Road,m2,1796.985629427878
2025-04-02,Subbase application,Road,m2,1915.8435138969276
2025-07-05,Removing trees,Building,m2,2181.690188228976
2025-09-18,Ballast,Railway,m3,2148.293606348447
2025-07-26,Anchorage,Railway,m2,3770.6305899565846
2025-02-09,Coat preparation,Road,L,4919.286935079038
2025-03-27,Laying steel rail,Railway,m,187.169490751129
2025-04-10,Laying steel rail,Railway,m,1195.4940215903898
2025-06-24,Removing trees,Building,m2,4892.249928594469
2025-04-23,Subbase application,Road,m2,1351.8573603123184
2025-11-11,Walling,Building,m2,3904.2802953803744
2025-09-28,Removing trees,Building,m2,2250.5858382270067
2025-04-14,Cement making,Building,m3,1524.296249651347
2025-08-08,Foundation pouring,Building,m3,3479.9013124724243
2025-02-14,Laying steel rail,Railway,m,4628.549785022377
2025-11-01,Coat preparation,Road,L,1383.3960003545092
2025-06-28,Subbase application,Road,m2,2151.107248422729
2025-03-08,Anchorage,Railway,m2,251.91597986271074
2025-03-30,Rolling/Tractor,Road,m2,4043.1617895576615
2025-11-20,Ballast,Railway,m3,1440.0637033414782
2025-11-27,Ballast,Railway,m3,3991.1353599212603
2025-03-19,Laying steel rail,Railway,m,3115.9119605034957
2025-04-11,Removing trees,Building,m2,3151.65883548045
2025-12-09,Ballast,Railway,m3,1309.472497897332
2025-10-19,Cement making,Building,m3,4939.477333952203
2025-10-28,Pavement,Road,m2,4143.812803120823
2025-05-18,Anchorage,Railway,m2,2727.392790280273
2025-03-04,Walling,Building,m2,910.3411384550275
2025-07-16,Foundation pouring,Building,m3,1100.5607461085865
2025-05-16,Removing trees,Building,m2,581.3934279887351
2025-07-14,Iron mining,Railway,m3,4887.723074888422
2025-09-09,Laying steel rail,Railway,m,580.4601296304874
2025-12-27,Iron mining,Railway,m3,2578.0728777333234
2025-09-25,Foundation pouring,Building,m3,3091.670753772704
2025-07-17,Walling,Building,m2,3355.0687094641553
2025-06-27,Iron mining,Railway,m3,2870.852721689901
2025-05-25,Foundation pouring,Building,m3,4940.190389428367
2025-05-11,Laying steel rail,Railway,m,1702.8231367837093
2025-10-08,Walling,Building,m2,2764.7667671269264
2025-07-10,Coat preparation,Road,L,162.67485651292213
2025-08-07,Subbase application,Road,m2,872.8970971673256
2025-07-08,Removing trees,Building,m2,3808.6322602158557
2025-02-06,Coat preparation,Road,L,21.29517901261646
2025-10-20,Pavement,Road,m2,3033.4597433789163
2025-05-18,Anchorage,Railway,m2,972.6548594363354
2025-03-26,Subbase application,Road,m2,2500.1022072508404
2025-08-09,Ballast,Railway,m3,3189.7666160245226
2025-05-22,Terrain leveling,Building,m3,1901.8521964675233
2025-03-31,Anchorage,Railway,m2,4411.9149257632525
2025-12-24,Subbase application,Road,m2,1031.3270127581136
2025-10-28,Coat preparation,Road,L,738.703692746297
2025-12-09,Pavement,Road,m2,3176.265071713163
2025-05-30,Anchorage,Railway,m2,4336.938610129552
2025-03-27,Removing trees,Building,m2,340.8393593701037
2025-01-09,Walling,Building,m2,1122.9570681440248
2025-09-06,Iron mining,Railway,m3,922.9301659805856
2025-07-27,Iron mining,Railway,m3,4327.11880668765
2025-06-15,Foundation pouring,Building,m3,1261.5898447917966
2025-08-17,Laying steel rail,Railway,m,4712.227006896732
2025-01-20,Rolling/Tractor,Road,m2,952.606476755149
2025-01-08,Coat preparation,Road,L,1058.4731571363359
2025-01-19,Foundation pouring,Building,m3,1358.3686380527038
2025-01-27,Ballast,Railway,m3,1931.0058962599142
2025-08-14,Walling,Building,m2,1202.7444012491733
2025-01-15,Rolling/Tractor,Road,m2,4471.2046566851695
2025-05-19,Rolling/Tractor,Road,m2,3230.895397997078
2025-05-06,Rolling/Tractor,Road,m2,3179.8537462002623
2025-03-05,Iron mining,Railway,m3,363.1971264375977
2025-08-24,Cement making,Building,m3,242.20210922949127
2025-07-25,Pavement,Road,m2,1613.9685260945557
2025-02-09,Anchorage,Railway,m2,2655.7775082200287
2025-01-31,Terrain leveling,Building,m3,858.6061934665768
2025-10-20,Removing trees,Building,m2,208.08006907986066
2025-07-03,Subbase application,Road,m2,692.9783364175257
2025-10-29,Coat preparation,Road,L,4581.080563668391
2025-05-23,Laying steel rail,Railway,m,2559.381390748124
2025-09-10,Walling,Building,m2,4572.8352893084575
2025-01-30,Subbase application,Road,m2,733.7511444199407
2025-03-27,Foundation pouring,Building,m3,1585.403754191183
2025-02-05,Rolling/Tractor,Road,m2,4945.72890155028
2025-02-26,Subbase application,Road,m2,266.4199141534435
2025-02-08,Foundation pouring,Building,m3,4400.109382993338
2025-07-03,Terrain leveling,Building,m3,1064.780742277769
2025-07-03,Pavement,Road,m2,2895.47567354837
2025-04-24,Anchorage,Railway,m2,2696.5126258895293
2025-01-17,Rolling/Tractor,Road,m2,3000.691226467647
2025-11-22,Rolling/Tractor,Road,m2,1264.3800122580444
2025-05-30,Terrain leveling,Building,m3,4806.474184707814
2025-04-14,Ballast,Railway,m3,3355.49196440389
2025-02-15,Removing trees,Building,m2,1368.4938199797587
2025-01-10,Subbase application,Road,m2,4598.208741495929
2025-03-22,Pavement,Road,m2,1398.1616259168584
2025-05-22,Rolling/Tractor,Road,m2,3308.0945659620347
2025-10-21,Ballast,Railway,m3,2132.262113506746
2025-10-15,Cement making,Building,m3,1329.4070331800583
2025-12-09,Rolling/Tractor,Road,m2,4264.385939583589
2025-05-19,Rolling/Tractor,Road,m2,2492.4676657276914
2025-03-01,Walling,Building,m2,788.2632111239296
2025-10-23,Subbase application,Road,m2,2188.8578259994883
2025-04-20,Iron mining,Railway,m3,70.90246629254115
2025-04-28,Walling,Building,m2,2018.2991314560722
2025-12-10,Terrain leveling,Building,m3,2224.1494635626873
2025-07-21,Coat preparation,Road,L,3807.6951694357685
2025-12-21,Rolling/Tractor,Road,m2,4205.979994367923
2025-04-14,Cement making,Building,m3,1240.4398997181859
2025-08-29,Cement making,Building,m3,2183.5270242805746
2025-07-19,Anchorage,Railway,m2,980.8906892828805
2025-02-28,Pavement,Road,m2,1701.3489044915164
2025-06-04,Subbase application,Road,m2,3324.9038975487256
2025-03-03,Walling,Building,m2,3590.5096599705566
2025-11-20,Walling,Building,m2,4764.450985071587
2025-05-28,Rolling/Tractor,Road,m2,3343.258971980377
2025-03-13,Walling,Building,m2,2306.363789445899
2025-10-06,Cement making,Building,m3,2677.9553966275116
2025-11-29,Coat preparation,Road,L,237.8620349065913
2025-10-28,Cement making,Building,m3,1089.7054321268008
2025-02-14,Laying steel rail,Railway,m,1262.2312641679118
2025-11-07,Walling,Building,m2,3481.2423828903675
2025-01-22,Subbase application,Road,m2,2436.2648458882113
2025-06-03,Coat preparation,Road,L,4199.921678560209
2025-03-19,Removing trees,Building,m2,198.14168610810478
2025-09-03,Foundation pouring,Building,m3,1471.3593858852557
2025-02-27,Cement making,Building,m3,3473.4512771965005
2025-04-26,Foundation pouring,Building,m3,866.024035297181
2025-04-25,Removing trees,Building,m2,3553.13697530141
2025-09-09,Removing trees,Building,m2,2906.746602228316
2025-12-14,Rolling/Tractor,Road,m2,3237.1184061475556
2025-05-29,Iron mining,Railway,m3,4614.234305960606
2025-08-21,Walling,Building,m2,890.0687986955103
2025-06-24,Ballast,Railway,m3,882.7390928849421
2025-04-07,Terrain leveling,Building,m3,241.92346732655523
2025-10-12,Rolling/Tractor,Road,m2,314.39560778728224
2025-06-23,Coat preparation,Road,L,337.7188791128266
2025-01-22,Iron mining,Railway,m3,2050.6277044124404
2025-03-04,Foundation pouring,Building,m3,3273.729809022441
2025-12-24,Anchorage,Railway,m2,1301.5333632730358
2025-05-19,Coat preparation,Road,L,2695.860939339379
2025-10-13,Laying steel rail,Railway,m,4565.267377246243
2025-10-29,Removing trees,Building,m2,3350.0393260582805
2025-12-29,Terrain leveling,Building,m3,1872.0066049326228
2025-06-06,Pavement,Road,m2,4802.966442265579
2025-01-03,Removing trees,Building,m2,3000.8252722369184
2025-09-21,Rolling/Tractor,Road,m2,4256.95644829448
2025-05-31,Rolling/Tractor,Road,m2,3269.328706412567
2025-11-03,Ballast,Railway,m3,3798.4797661528196
2025-08-21,Walling,Building,m2,4748.678545681131
2025-11-24,Removing trees,Building,m2,3502.130365653886
2025-01-24,Walling,Building,m2,1221.0305085866341
2025-11-11,Coat preparation,Road,L,4287.56834673279
2025-01-27,Removing trees,Building,m2,4779.630012534418
2025-06-03,Laying steel rail,Railway,m,3945.973890833358
2025-11-08,Anchorage,Railway,m2,4127.975127927292
2025-03-06,Walling,Building,m2,3135.977555023105
2025-07-14,Terrain leveling,Building,m3,1614.5311130425694
2025-05-22,Pavement,Road,m2,4640.060466524222
2025-05-19,Cement making,Building,m3,3141.3222766427625
2025-12-24,Cement making,Building,m3,1686.0979746890137
2025-04-02,Rolling/Tractor,Road,m2,1903.0585685797741
2025-01-07,Ballast,Railway,m3,2511.9487584532935
2025-02-26,Anchorage,Railway,m2,3589.882105408488
2025-09-29,Rolling/Tractor,Road,m2,2592.578186020336
2025-07-12,Subbase application,Road,m2,4159.811519689473
2025-10-27,Coat preparation,Road,L,4489.790598933486
2025-03-29,Terrain leveling,Building,m3,1541.8842672144563
2025-11-30,Anchorage,Railway,m2,3226.7946685552247
2025-10-27,Laying steel rail,Railway,m,3950.0547492372966
2025-07-27,Coat preparation,Road,L,2457.925249014056
2025-02-19,Terrain leveling,Building,m3,4700.229090330466
2025-03-14,Foundation pouring,Building,m3,4694.213507405806
2025-10-04,Pavement,Road,m2,3154.350699254764
2025-07-11,Subbase application,Road,m2,1076.2669004819497
2025-08-26,Rolling/Tractor,Road,m2,3339.074679399673
2025-10-08,Foundation pouring,Building,m3,4947.160385528484
2025-11-28,Rolling/Tractor,Road,m2,4871.98699208918
2025-10-08,Rolling/Tractor,Road,m2,981.6441011907134
2025-08-27,Pavement,Road,m2,4592.1568670193265
2025-06-29,Laying steel rail,Railway,m,1257.7347803905031
2025-11-06,Removing trees,Building,m2,3047.5184804898036
2025-07-07,Laying steel rail,Railway,m,2218.349581999575
2025-03-18,Walling,Building,m2,2099.522940166289
2025-05-22,Removing trees,Building,m2,1441.589745426422
2025-12-15,Iron mining,Railway,m3,2022.9086926592665
2025-01-22,Foundation pouring,Building,m3,4918.012155410455
2025-10-27,Iron mining,Railway,m3,2809.402102809245
2025-10-12,Ballast,Railway,m3,4693.016095200041
2025-01-09,Coat preparation,Road,L,929.6681270539425
2025-09-02,Walling,Building,m2,1265.502984330481
2025-02-05,Foundation pouring,Building,m3,3615.7253517121244
2025-04-07,Foundation pouring,Building,m3,1705.2527559018226
2025-06-28,Laying steel rail,Railway,m,1141.0526698328526
2025-10-19,Ballast,Railway,m3,4647.941352633578
2025-02-16,Rolling/Tractor,Road,m2,2489.3441662222863
2025-12-27,Laying steel rail,Railway,m,4907.1702439074
2025-12-05,Ballast,Railway,m3,1903.797302774105
2025-01-15,Iron mining,Railway,m3,3587.9638488592104
2025-08-04,Rolling/Tractor,Road,m2,1832.286956205001
2025-03-09,Subbase application,Road,m2,3148.447953087124
2025-10-26,Anchorage,Railway,m2,4762.0265858512885
2025-12-10,Foundation pouring,Building,m3,4610.276627328576
2025-06-12,Pavement,Road,m2,949.4344262213173
2025-06-23,Walling,Building,m2,1010.0959149936429
2025-06-29,Removing trees,Building,m2,1472.895344804432
2025-03-22,Walling,Building,m2,4582.107714476831
2025-08-19,Removing trees,Building,m2,4790.778722678495
2025-06-21,Ballast,Railway,m3,1105.6469181047635
2025-08-17,Iron mining,Railway,m3,2794.1789146014444
2025-10-14,Removing trees,Building,m2,4303.530530490038
2025-02-25,Walling,Building,m2,2469.9746879333397
2025-02-27,Iron mining,Railway,m3,3270.5719639793106
2025-03-25,Subbase application,Road,m2,1798.4451811205715
2025-04-13,Coat preparation,Road,L,1202.7316586777943
2025-04-22,Terrain leveling,Building,m3,1511.1798500378115
2025-12-16,Terrain leveling,Building,m3,2413.4460821109287
2025-07-16,Anchorage,Railway,m2,236.60439999426464
2025-11-06,Removing trees,Building,m2,4914.143852784792
2025-09-26,Coat preparation,Road,L,2316.2148661340802
2025-12-04,Iron mining,Railway,m3,2022.1226542285376
2025-12-02,Foundation pouring,Building,m3,4935.548917961873
2025-08-19,Walling,Building,m2,283.97266218624816
2025-04-29,Cement making,Building,m3,1977.8731361114603
2025-02-06,Coat preparation,Road,L,2881.646743055743
2025-02-04,Walling,Building,m2,3270.2565492428016
2025-01-07,Anchorage,Railway,m2,2957.9907169743465
2025-09-28,Walling,Building,m2,2292.7379302485883
2025-05-01,Walling,Building,m2,1467.8670518183167
2025-08-05,Walling,Building,m2,2400.145917943808
2025-10-11,Rolling/Tractor,Road,m2,3160.5794050207946
2025-11-13,Coat preparation,Road,L,3648.1622753805714
2025-09-27,Removing trees,Building,m2,4731.6811812313035
2025-10-20,Terrain leveling,Building,m3,1202.6381517436291
2025-05-12,Coat preparation,Road,L,3571.847297940347
2025-11-23,Ballast,Railway,m3,4373.101737870932
2025-09-14,Iron mining,Railway,m3,2583.5761332988227
2025-02-04,Anchorage,Railway,m2,1673.7910906022769
2025-11-26,Subbase application,Road,m2,2351.2570341667033
2025-05-05,Rolling/Tractor,Road,m2,4151.279594115082
2025-07-19,Ballast,Railway,m3,1326.6033753519064
2025-02-28,Laying steel rail,Railway,m,2996.5359155088086
2025-05-11,Walling,Building,m2,2341.542751219817
2025-09-14,Anchorage,Railway,m2,197.7054552816082
2025-05-16,Coat preparation,Road,L,568.1523921120313
2025-10-20,Terrain leveling,Building,m3,1501.4640414843634
2025-09-10,Rolling/Tractor,Road,m2,2315.803940110374
2025-11-23,Anchorage,Railway,m2,1095.8536443421817
2025-02-10,Cement making,Building,m3,2766.8640316301257
2025-09-29,Subbase application,Road,m2,3363.269876576176
2025-06-07,Pavement,Road,m2,803.5106515601392
2025-12-12,Iron mining,Railway,m3,482.8503682302926
2025-07-14,Foundation pouring,Building,m3,3540.7539006197335
2025-04-17,Subbase application,Road,m2,4087.8760937420443
2025-11-16,Walling,Building,m2,2547.758033495393
2025-11-09,Rolling/Tractor,Road,m2,1153.8050536175338
2025-02-25,Cement making,Building,m3,2176.087272753084
2025-11-23,Removing trees,Building,m2,4650.925796760598
2025-12-19,Terrain leveling,Building,m3,2006.4601556998819
2025-10-30,Iron mining,Railway,m3,4633.962446186401
2025-12-05,Terrain leveling,Building,m3,433.7795879120404
2025-11-08,Rolling/Tractor,Road,m2,3547.7448225150333
2025-05-11,Ballast,Railway,m3,2514.2723414659486
2025-04-22,Pavement,Road,m2,1838.638822678853
2025-06-11,Terrain leveling,Building,m3,3751.068959992906
2025-06-28,Anchorage,Railway,m2,2008.0387092294666
2025-04-18,Removing trees,Building,m2,3769.885898690598
2025-09-01,Cement making,Building,m3,2105.9471711302535
2025-06-24,Subbase application,Road,m2,2280.9350453913507
2025-04-28,Removing trees,Building,m2,1215.5041963934527
2025-12-08,Subbase application,Road,m2,4204.938420785308
2025-06-18,Cement making,Building,m3,646.1031443330118
2025-04-14,Anchorage,Railway,m2,4900.215373713102
2025-11-05,Rolling/Tractor,Road,m2,553.1978016689254
2025-04-01,Ballast,Railway,m3,3526.1346831256956
2025-06-12,Laying steel rail,Railway,m,3303.644031340202
2025-05-24,Pavement,Road,m2,2349.5975202009486
2025-07-22,Foundation pouring,Building,m3,4669.920525040057
2025-12-23,Coat preparation,Road,L,4301.276326960964
2025-09-24,Ballast,Railway,m3,2475.1817808162464
2025-09-12,Rolling/Tractor,Road,m2,1044.6395060429559
2025-11-01,Anchorage,Railway,m2,4531.039269155095
2025-04-28,Coat preparation,Road,L,4882.747784326998
2025-08-04,Removing trees,Building,m2,4065.3494403620966
2025-07-14,Anchorage,Railway,m2,1816.699967286734
2025-07-07,Anchorage,Railway,m2,3579.080630882074
2025-07-24,Rolling/Tractor,Road,m2,4228.609450199619
2025-06-10,Ballast,Railway,m3,2497.3904827605706
2025-09-13,Iron mining,Railway,m3,2906.135963408739
2025-08-07,Coat preparation,Road,L,4685.097959796129
2025-07-11,Removing trees,Building,m2,2291.798830753155
2025-10-09,Iron mining,Railway,m3,4022.3784991015773
2025-12-28,Iron mining,Railway,m3,3937.350324216759
2025-11-03,Anchorage,Railway,m2,1721.223524286557
2025-12-01,Removing trees,Building,m2,2602.0441867694076
2025-08-25,Anchorage,Railway,m2,2892.3449712937145
2025-04-01,Foundation pouring,Building,m3,2356.251024888684
2025-08-03,Ballast,Railway,m3,1327.9856000993589
2025-06-02,Iron mining,Railway,m3,1462.9439592650313
2025-08-14,Pavement,Road,m2,377.63141824621925
2025-02-20,Subbase application,Road,m2,905.4074814218999
2025-04-10,Walling,Building,m2,786.8819628764334
2025-03-27,Pavement,Road,m2,828.270856694509
2025-08-10,Rolling/Tractor,Road,m2,3117.569737059885
2025-09-29,Ballast,Railway,m3,4150.6685933102035
2025-09-28,Ballast,Railway,m3,1839.3639271848672
2025-12-28,Coat preparation,Road,L,4406.904837811603
2025-08-17,Foundation pouring,Building,m3,4896.136769844493
2025-08-14,Subbase application,Road,m2,3855.231564845553
2025-05-31,Pavement,Road,m2,2817.8046901133903
2025-02-09,Rolling/Tractor,Road,m2,3874.9082577981976
2025-09-15,Laying steel rail,Railway,m,4630.515885493839
2025-04-08,Pavement,Road,m2,2123.129069344033
2025-01-14,Ballast,Railway,m3,2572.182191180375
2025-05-11,Ballast,Railway,m3,4246.1021119882535
2025-09-07,Rolling/Tractor,Road,m2,3150.5370499724013
2025-02-15,Removing trees,Building,m2,2703.826539145712
2025-08-16,Terrain leveling,Building,m3,4388.127186667994
2025-03-22,Cement making,Building,m3,4469.106292615646
2025-01-10,Subbase application,Road,m2,2230.758287963933
2025-10-17,Pavement,Road,m2,4663.100954191207
2025-09-26,Walling,Building,m2,1397.6481372297478
2025-05-13,Cement making,Building,m3,1179.1589367084139
2025-12-12,Pavement,Road,m2,1314.4880135096266
2025-10-13,Anchorage,Railway,m2,3782.5954678992284
2025-02-05,Coat preparation,Road,L,1883.2588612296697
2025-01-24,Iron mining,Railway,m3,237.12931896287205
2025-10-02,Subbase application,Road,m2,440.3384427243945
2025-03-04,Iron mining,Railway,m3,551.4240365097938
2025-01-28,Walling,Building,m2,3369.399807034542
2025-08-24,Subbase application,Road,m2,2235.992633728192
2025-01-11,Ballast,Railway,m3,2046.9385668076457
2025-08-07,Foundation pouring,Building,m3,4457.925507629034
2025-04-23,Walling,Building,m2,3481.9571592330444
2025-09-16,Rolling/Tractor,Road,m2,4546.635890028897
2025-03-17,Cement making,Building,m3,4590.224013097643
2025-07-23,Foundation pouring,Building,m3,2478.141622244418
2025-03-04,Pavement,Road,m2,3237.3482006834565
2025-10-07,Ballast,Railway,m3,3710.213353953963
2025-09-03,Terrain leveling,Building,m3,2260.2613009142224
2025-04-09,Rolling/Tractor,Road,m2,189.82323287445425
2025-07-02,Walling,Building,m2,4697.056031865532
2025-01-12,Ballast,Railway,m3,3063.3763054317396
2025-02-02,Foundation pouring,Building,m3,2530.8520056204493
2025-08-11,Subbase application,Road,m2,1816.742488397725
2025-06-16,Removing trees,Building,m2,4791.659144517505
2025-05-07,Anchorage,Railway,m2,1405.5485675835405
2025-07-05,Coat preparation,Road,L,1815.2014569651403
2025-03-30,Terrain leveling,Building,m3,727.8170338492712
2025-11-09,Rolling/Tractor,Road,m2,580.3181634984772
2025-10-27,Laying steel rail,Railway,m,4284.024123393058
2025-04-15,Walling,Building,m2,4134.726369310237
2025-08-23,Ballast,Railway,m3,4479.029237095869
2025-11-23,Terrain leveling,Building,m3,3267.3427294051385
2025-06-02,Laying steel rail,Railway,m,83.01281980442332
2025-05-29,Walling,Building,m2,3435.613922119829
2025-12-14,Walling,Building,m2,3393.3469231373238
2025-06-14,Iron mining,Railway,m3,3946.879182217728
2025-09-24,Coat preparation,Road,L,3556.862943713318
2025-05-26,Cement making,Building,m3,2009.0358239453349
2025-07-02,Pavement,Road,m2,3924.833842745883
2025-09-21,Laying steel rail,Railway,m,3289.9198200151127
2025-05-31,Cement making,Building,m3,4745.540271248155
2025-07-26,Walling,Building,m2,385.95601039884684
2025-07-07,Ballast,Railway,m3,2647.859573304507
2025-03-30,Cement making,Building,m3,224.7532143430103
2025-12-21,Anchorage,Railway,m2,1352.0448724726598
2025-08-19,Anchorage,Railway,m2,3086.264449401917
2025-12-06,Subbase application,Road,m2,3650.7977019363625
2025-08-03,Cement making,Building,m3,1092.633664185222
2025-06-20,Pavement,Road,m2,2646.7991256481605
2025-06-22,Pavement,Road,m2,4704.505738558586
2025-04-24,Anchorage,Railway,m2,1395.8282140718031
2025-08-25,Ballast,Railway,m3,784.8679703590889
2025-03-21,Rolling/Tractor,Road,m2,2793.1408978051363
2025-12-06,Pavement,Road,m2,2010.7599871246684
2025-08-16,Rolling/Tractor,Road,m2,2732.434780958043
2025-03-30,Cement making,Building,m3,985.675767698555
2025-12-25,Subbase application,Road,m2,1160.9079598445815
2025-03-14,Ballast,Railway,m3,35.274282683734896
2025-04-28,Coat preparation,Road,L,721.9148756520593
2025-06-21,Terrain leveling,Building,m3,2857.0988349068098
2025-02-09,Iron mining,Railway,m3,1711.7018600985766
2025-05-29,Pavement,Road,m2,3489.231305439736
2025-04-08,Rolling/Tractor,Road,m2,4243.698337092464
2025-03-07,Laying steel rail,Railway,m,2307.8949203821635
2025-08-20,Removing trees,Building,m2,2899.770339121575
2025-10-06,Laying steel rail,Railway,m,4351.579904194172
2025-02-01,Coat preparation,Road,L,1011.4947186538825
2025-03-01,Foundation pouring,Building,m3,387.7692169344138
2025-05-07,Coat preparation,Road,L,3736.5479735406766
2025-05-12,Coat preparation,Road,L,2023.142624743105
2025-04-05,Pavement,Road,m2,2628.267983153042
2025-11-25,Laying steel rail,Railway,m,4341.457160482397
2025-03-20,Terrain leveling,Building,m3,714.7491858838023
2025-07-20,Terrain leveling,Building,m3,4114.254303373901
2025-08-05,Terrain leveling,Building,m3,3653.761539030171
2025-10-12,Walling,Building,m2,1444.088458049474
2025-04-13,Terrain leveling,Building,m3,4179.506141157097
2025-08-11,Laying steel rail,Railway,m,3690.9734583284653
2025-12-02,Foundation pouring,Building,m3,2346.7770871390203
2025-09-06,Iron mining,Railway,m3,2919.9270906008023
2025-01-27,Ballast,Railway,m3,1469.3971728988708
2025-12-04,Anchorage,Railway,m2,2657.4490989006495
2025-08-21,Coat preparation,Road,L,3776.6314690127447
2025-02-16,Ballast,Railway,m3,4020.99295329701
2025-05-19,Coat preparation,Road,L,2729.3139515847674
2025-10-29,Foundation pouring,Building,m3,898.3132432451163
2025-05-18,Ballast,Railway,m3,1374.1986548440193
2025-12-21,Terrain leveling,Building,m3,3710.2378478571195
2025-01-09,Cement making,Building,m3,3719.9636777898763
2025-08-08,Laying steel rail,Railway,m,1845.0099269637453
2025-04-12,Cement making,Building,m3,712.6655643854218
2025-10-17,Walling,Building,m2,3355.8618941628542
2025-02-19,Walling,Building,m2,3215.4090409326154
2025-01-25,Walling,Building,m2,2263.7584621099863
2025-05-24,Coat preparation,Road,L,4371.609053980299
2025-12-04,Anchorage,Railway,m2,3399.018763205855
2025-12-05,Foundation pouring,Building,m3,690.3957993506087
2025-05-26,Coat preparation,Road,L,2290.389620992103
2025-06-29,Anchorage,Railway,m2,4145.229230359578
2025-04-08,Anchorage,Railway,m2,106.5750389142478
2025-03-07,Cement making,Building,m3,2953.3219256619564
2025-10-03,Pavement,Road,m2,1058.5826086217198
2025-11-23,Iron mining,Railway,m3,1606.5470943611215
2025-07-31,Removing trees,Building,m2,1263.7502850000333
2025-05-26,Walling,Building,m2,1178.553339068214
2025-05-28,Rolling/Tractor,Road,m2,3683.0669597515607
2025-04-06,Anchorage,Railway,m2,134.10630793100952
2025-03-21,Ballast,Railway,m3,4998.381126109026
2025-09-15,Terrain leveling,Building,m3,2433.392144678775
2025-11-06,Rolling/Tractor,Road,m2,1868.1466859422046
2025-12-18,Rolling/Tractor,Road,m2,946.1889775423132
2025-09-09,Anchorage,Railway,m2,4859.213748865413
2025-03-28,Iron mining,Railway,m3,2280.355658207819
2025-09-28,Anchorage,Railway,m2,3014.440097900495
2025-07-05,Cement making,Building,m3,2469.7889394788804
2025-08-24,Subbase application,Road,m2,1795.0464598008436
2025-07-05,Foundation pouring,Building,m3,2364.525779317206
2025-10-24,Rolling/Tractor,Road,m2,1393.0184672780144
2025-06-17,Anchorage,Railway,m2,1497.5564442008892
2025-05-03,Terrain leveling,Building,m3,4799.705457220054
2025-08-30,Laying steel rail,Railway,m,4068.57930801552
2025-05-29,Coat preparation,Road,L,4746.165525352622
2025-09-26,Foundation pouring,Building,m3,1055.6590610817245
2025-07-22,Anchorage,Railway,m2,1699.7521705130841
2025-02-14,Terrain leveling,Building,m3,1334.7128855548517
2025-09-17,Laying steel rail,Railway,m,557.7711508064881
2025-08-11,Walling,Building,m2,3718.9774778118535
2025-09-09,Cement making,Building,m3,4867.484401388941
2025-06-02,Iron mining,Railway,m3,2613.025349222625
2025-11-09,Ballast,Railway,m3,3213.9073109462497
2025-04-15,Ballast,Railway,m3,267.2827520699939
2025-03-22,Pavement,Road,m2,3541.2081531398835
2025-12-26,Terrain leveling,Building,m3,3600.0244345082765
2025-08-11,Terrain leveling,Building,m3,1345.4278128866627
2025-04-13,Walling,Building,m2,2077.0180477410377
2025-08-15,Walling,Building,m2,4927.919923151826
2025-03-17,Rolling/Tractor,Road,m2,3978.7750721430425
2025-05-26,Coat preparation,Road,L,3809.4694511727507
2025-06-26,Cement making,Building,m3,1488.034220612693
2025-05-08,Iron mining,Railway,m3,350.45371321593467
2025-08-15,Laying steel rail,Railway,m,2763.806736755749
2025-12-03,Anchorage,Railway,m2,3025.522477964298
2025-08-25,Coat preparation,Road,L,2573.1042130621795
2025-01-09,Laying steel rail,Railway,m,381.81196418235197
2025-02-26,Coat preparation,Road,L,3089.253070799597
2025-06-25,Subbase application,Road,m2,734.2777558441587
2025-03-18,Removing trees,Building,m2,270.27039508726534
2025-08-16,Cement making,Building,m3,4183.812512931573
2025-02-10,Iron mining,Railway,m3,3357.792238730435
2025-08-06,Rolling/Tractor,Road,m2,3693.745289445404
2025-07-20,Walling,Building,m2,3714.0522879051427
2025-01-04,Anchorage,Railway,m2,3135.3484493301576
2025-03-31,Terrain leveling,Building,m3,2590.815525554408
2025-06-23,Terrain leveling,Building,m3,367.180477921068
2025-07-22,Foundation pouring,Building,m3,4821.271894201909
2025-06-06,Subbase application,Road,m2,2297.471289541263
2025-07-02,Anchorage,Railway,m2,3586.845747065291
2025-02-04,Foundation pouring,Building,m3,4291.140700049449
2025-10-02,Subbase application,Road,m2,750.7269484370255
2025-06-09,Subbase application,Road,m2,318.1721914337376
2025-11-20,Coat preparation,Road,L,3105.5841750481313
2025-07-18,Subbase application,Road,m2,539.5363918078127
2025-09-02,Walling,Building,m2,3763.1725749652683
2025-10-06,Terrain leveling,Building,m3,4029.1507943587517
2025-11-26,Subbase application,Road,m2,3749.0647828683395
2025-09-03,Cement making,Building,m3,3520.827916803103
2025-11-15,Terrain leveling,Building,m3,4259.045615582408
2025-04-25,Laying steel rail,Railway,m,3230.023390984764
2025-01-18,Removing trees,Building,m2,2509.242677083199
2025-08-23,Cement making,Building,m3,2260.559862612247
2025-12-03,Rolling/Tractor,Road,m2,2366.0934687255804
2025-09-05,Cement making,Building,m3,3992.3380897108864
2025-05-11,Subbase application,Road,m2,1092.9524885102376
2025-06-07,Pavement,Road,m2,3330.2124074269823
2025-09-21,Removing trees,Building,m2,387.5469446748264
2025-01-27,Pavement,Road,m2,246.4279949161674
2025-08-23,Cement making,Building,m3,3120.5153549681304
2025-11-07,Terrain leveling,Building,m3,1685.890306825485
2025-12-27,Removing trees,Building,m2,2703.700957441356
2025-08-30,Walling,Building,m2,3438.547571709172
2025-09-19,Walling,Building,m2,3123.3821241789456
2025-01-01,Foundation pouring,Building,m3,876.6559523898177
2025-04-10,Laying steel rail,Railway,m,1345.7444011018383
2025-10-28,Foundation pouring,Building,m3,3663.90026026178
2025-02-23,Removing trees,Building,m2,1939.047301385124
2025-06-20,Laying steel rail,Railway,m,1372.3559221950504
2025-07-13,Terrain leveling,Building,m3,4430.4091354778875
2025-11-07,Coat preparation,Road,L,2893.0821286381542
2025-03-31,Coat preparation,Road,L,2618.071763047907
2025-12-28,Subbase application,Road,m2,4144.5758002689445
2025-07-26,Subbase application,Road,m2,957.4805552144733
2025-01-10,Subbase application,Road,m2,1715.1278870617775
2025-07-13,Removing trees,Building,m2,318.40363837672805
2025-08-11,Terrain leveling,Building,m3,1111.899869557771
2025-06-29,Anchorage,Railway,m2,4129.44274457168
2025-01-22,Foundation pouring,Building,m3,419.760200944867
2025-07-26,Iron mining,Railway,m3,3866.287961542243
2025-07-08,Coat preparation,Road,L,4631.940149921215
2025-03-23,Anchorage,Railway,m2,1353.504453920863
2025-02-22,Iron mining,Railway,m3,3234.609221101713
2025-01-20,Anchorage,Railway,m2,710.9072407899314
2025-04-26,Terrain leveling,Building,m3,4887.637778577466
2025-04-11,Laying steel rail,Railway,m,2430.981633085505
2025-11-07,Subbase application,Road,m2,1120.0796683406961
2025-03-02,Coat preparation,Road,L,891.4973488254924
2025-05-11,Pavement,Road,m2,1774.1301073213083
2025-05-23,Foundation pouring,Building,m3,3127.4871434412958
2025-05-05,Walling,Building,m2,3705.210704594878
2025-07-06,Rolling/Tractor,Road,m2,4371.0335040844275
2025-04-06,Foundation pouring,Building,m3,1745.0153189473217
2025-04-04,Pavement,Road,m2,4349.603835001299
2025-04-23,Terrain leveling,Building,m3,4722.285931874729
2025-08-27,Coat preparation,Road,L,4669.68427869205
2025-09-02,Pavement,Road,m2,23.135154307010186
2025-04-08,Foundation pouring,Building,m3,2529.6972163567484
2025-03-10,Laying steel rail,Railway,m,2666.113367590607
2025-12-10,Ballast,Railway,m3,154.08135208468897
2025-09-09,Pavement,Road,m2,4621.035044278128
2025-05-31,Rolling/Tractor,Road,m2,4540.24676691041
2025-02-04,Pavement,Road,m2,4365.814110661551
2025-06-07,Terrain leveling,Building,m3,2605.05486634525
2025-04-09,Foundation pouring,Building,m3,750.0526123645768
2025-08-01,Subbase application,Road,m2,522.5531338087663
2025-12-01,Ballast,Railway,m3,3712.6170225060187
2025-11-28,Coat preparation,Road,L,796.8383577774501
2025-03-01,Pavement,Road,m2,2424.5200208864653
2025-01-22,Pavement,Road,m2,421.90598538130286
2025-01-13,Foundation pouring,Building,m3,936.5736524451502
2025-06-24,Anchorage,Railway,m2,4774.843280819146
2025-11-06,Terrain leveling,Building,m3,2388.85899551052
2025-08-23,Cement making,Building,m3,4772.271849049873
2025-10-31,Ballast,Railway,m3,4568.272258415401
2025-11-06,Removing trees,Building,m2,4316.960104056806
2025-02-19,Ballast,Railway,m3,1910.3843800265963
2025-11-23,Walling,Building,m2,2368.2888050429306
2025-05-02,Laying steel rail,Railway,m,3558.542632725759
2025-05-29,Subbase application,Road,m2,2704.9422919045974
2025-09-28,Ballast,Railway,m3,3489.4213139642243
2025-10-22,Subbase application,Road,m2,1900.8325321120378
2025-10-04,Laying steel rail,Railway,m,959.806178032821
2025-02-22,Foundation pouring,Building,m3,4417.780130149501
2025-08-08,Subbase application,Road,m2,2140.879460620145
2025-12-20,Coat preparation,Road,L,1414.6422570168088
2025-01-18,Ballast,Railway,m3,3097.143729668708
2025-01-15,Iron mining,Railway,m3,2688.0747246486585
2025-01-11,Pavement,Road,m2,4597.71924015289
2025-07-09,Coat preparation,Road,L,3572.4737669523834
2025-09-16,Removing trees,Building,m2,4275.313352379583
2025-10-30,Anchorage,Railway,m2,35.2727140380954
2025-03-21,Rolling/Tractor,Road,m2,576.7820674957203
2025-02-20,Foundation pouring,Building,m3,1179.9740663934006
2025-07-20,Laying steel rail,Railway,m,1779.8673241298618
2025-01-28,Ballast,Railway,m3,1906.2251008259607
2025-02-10,Removing trees,Building,m2,1131.2441498335418
2025-04-15,Terrain leveling,Building,m3,1238.9435051314058
2025-03-03,Rolling/Tractor,Road,m2,4236.179835970152
2025-03-15,Anchorage,Railway,m2,413.88353276296755
2025-08-24,Anchorage,Railway,m2,1091.4974237473896
2025-03-03,Rolling/Tractor,Road,m2,1953.8864636619708
2025-01-17,Rolling/Tractor,Road,m2,3289.612557176722
2025-09-03,Cement making,Building,m3,1869.0503928781743
2025-02-06,Subbase application,Road,m2,667.5454655858515
2025-03-15,Subbase application,Road,m2,617.7196630951537
2025-08-15,Walling,Building,m2,4063.2078804591765
2025-08-14,Foundation pouring,Building,m3,3347.9498176214915
2025-02-09,Iron mining,Railway,m3,451.04218738416023
2025-09-04,Foundation pouring,Building,m3,1147.2389383392217
2025-05-06,Coat preparation,Road,L,3936.2142158784723
2025-01-03,Cement making,Building,m3,4929.988610926692
2025-07-20,Ballast,Railway,m3,4313.893705474702
2025-11-18,Rolling/Tractor,Road,m2,3227.42105689857
2025-04-16,Removing trees,Building,m2,1867.4121325625476
2025-05-11,Iron mining,Railway,m3,475.42731857244115
2025-04-23,Removing trees,Building,m2,1052.8776149348762
2025-05-11,Removing trees,Building,m2,555.861500592304
2025-07-24,Anchorage,Railway,m2,1761.6242308343694
2025-01-11,Iron mining,Railway,m3,891.7838875843031
2025-06-16,Iron mining,Railway,m3,3076.026752581414
2025-12-18,Laying steel rail,Railway,m,3554.627716281429
2025-02-18,Subbase application,Road,m2,3245.9542463899884
2025-04-14,Subbase application,Road,m2,4760.642826390412
2025-03-27,Removing trees,Building,m2,3966.562302747116
2025-04-25,Rolling/Tractor,Road,m2,2136.5354904240835
2025-04-30,Anchorage,Railway,m2,1684.2172580885929
2025-03-04,Terrain leveling,Building,m3,1963.146371389058
2025-07-18,Subbase application,Road,m2,1393.9498285367463
2025-07-03,Laying steel rail,Railway,m,1676.32665840249
2025-08-08,Subbase application,Road,m2,1313.6856156679116
2025-08-22,Foundation pouring,Building,m3,1552.7919883170205
2025-07-20,Removing trees,Building,m2,2569.191645665159
2025-06-10,Foundation pouring,Building,m3,244.46137680080471
2025-09-19,Laying steel rail,Railway,m,1037.6879740609652
2025-07-31,Subbase application,Road,m2,578.2671954609292
2025-03-26,Foundation pouring,Building,m3,1262.7574376410528
2025-11-24,Removing trees,Building,m2,2412.206074698111
2025-10-12,Iron mining,Railway,m3,1650.7669813822822
2025-05-11,Pavement,Road,m2,856.8996383846461
2025-07-05,Foundation pouring,Building,m3,3318.594300642376
2025-02-20,Iron mining,Railway,m3,4531.432337176452
2025-01-25,Foundation pouring,Building,m3,1110.0095933945554
2025-02-15,Subbase application,Road,m2,840.9047087890037
2025-10-25,Rolling/Tractor,Road,m2,1606.4463118414678
2025-04-11,Rolling/Tractor,Road,m2,3331.013005342567
2025-10-03,Iron mining,Railway,m3,896.83324196283
2025-07-05,Walling,Building,m2,4703.96316047043
2025-08-22,Coat preparation,Road,L,1457.253428272466
2025-10-23,Rolling/Tractor,Road,m2,3953.931457919131
2025-03-20,Ballast,Railway,m3,1537.9222441779605
2025-05-07,Foundation pouring,Building,m3,604.7636151072039
2025-10-10,Ballast,Railway,m3,3822.6872878753825
2025-04-24,Pavement,Road,m2,185.19533136083567
2025-06-18,Rolling/Tractor,Road,m2,3972.1724823086543
2025-12-17,Rolling/Tractor,Road,m2,4756.996068003411
2025-08-28,Removing trees,Building,m2,689.9219194607048
2025-12-22,Walling,Building,m2,3590.3727989569943
2025-01-11,Terrain leveling,Building,m3,662.4199281323151
2025-01-15,Terrain leveling,Building,m3,2451.883542042416
2025-03-20,Iron mining,Railway,m3,666.525705643638
2025-01-19,Walling,Building,m2,4598.046027344638
2025-04-30,Ballast,Railway,m3,1156.387660535278
2025-04-16,Laying steel rail,Railway,m,1539.691610577334
2025-04-23,Iron mining,Railway,m3,2127.9000135189735
2025-11-08,Subbase application,Road,m2,2216.7036043554717
2025-02-07,Pavement,Road,m2,1200.7045884621066
2025-02-24,Laying steel rail,Railway,m,3080.7566365833577
2025-11-02,Cement making,Building,m3,1890.9788924220366
2025-03-03,Rolling/Tractor,Road,m2,77.56867943024326
2025-06-02,Removing trees,Building,m2,2505.0104530309395
2025-06-07,Laying steel rail,Railway,m,2924.4242991971846
2025-02-11,Laying steel rail,Railway,m,4042.944552158647
2025-10-24,Foundation pouring,Building,m3,4839.588013902052
2025-01-20,Foundation pouring,Building,m3,1840.0764972476002
2025-02-16,Anchorage,Railway,m2,1865.8934290159668
2025-01-18,Laying steel rail,Railway,m,1312.4993161462223
2025-09-05,Pavement,Road,m2,3681.282844788171
2025-12-16,Cement making,Building,m3,3334.5352869202343
2025-11-01,Pavement,Road,m2,766.3094211823035
2025-04-02,Ballast,Railway,m3,223.77823841219723
2025-02-05,Iron mining,Railway,m3,636.3886260878015
2025-10-25,Anchorage,Railway,m2,1609.2286282611724
2025-01-10,Rolling/Tractor,Road,m2,600.5548849930326
2025-12-07,Ballast,Railway,m3,1219.2715625966011
2025-02-14,Laying steel rail,Railway,m,1906.1879965129963
2025-05-28,Rolling/Tractor,Road,m2,756.3422037061368
2025-11-22,Ballast,Railway,m3,820.0369835909038
2025-12-27,Removing trees,Building,m2,978.1672881408282
2025-07-28,Pavement,Road,m2,3001.1675714134626
2025-10-30,Laying steel rail,Railway,m,132.41597797179594
2025-11-20,Iron mining,Railway,m3,2684.3692545844765
2025-05-21,Terrain leveling,Building,m3,1290.313619616395
2025-08-18,Anchorage,Railway,m2,628.1054869801417
2025-06-02,Walling,Building,m2,2489.978036051727
2025-12-17,Removing trees,Building,m2,2326.202205098534
2025-06-21,Terrain leveling,Building,m3,2073.537817562856
2025-07-21,Foundation pouring,Building,m3,4645.923856191253
2025-01-06,Foundation pouring,Building,m3,3121.965898745153
2025-03-30,Subbase application,Road,m2,1267.554059414714
2025-06-17,Removing trees,Building,m2,443.34991538435673
2025-07-17,Cement making,Building,m3,164.61589520045504
2025-06-27,Rolling/Tractor,Road,m2,436.2642807023276
2025-05-16,Walling,Building,m2,4903.847691343682
2025-09-02,Coat preparation,Road,L,3159.09708203306
2025-11-14,Foundation pouring,Building,m3,1956.2856182850746
2025-12-06,Removing trees,Building,m2,3714.5998482100736
2025-10-06,Walling,Building,m2,2113.4594798006124
2025-10-30,Cement making,Building,m3,1279.4236508958923
2025-05-08,Subbase application,Road,m2,2785.8118990446255
2025-01-02,Iron mining,Railway,m3,2740.700069175198
2025-01-24,Laying steel rail,Railway,m,1635.9383333388844
2025-12-11,Pavement,Road,m2,3462.43098984192
2025-09-30,Pavement,Road,m2,4050.8781900324766
2025-08-12,Walling,Building,m2,1507.0354127664898
2025-06-03,Cement making,Building,m3,3191.154339813238
2025-12-16,Walling,Building,m2,3042.220977321833
2025-02-25,Rolling/Tractor,Road,m2,1247.0843731443492
2025-12-27,Laying steel rail,Railway,m,4327.62955054006
2025-11-09,Foundation pouring,Building,m3,3484.4877519979477
2025-06-06,Foundation pouring,Building,m3,3803.545161104947
2025-03-12,Terrain leveling,Building,m3,3243.583368788522
2025-10-20,Foundation pouring,Building,m3,2396.3359172146747
2025-08-16,Subbase application,Road,m2,4259.771883499494
2025-03-19,Walling,Building,m2,260.07124289023744
2025-12-24,Walling,Building,m2,3168.161741583595
2025-11-23,Ballast,Railway,m3,2135.641901653082
2025-07-02,Foundation pouring,Building,m3,1422.053118799577
2025-02-18,Rolling/Tractor,Road,m2,219.3178635200721
2025-11-24,Terrain leveling,Building,m3,4857.9123922097315
2025-09-06,Subbase application,Road,m2,3580.4783783789912
2025-04-10,Cement making,Building,m3,956.334416771365
2025-02-28,Laying steel rail,Railway,m,488.59567369594623
2025-08-24,Iron mining,Railway,m3,2332.6195038759174
2025-01-30,Rolling/Tractor,Road,m2,2534.6735399379277
2025-11-20,Pavement,Road,m2,3916.319522570928
2025-08-30,Walling,Building,m2,741.3357831007116
2025-12-16,Foundation pouring,Building,m3,592.7079814653586
2025-05-06,Laying steel rail,Railway,m,4324.606779429797
2025-08-16,Walling,Building,m2,4148.776131614335
2025-10-05,Cement making,Building,m3,821.9710600161678
2025-11-10,Subbase application,Road,m2,4232.080224111487
2025-11-18,Removing trees,Building,m2,4655.279971765532
2025-03-31,Coat preparation,Road,L,3654.490377135253
2025-10-10,Removing trees,Building,m2,3120.078316706346
2025-10-13,Subbase application,Road,m2,888.3963476193279
2025-07-14,Coat preparation,Road,L,4348.440044419327
2025-06-17,Iron mining,Railway,m3,1565.881883271104
2025-02-28,Ballast,Railway,m3,4090.777571534247
2025-12-08,Iron mining,Railway,m3,4429.322429138818
2025-07-01,Laying steel rail,Railway,m,4610.547559331355
2025-01-31,Subbase application,Road,m2,3644.205151565857
2025-03-20,Removing trees,Building,m2,2538.421605248555
2025-01-28,Walling,Building,m2,2993.007467349432
2025-06-14,Removing trees,Building,m2,2940.304334691305
2025-12-06,Removing trees,Building,m2,4965.861795845704
2025-04-02,Cement making,Building,m3,1914.4014826279376
2025-04-15,Walling,Building,m2,4564.516507743563
2025-12-14,Pavement,Road,m2,1841.112676334692
2025-03-20,Walling,Building,m2,4077.6999119621564
2025-08-07,Terrain leveling,Building,m3,4607.43019231563
2025-10-12,Walling,Building,m2,2677.1818782910163
2025-08-14,Removing trees,Building,m2,3153.256699747222
2025-01-24,Ballast,Railway,m3,2355.279429731236
2025-05-10,Terrain leveling,Building,m3,3025.957274511458
2025-05-23,Walling,Building,m2,2078.8066899887313
2025-12-11,Coat preparation,Road,L,63.757753047827826
2025-03-11,Anchorage,Railway,m2,2595.932813306821
2025-04-04,Cement making,Building,m3,187.4044351027504
2025-05-04,Walling,Building,m2,3797.3826354478597
2025-02-13,Rolling/Tractor,Road,m2,1688.770710057404
2025-10-25,Iron mining,Railway,m3,1020.0529765244071
2025-07-22,Terrain leveling,Building,m3,1537.7030618844024
2025-02-22,Removing trees,Building,m2,979.4591730825525
2025-05-06,Laying steel rail,Railway,m,1554.0528359195964
2025-11-17,Laying steel rail,Railway,m,1839.3908871365677
2025-04-15,Terrain leveling,Building,m3,4827.1536758063185
2025-08-08,Coat preparation,Road,L,1156.5325043497337
2025-09-10,Coat preparation,Road,L,1323.450396594667
2025-02-27,Removing trees,Building,m2,3380.2477736236174
2025-07-28,Cement making,Building,m3,1064.9135501064727
2025-08-20,Pavement,Road,m2,2220.7917849009286
2025-08-08,Coat preparation,Road,L,4743.510783943729
2025-02-15,Walling,Building,m2,4422.297916652698
2025-04-06,Iron mining,Railway,m3,1864.462741575893
2025-05-05,Removing trees,Building,m2,3361.293654041938
2025-07-14,Foundation pouring,Building,m3,3984.2448754651073
2025-08-03,Anchorage,Railway,m2,3930.379268897665
2025-03-24,Iron mining,Railway,m3,1876.182198124008
2025-10-15,Ballast,Railway,m3,3525.1082690158614
2025-06-01,Cement making,Building,m3,1361.7262543055792
2025-08-12,Terrain leveling,Building,m3,1716.9419429252237
2025-04-24,Foundation pouring,Building,m3,4480.721594917801
2025-03-03,Coat preparation,Road,L,3625.2089942637167
2025-09-24,Walling,Building,m2,3827.628231527388
2025-01-03,Ballast,Railway,m3,1776.9446158631008
2025-11-20,Removing trees,Building,m2,4488.120332193069
2025-06-09,Subbase application,Road,m2,4717.852545103886
2025-04-17,Cement making,Building,m3,603.9653701918024
2025-06-26,Walling,Building,m2,4084.8412624940793
2025-07-23,Rolling/Tractor,Road,m2,3252.6858144025805
2025-03-29,Cement making,Building,m3,2716.92469232794
2025-09-17,Cement making,Building,m3,928.2165550873373
2025-12-02,Coat preparation,Road,L,4534.902663056651
2025-06-15,Foundation pouring,Building,m3,4372.421570116698
2025-10-01,Rolling/Tractor,Road,m2,901.2027875833295
2025-12-19,Rolling/Tractor,Road,m2,4054.6764840468995
2025-04-02,Foundation pouring,Building,m3,1441.4673482625944
2025-02-06,Iron mining,Railway,m3,1994.3370942709844
2025-03-09,Iron mining,Railway,m3,4502.71133767832
2025-02-22,Iron mining,Railway,m3,2432.289350515325
2025-05-15,Terrain leveling,Building,m3,594.8197357297875
2025-09-06,Terrain leveling,Building,m3,3693.2606048926923
2025-02-05,Foundation pouring,Building,m3,2040.325481978929
2025-10-14,Ballast,Railway,m3,1347.3900094953917
2025-01-22,Foundation pouring,Building,m3,4291.243665745405
2025-12-26,Anchorage,Railway,m2,931.8134171945447
2025-12-27,Iron mining,Railway,m3,782.5037739242813
2025-02-18,Subbase application,Road,m2,4281.685012951957
2025-01-11,Subbase application,Road,m2,3022.4012343221652
2025-01-19,Walling,Building,m2,2242.996309364365
2025-09-21,Walling,Building,m2,3786.5051667903804
2025-06-12,Pavement,Road,m2,2791.4759098212917
2025-05-28,Anchorage,Railway,m2,1619.5393753595195
2025-01-05,Foundation pouring,Building,m3,2504.3756673467406
2025-11-23,Ballast,Railway,m3,3368.677029076852
2025-09-18,Ballast,Railway,m3,2863.53748019085
2025-06-03,Walling,Building,m2,4602.1266341055425
2025-05-15,Ballast,Railway,m3,994.1454168028907
2025-11-27,Foundation pouring,Building,m3,611.3713987207625
2025-10-13,Walling,Building,m2,1446.2279710636233
2025-10-21,Coat preparation,Road,L,3278.3760360039705
2025-02-05,Cement making,Building,m3,1334.3819399156093
2025-06-27,Walling,Building,m2,2606.778773567634
2025-11-26,Rolling/Tractor,Road,m2,2191.325283273044
2025-03-12,Foundation pouring,Building,m3,4786.708320236827
2025-11-05,Removing trees,Building,m2,2935.5975958304803
2025-05-19,Subbase application,Road,m2,3576.4410704801203
2025-07-06,Iron mining,Railway,m3,3372.74341036676
2025-01-11,Ballast,Railway,m3,752.5668594102974
2025-09-06,Cement making,Building,m3,1159.2354573970538
2025-07-04,Laying steel rail,Railway,m,2787.435252486475
2025-11-12,Anchorage,Railway,m2,3472.6994695824624
2025-10-16,Laying steel rail,Railway,m,564.090240737029
2025-05-13,Coat preparation,Road,L,2111.040223522663
2025-03-14,Iron mining,Railway,m3,1312.19311141887
2025-12-26,Coat preparation,Road,L,1044.066910391429
2025-11-13,Iron mining,Railway,m3,1443.0064442447842
2025-06-15,Foundation pouring,Building,m3,2768.2773115467953
2025-02-20,Terrain leveling,Building,m3,1148.6505628263567
2025-12-14,Pavement,Road,m2,169.56024361957478
2025-03-05,Walling,Building,m2,4503.708711532828
2025-01-29,Walling,Building,m2,3027.560881131168
2025-06-13,Pavement,Road,m2,4030.896717691462
2025-07-16,Subbase application,Road,m2,1144.0672206432112
2025-09-08,Anchorage,Railway,m2,2853.8303531801707
2025-03-02,Rolling/Tractor,Road,m2,3237.5920647456965
2025-10-03,Anchorage,Railway,m2,3417.7178985517567
2025-08-27,Coat preparation,Road,L,2905.8510716697506
2025-03-17,Ballast,Railway,m3,4493.730722778176
2025-09-23,Foundation pouring,Building,m3,3852.397180117316
2025-05-08,Coat preparation,Road,L,1647.4104774810887
2025-11-09,Iron mining,Railway,m3,4235.5158263063295
2025-01-10,Removing trees,Building,m2,4320.163095217128
2025-07-16,Cement making,Building,m3,3005.693443595775
2025-05-12,Ballast,Railway,m3,91.96118141578114
2025-09-22,Terrain leveling,Building,m3,4828.5385681744265
2025-12-24,Cement making,Building,m3,930.9907022352348
2025-03-09,Coat preparation,Road,L,3065.801831178686
2025-08-23,Iron mining,Railway,m3,3332.1712655587876
2025-07-01,Iron mining,Railway,m3,27.835564669226322
2025-02-12,Removing trees,Building,m2,163.1730196564335
2025-06-03,Walling,Building,m2,3583.0613249983967
2025-03-24,Coat preparation,Road,L,3907.526259135875
2025-01-14,Removing trees,Building,m2,4277.24761782675
2025-03-29,Removing trees,Building,m2,3375.343804393996
2025-01-26,Pavement,Road,m2,487.9930482467082
2025-06-12,Rolling/Tractor,Road,m2,2070.5918000767597
2025-07-05,Terrain leveling,Building,m3,3224.9885779710103
2025-02-21,Rolling/Tractor,Road,m2,4409.153540818918
2025-09-11,Pavement,Road,m2,4938.497061267446
2025-07-04,Subbase application,Road,m2,195.4395300598516
2025-11-24,Coat preparation,Road,L,2868.019417900458
2025-06-30,Rolling/Tractor,Road,m2,4930.154036153754
2025-08-16,Rolling/Tractor,Road,m2,4848.1572688153865
2025-11-02,Pavement,Road,m2,4053.0860711453743
2025-09-20,Iron mining,Railway,m3,1183.9722650662493
2025-06-13,Walling,Building,m2,3459.3483430973433
2025-08-21,Foundation pouring,Building,m3,2855.266519136718
2025-10-05,Terrain leveling,Building,m3,3074.154330772053
2025-12-02,Rolling/Tractor,Road,m2,3346.6623046155946
2025-09-13,Rolling/Tractor,Road,m2,3860.6371876438407
2025-01-27,Cement making,Building,m3,1313.4744688433025
2025-12-03,Rolling/Tractor,Road,m2,3969.9406027710916
2025-03-26,Foundation pouring,Building,m3,864.3920619436352
2025-02-22,Cement making,Building,m3,4347.24054423082
2025-09-11,Foundation pouring,Building,m3,2799.999332077554
2025-09-16,Terrain leveling,Building,m3,1677.802014448806
2025-08-23,Coat preparation,Road,L,2817.163308820136
2025-06-17,Laying steel rail,Railway,m,3211.7752026261714
2025-02-05,Laying steel rail,Railway,m,3646.1336868884623
2025-02-06,Cement making,Building,m3,3535.2504224286768
2025-01-28,Removing trees,Building,m2,3799.579080196639
2025-10-04,Iron mining,Railway,m3,2470.023429133048
2025-11-21,Cement making,Building,m3,3097.313405509821
2025-08-12,Iron mining,Railway,m3,1869.3681681716805
2025-06-30,Pavement,Road,m2,3200.6296714917867
2025-02-14,Laying steel rail,Railway,m,437.5236334376159
2025-04-24,Coat preparation,Road,L,1906.3084769245859
2025-10-17,Coat preparation,Road,L,1814.1393017197427
2025-03-06,Coat preparation,Road,L,4069.722588321695
2025-12-08,Ballast,Railway,m3,3930.9730674410816
2025-05-08,Pavement,Road,m2,1453.1331370693745
2025-03-02,Subbase application,Road,m2,138.01085975483073
2025-11-12,Laying steel rail,Railway,m,2030.2289721441757
2025-05-04,Cement making,Building,m3,303.02780908638914
2025-09-27,Pavement,Road,m2,2869.060612303568
2025-12-12,Pavement,Road,m2,2177.482360080035
2025-01-09,Subbase application,Road,m2,507.4846571368613
2025-04-14,Ballast,Railway,m3,3879.4391977701266
2025-08-11,Rolling/Tractor,Road,m2,119.67035426218908
2025-09-23,Coat preparation,Road,L,2629.7419210884655
2025-04-14,Pavement,Road,m2,2937.5960203075097
2025-11-01,Iron mining,Railway,m3,571.5693242075643
2025-09-23,Rolling/Tractor,Road,m2,1573.13993492046
2025-11-24,Subbase application,Road,m2,1958.3490676184845
2025-09-04,Rolling/Tractor,Road,m2,616.5670659552025
2025-11-03,Terrain leveling,Building,m3,3485.1754741520344
2025-09-27,Pavement,Road,m2,1245.0366924386126
2025-04-28,Coat preparation,Road,L,3510.687450749559
2025-01-03,Pavement,Road,m2,1436.1766160311495
2025-07-14,Pavement,Road,m2,1237.9595578260787
2025-10-17,Walling,Building,m2,3669.651242495999
2025-07-07,Foundation pouring,Building,m3,2134.387533018152
2025-01-31,Ballast,Railway,m3,4933.698796634233
2025-11-24,Walling,Building,m2,4433.726463471361
2025-06-01,Rolling/Tractor,Road,m2,200.45563310698677
2025-09-22,Foundation pouring,Building,m3,3112.149101675411
2025-07-11,Subbase application,Road,m2,2856.9754727613904
2025-03-24,Anchorage,Railway,m2,4320.0996317110785
2025-05-03,Cement making,Building,m3,4488.554729675636
2025-09-27,Subbase application,Road,m2,610.3658401550239
2025-09-23,Ballast,Railway,m3,1814.5114926737433
2025-12-29,Foundation pouring,Building,m3,1079.5908129960442
2025-07-02,Laying steel rail,Railway,m,928.0438568426391
2025-07-11,Anchorage,Railway,m2,2556.682373904061
2025-10-25,Subbase application,Road,m2,542.1777752425588
2025-06-24,Cement making,Building,m3,2470.426087720266
2025-03-19,Anchorage,Railway,m2,1990.9692739852535
2025-11-22,Anchorage,Railway,m2,3925.0925487105587
2025-03-11,Pavement,Road,m2,3873.7741534626766
2025-05-15,Pavement,Road,m2,1643.8783120926792
2025-09-30,Foundation pouring,Building,m3,3602.1301680644106
2025-01-23,Subbase application,Road,m2,2814.4116527849155
2025-04-13,Walling,Building,m2,3652.113044152118
2025-07-04,Subbase application,Road,m2,918.9601665490721
2025-08-09,Subbase application,Road,m2,2025.2495154379797
2025-05-04,Removing trees,Building,m2,3456.9321596868717
2025-01-30,Removing trees,Building,m2,3560.454031065464
2025-04-06,Laying steel rail,Railway,m,1093.1817200866722
2025-09-11,Coat preparation,Road,L,1147.0802675773045
2025-07-18,Rolling/Tractor,Road,m2,2388.8019007010002
2025-09-18,Iron mining,Railway,m3,191.0303703359689
2025-01-25,Anchorage,Railway,m2,3509.680228053646
2025-09-16,Rolling/Tractor,Road,m2,554.8011407020048
2025-05-24,Foundation pouring,Building,m3,3452.135910214006
2025-06-03,Cement making,Building,m3,1598.0729507387969
2025-10-05,Ballast,Railway,m3,4586.37888643597
2025-11-10,Foundation pouring,Building,m3,2404.5972320282517
2025-10-31,Rolling/Tractor,Road,m2,4081.1035017036284
2025-11-01,Ballast,Railway,m3,2107.1531315610846
2025-09-15,Removing trees,Building,m2,4841.934934792161
2025-02-04,Coat preparation,Road,L,3775.6078910741026
2025-08-26,Subbase application,Road,m2,4450.2062690084695
2025-07-02,Subbase application,Road,m2,3270.8271774092577
2025-02-12,Laying steel rail,Railway,m,1626.0874135360498
2025-10-16,Terrain leveling,Building,m3,993.4654918858394
2025-07-31,Pavement,Road,m2,2532.6907258944393
2025-02-04,Anchorage,Railway,m2,572.4816958581247
2025-12-16,Foundation pouring,Building,m3,1778.6178192876062
2025-10-28,Rolling/Tractor,Road,m2,3291.4352639623185
2025-01-04,Ballast,Railway,m3,1930.5141930209118
2025-08-30,Removing trees,Building,m2,3785.9412786485814
2025-09-08,Ballast,Railway,m3,2301.4879471184286
2025-08-17,Terrain leveling,Building,m3,154.70768280325896
2025-10-24,Cement making,Building,m3,494.51191483043556
2025-11-07,Removing trees,Building,m2,797.8149438330851
2025-03-14,Pavement,Road,m2,3832.8198508282053
2025-09-28,Laying steel rail,Railway,m,4764.682229201241
2025-01-22,Iron mining,Railway,m3,1254.3865853095176
2025-09-08,Walling,Building,m2,192.7228770311551
2025-01-13,Walling,Building,m2,3259.2363701565073
2025-03-06,Rolling/Tractor,Road,m2,125.12234823983559
2025-02-22,Removing trees,Building,m2,3022.8703274179456
2025-03-11,Foundation pouring,Building,m3,1988.4559475238746
2025-04-17,Anchorage,Railway,m2,3194.680212526672
2025-05-17,Rolling/Tractor,Road,m2,4710.847680789765
2025-09-29,Walling,Building,m2,1226.8850635866706
2025-08-18,Foundation pouring,Building,m3,3588.7881091112035
2025-09-16,Foundation pouring,Building,m3,2289.182587115832
2025-09-06,Rolling/Tractor,Road,m2,832.1722034765199
2025-02-08,Iron mining,Railway,m3,50.754082847263014
2025-10-24,Laying steel rail,Railway,m,4296.073793020871
2025-05-13,Rolling/Tractor,Road,m2,1410.1534318234771
2025-06-06,Anchorage,Railway,m2,1354.5823120754092
2025-05-11,Subbase application,Road,m2,4852.492473647084
2025-04-21,Cement making,Building,m3,1593.9262857790725
2025-11-02,Foundation pouring,Building,m3,1661.6158391864756
2025-10-16,Pavement,Road,m2,3953.1912741768383
2025-05-26,Terrain leveling,Building,m3,4033.9343262984116
2025-12-18,Removing trees,Building,m2,872.1887843253951
2025-02-27,Foundation pouring,Building,m3,973.4119948211622
2025-11-24,Coat preparation,Road,L,1715.2931937686478
2025-03-27,Rolling/Tractor,Road,m2,2108.9268042617173
2025-10-17,Pavement,Road,m2,2322.072118370861
2025-07-08,Laying steel rail,Railway,m,1602.754274587509
2025-05-27,Pavement,Road,m2,4631.879315777062
2025-01-02,Cement making,Building,m3,621.0504637517195
2025-03-20,Subbase application,Road,m2,4378.748880592925
2025-11-17,Walling,Building,m2,1344.6027738993698
2025-02-28,Removing trees,Building,m2,3340.270066430672
2025-11-07,Laying steel rail,Railway,m,813.3019552308463
2025-08-31,Subbase application,Road,m2,2331.855011119175
2025-07-30,Anchorage,Railway,m2,1545.1974852354822
2025-05-09,Laying steel rail,Railway,m,4395.052311144855
2025-06-02,Laying steel rail,Railway,m,1546.9000642646197
2025-07-08,Pavement,Road,m2,3561.2685902956077
2025-07-17,Pavement,Road,m2,154.6761382273204
2025-07-28,Anchorage,Railway,m2,353.30319726835813
2025-02-12,Ballast,Railway,m3,2904.8531152825317
2025-09-23,Pavement,Road,m2,2286.1935235489454
2025-05-08,Walling,Building,m2,3040.062378822986
2025-03-20,Terrain leveling,Building,m3,3062.6192781823793
2025-07-13,Walling,Building,m2,198.15425045223267
2025-01-12,Foundation pouring,Building,m3,1739.9967215876788
2025-02-13,Iron mining,Railway,m3,1609.0067844285454
2025-07-18,Ballast,Railway,m3,4736.759987487608
2025-12-21,Removing trees,Building,m2,4718.445121175668
2025-08-03,Foundation pouring,Building,m3,301.40416812996506
2025-05-09,Rolling/Tractor,Road,m2,4467.518601654712
2025-08-07,Coat preparation,Road,L,3693.7516888686378
2025-11-08,Iron mining,Railway,m3,1550.7155422337871
2025-06-18,Rolling/Tractor,Road,m2,324.5829830625469
2025-01-30,Ballast,Railway,m3,351.5245237152742
2025-01-14,Anchorage,Railway,m2,15.090068280126934
2025-10-10,Cement making,Building,m3,1073.0849447080404
2025-04-22,Laying steel rail,Railway,m,4216.2929820661875
2025-02-19,Coat preparation,Road,L,3932.4445145864483
2025-09-22,Walling,Building,m2,862.2156941641307
2025-02-22,Foundation pouring,Building,m3,4427.937074684383
2025-12-19,Removing trees,Building,m2,1707.7119576006162
2025-02-18,Subbase application,Road,m2,301.07469604662816
2025-11-29,Walling,Building,m2,757.72722653481
2025-12-09,Rolling/Tractor,Road,m2,4249.653586997622
2025-11-09,Coat preparation,Road,L,261.69855424572285
2025-08-24,Anchorage,Railway,m2,2981.920868736983
2025-03-15,Terrain leveling,Building,m3,3803.8363992519153
2025-07-28,Laying steel rail,Railway,m,278.9236195741429
2025-11-29,Walling,Building,m2,2143.1726181043678
2025-03-03,Terrain leveling,Building,m3,4221.725292788019
2025-09-20,Cement making,Building,m3,2569.3571905436183
2025-11-03,Iron mining,Railway,m3,182.07863849623973
2025-04-27,Pavement,Road,m2,1860.9561755773784
2025-11-16,Coat preparation,Road,L,31.282401007403095
2025-03-22,Rolling/Tractor,Road,m2,2229.061291547237
2025-02-08,Cement making,Building,m3,3926.130537466508
2025-12-20,Rolling/Tractor,Road,m2,1463.8333606829856
2025-10-17,Walling,Building,m2,1038.7416877717149
2025-09-10,Pavement,Road,m2,3485.5201010808846
2025-01-02,Cement making,Building,m3,436.16647214123174
2025-11-08,Cement making,Building,m3,3541.7501173570245
2025-08-28,Rolling/Tractor,Road,m2,3635.4443843190543
2025-09-08,Foundation pouring,Building,m3,3843.5935933188125
2025-08-22,Laying steel rail,Railway,m,2981.48209578613
2025-05-30,Removing trees,Building,m2,2744.989941772085
2025-12-18,Laying steel rail,Railway,m,4161.94587197145
2025-02-16,Pavement,Road,m2,3941.515468780117
2025-01-01,Rolling/Tractor,Road,m2,4800.309777421707
2025-01-02,Terrain leveling,Building,m3,1189.8250097412465
2025-10-20,Removing trees,Building,m2,1992.2243898575364
2025-12-04,Ballast,Railway,m3,3870.061859042981
2025-01-23,Pavement,Road,m2,3880.2252424752005
2025-07-01,Foundation pouring,Building,m3,1268.556406509535
2025-07-10,Foundation pouring,Building,m3,328.1800113568573
2025-06-11,Walling,Building,m2,3732.580268579483
2025-09-08,Cement making,Building,m3,562.2933888256243
2025-10-29,Foundation pouring,Building,m3,1125.0225426606119
2025-02-04,Laying steel rail,Railway,m,1314.3778236030419
2025-12-25,Terrain leveling,Building,m3,3113.6972226331604
2025-05-02,Terrain leveling,Building,m3,3731.7401588899584
2025-05-28,Removing trees,Building,m2,3393.565836059394
2025-09-27,Subbase application,Road,m2,4724.592825015427
2025-07-09,Terrain leveling,Building,m3,633.3063702852237
2025-08-06,Coat preparation,Road,L,796.4136321565641
2025-12-01,Anchorage,Railway,m2,1730.1149455377351
2025-09-09,Laying steel rail,Railway,m,1957.0641789260324
2025-09-10,Terrain leveling,Building,m3,2364.984949941945
2025-04-04,Anchorage,Railway,m2,3436.5243893613797
2025-01-23,Pavement,Road,m2,2188.4523795623604
2025-02-15,Pavement,Road,m2,4404.467075738745
2025-02-20,Anchorage,Railway,m2,1594.2687383351379
2025-08-27,Rolling/Tractor,Road,m2,235.13201877095102
2025-04-22,Foundation pouring,Building,m3,2612.9015053953804
2025-12-23,Anchorage,Railway,m2,2437.465734025318
2025-01-13,Terrain leveling,Building,m3,2182.2602488150605
2025-06-26,Anchorage,Railway,m2,3768.5704182085665
2025-10-05,Ballast,Railway,m3,2930.5808396112016
2025-02-01,Walling,Building,m2,3257.3077504949088
2025-08-21,Walling,Building,m2,3683.830786075899
2025-07-28,Removing trees,Building,m2,3549.481528709739
2025-10-06,Ballast,Railway,m3,2532.038722903017
2025-01-03,Cement making,Building,m3,2733.2752262056097
2025-06-04,Coat preparation,Road,L,3347.216221440323
2025-12-12,Coat preparation,Road,L,2372.354795480455
2025-07-26,Removing trees,Building,m2,2828.493675054749
2025-04-03,Rolling/Tractor,Road,m2,3044.909036719358
2025-02-18,Removing trees,Building,m2,3193.097609831191
2025-07-20,Iron mining,Railway,m3,2112.4434443017844
2025-02-22,Foundation pouring,Building,m3,3567.0715952928663
2025-12-05,Cement making,Building,m3,4496.771586815482
2025-12-23,Foundation pouring,Building,m3,4536.293650500493
2025-10-23,Ballast,Railway,m3,873.6582724324127
2025-10-05,Walling,Building,m2,572.3441859734202
2025-07-01,Ballast,Railway,m3,1265.119113052458
2025-10-27,Coat preparation,Road,L,2571.9842703853956
2025-02-24,Ballast,Railway,m3,1569.5144280761326
2025-07-25,Anchorage,Railway,m2,263.1359178886922
2025-03-21,Foundation pouring,Building,m3,2071.202988304749
2025-11-23,Anchorage,Railway,m2,0.9206156318691816
2025-07-07,Walling,Building,m2,2553.43419119659
2025-11-20,Laying steel rail,Railway,m,2567.9845897898513
2025-12-26,Subbase application,Road,m2,2855.02134474383
2025-05-06,Removing trees,Building,m2,1114.368915837221
2025-06-11,Cement making,Building,m3,3790.682886894637
2025-09-28,Laying steel rail,Railway,m,3730.7990559254763
2025-06-08,Cement making,Building,m3,4446.196398980891
2025-06-19,Walling,Building,m2,1299.5711474097955
2025-08-26,Subbase application,Road,m2,2283.9467130680546
2025-02-26,Anchorage,Railway,m2,3960.1775670930965
2025-10-24,Terrain leveling,Building,m3,3995.25079059306
2025-02-12,Ballast,Railway,m3,1560.29891927641
2025-11-10,Ballast,Railway,m3,3028.031447668604
2025-09-29,Coat preparation,Road,L,1931.5092646677483
2025-11-25,Walling,Building,m2,4538.910922519681
2025-05-24,Rolling/Tractor,Road,m2,3374.6110271216103
2025-09-02,Pavement,Road,m2,1676.3937829326924
2025-03-23,Rolling/Tractor,Road,m2,3800.3996508638543
2025-01-08,Removing trees,Building,m2,2527.164946922884
2025-02-22,Removing trees,Building,m2,1033.2190429269428
2025-04-20,Rolling/Tractor,Road,m2,2353.1871570211842
2025-11-19,Cement making,Building,m3,3629.121046757603
2025-08-09,Ballast,Railway,m3,3437.65504913222
2025-06-20,Coat preparation,Road,L,1516.9005728475804
2025-08-14,Removing trees,Building,m2,3639.237718110508
2025-09-09,Foundation pouring,Building,m3,4964.706490542381
2025-01-14,Anchorage,Railway,m2,744.5867041319282
2025-10-19,Anchorage,Railway,m2,980.1907335324456
2025-05-18,Removing trees,Building,m2,2698.835373442442
2025-08-22,Laying steel rail,Railway,m,4737.9667365589
2025-01-14,Coat preparation,Road,L,3494.6855797312696
2025-08-29,Ballast,Railway,m3,2011.12203582261
2025-06-16,Laying steel rail,Railway,m,1796.4582073815932
2025-09-21,Walling,Building,m2,677.1270607749569
2025-12-07,Ballast,Railway,m3,2571.839298139864
2025-06-11,Laying steel rail,Railway,m,2033.0698842465877
2025-01-05,Laying steel rail,Railway,m,3078.5181074820484
2025-09-26,Laying steel rail,Railway,m,2047.941241635119
2025-12-07,Anchorage,Railway,m2,404.90779120555044
2025-04-09,Coat preparation,Road,L,504.8013358405423
2025-09-10,Removing trees,Building,m2,1464.9498261574472
2025-09-18,Iron mining,Railway,m3,744.0571070508851
2025-12-16,Subbase application,Road,m2,3389.7914185365667
2025-12-09,Foundation pouring,Building,m3,958.6140677022343
2025-08-04,Removing trees,Building,m2,1808.9343804013608
2025-11-03,Laying steel rail,Railway,m,557.0704664034976
2025-01-27,Foundation pouring,Building,m3,657.1953119500446
2025-09-14,Rolling/Tractor,Road,m2,3393.9913498919223
2025-04-24,Subbase application,Road,m2,140.28075346294966
2025-11-22,Iron mining,Railway,m3,1855.1191588362021
2025-02-28,Rolling/Tractor,Road,m2,2021.6311009081555
2025-07-02,Laying steel rail,Railway,m,3115.485793211173
2025-06-22,Iron mining,Railway,m3,4808.962127484039
2025-06-18,Pavement,Road,m2,1892.0312794255067
2025-07-15,Laying steel rail,Railway,m,1995.0480464151765
2025-12-15,Anchorage,Railway,m2,3768.5881591776774
2025-03-28,Laying steel rail,Railway,m,1690.0320027239652
2025-04-04,Terrain leveling,Building,m3,2555.959290657382
2025-04-02,Laying steel rail,Railway,m,640.087645485678
2025-04-26,Laying steel rail,Railway,m,86.12178693979288
2025-07-25,Laying steel rail,Railway,m,3299.6199242321118
2025-12-25,Rolling/Tractor,Road,m2,2547.0912769491983
2025-03-21,Iron mining,Railway,m3,773.307251122261
2025-12-03,Walling,Building,m2,4710.245941320558
2025-11-16,Laying steel rail,Railway,m,4703.93597544134
2025-04-04,Subbase application,Road,m2,4748.448297017334
2025-12-10,Walling,Building,m2,4607.819705301585
2025-12-04,Cement making,Building,m3,3401.4371204396325
2025-03-22,Laying steel rail,Railway,m,4479.186683289235
2025-01-09,Coat preparation,Road,L,1921.9388491195928
2025-05-13,Iron mining,Railway,m3,1347.6469577248617
2025-01-21,Removing trees,Building,m2,3985.8612051116233
2025-06-05,Iron mining,Railway,m3,1700.0334634817548
2025-02-17,Pavement,Road,m2,4823.756381262787
2025-04-25,Pavement,Road,m2,512.6891957816948
2025-05-13,Terrain leveling,Building,m3,1526.33169043366
2025-09-23,Anchorage,Railway,m2,4997.700543297396
2025-05-31,Ballast,Railway,m3,1388.8698270687921
2025-06-24,Rolling/Tractor,Road,m2,3883.5593181944223
2025-01-27,Cement making,Building,m3,429.59529561619746
2025-12-20,Coat preparation,Road,L,2136.0670522494356
2025-10-12,Removing trees,Building,m2,3783.770253631159
2025-01-14,Foundation pouring,Building,m3,1909.6383866468202
2025-05-28,Pavement,Road,m2,3523.969849641066
2025-02-04,Anchorage,Railway,m2,3305.051931032044
2025-08-07,Pavement,Road,m2,1869.8021486245548
2025-12-01,Rolling/Tractor,Road,m2,3221.553999032395
2025-09-06,Removing trees,Building,m2,3556.402029927565
2025-08-17,Subbase application,Road,m2,3425.3302367336846
2025-08-02,Ballast,Railway,m3,1956.3211052966694
2025-07-19,Terrain leveling,Building,m3,3530.890684868537
2025-07-23,Rolling/Tractor,Road,m2,4066.799536701446
2025-11-26,Rolling/Tractor,Road,m2,3196.8929493444844
2025-03-25,Rolling/Tractor,Road,m2,3653.584336561272
2025-12-03,Anchorage,Railway,m2,2685.2889388169033
2025-07-16,Foundation pouring,Building,m3,4200.031440302486
2025-03-19,Foundation pouring,Building,m3,406.1909105014033
2025-08-06,Coat preparation,Road,L,159.69261441409031
2025-05-31,Foundation pouring,Building,m3,976.1921342771318
2025-08-08,Rolling/Tractor,Road,m2,712.2816677282373
2025-06-27,Laying steel rail,Railway,m,2132.5798231429444
2025-02-27,Laying steel rail,Railway,m,3434.0698604314475
2025-12-21,Terrain leveling,Building,m3,2969.35330379132
2025-11-09,Anchorage,Railway,m2,218.47644771390785
2025-03-07,Pavement,Road,m2,4964.507831824412
2025-12-12,Cement making,Building,m3,421.87711570377263
2025-06-26,Cement making,Building,m3,4144.813656278474
2025-10-01,Laying steel rail,Railway,m,611.2977394271219
2025-08-19,Iron mining,Railway,m3,4149.36791098505
2025-04-04,Rolling/Tractor,Road,m2,4799.423362166125
2025-09-12,Pavement,Road,m2,2493.4182049163574
2025-06-28,Foundation pouring,Building,m3,2559.83340530205
2025-11-03,Iron mining,Railway,m3,3758.1587642636327
2025-06-21,Pavement,Road,m2,610.0497973815238
2025-08-28,Foundation pouring,Building,m3,3921.0319886004213
2025-10-25,Rolling/Tractor,Road,m2,67.20391036477037
2025-08-13,Terrain leveling,Building,m3,3447.0783614460065
2025-08-28,Pavement,Road,m2,4653.128320537868
2025-09-28,Removing trees,Building,m2,1859.4773894504658
2025-04-30,Coat preparation,Road,L,3231.5428504714914
2025-02-10,Rolling/Tractor,Road,m2,3242.899678210909
2025-10-18,Ballast,Railway,m3,3575.727678619532
2025-04-06,Laying steel rail,Railway,m,2874.808489708738
2025-12-14,Coat preparation,Road,L,1613.5011867042526
2025-04-13,Pavement,Road,m2,967.4535749023189
2025-05-19,Iron mining,Railway,m3,4297.16634425277
2025-04-09,Anchorage,Railway,m2,1298.894550814319
2025-04-24,Pavement,Road,m2,2965.980250275455
2025-03-24,Anchorage,Railway,m2,2448.772704882151
2025-07-13,Subbase application,Road,m2,2671.0849077225566
2025-06-07,Rolling/Tractor,Road,m2,1989.3845481240958
2025-10-18,Pavement,Road,m2,4528.090090751211
2025-05-14,Foundation pouring,Building,m3,2542.423045839871
2025-06-04,Rolling/Tractor,Road,m2,157.8342042451314
2025-01-26,Anchorage,Railway,m2,1245.9759307783968
2025-07-03,Cement making,Building,m3,2625.3673629187565
2025-04-14,Laying steel rail,Railway,m,206.28241552708593
2025-02-26,Iron mining,Railway,m3,1741.8901283772143
2025-12-20,Subbase application,Road,m2,1677.5123544982052
2025-02-11,Rolling/Tractor,Road,m2,952.0783582929421
2025-06-18,Foundation pouring,Building,m3,3435.494548404904
2025-10-21,Removing trees,Building,m2,384.6696517580456
2025-05-28,Subbase application,Road,m2,2424.7886202726527
2025-11-25,Iron mining,Railway,m3,3638.9685238438715
2025-06-30,Terrain leveling,Building,m3,4771.559197683496
2025-10-23,Anchorage,Railway,m2,3952.5371188824356
2025-07-27,Removing trees,Building,m2,1598.039067875489
2025-04-17,Terrain leveling,Building,m3,1031.1107508796197
2025-02-26,Ballast,Railway,m3,350.49376767573636
2025-02-21,Pavement,Road,m2,4802.953734658344
2025-02-02,Coat preparation,Road,L,3085.941332959219
2025-01-01,Walling,Building,m2,4015.545422210933
2025-06-18,Walling,Building,m2,49.72740134316589
2025-03-11,Foundation pouring,Building,m3,48.63627711117091
2025-05-17,Walling,Building,m2,34.56451235575753
2025-04-15,Coat preparation,Road,L,1747.1894917769216
2025-04-12,Coat preparation,Road,L,3231.866929591848
2025-09-05,Laying steel rail,Railway,m,1950.2583861420903
2025-05-29,Coat preparation,Road,L,2280.0477225910086
2025-04-19,Anchorage,Railway,m2,2724.036352616731
2025-12-05,Laying steel rail,Railway,m,3865.6987032380703
2025-01-06,Terrain leveling,Building,m3,2912.6355856611285
2025-04-13,Walling,Building,m2,4847.889951296556
2025-10-19,Laying steel rail,Railway,m,358.95415096896363
2025-05-21,Pavement,Road,m2,430.7684516839633
2025-12-28,Ballast,Railway,m3,3177.508153119039
2025-11-21,Iron mining,Railway,m3,4304.5906946778105
2025-03-18,Rolling/Tractor,Road,m2,1485.4287767448686
2025-10-23,Subbase application,Road,m2,4981.607803320455
2025-12-17,Iron mining,Railway,m3,1517.9402318194295
2025-06-20,Ballast,Railway,m3,4263.976920430656
2025-11-06,Removing trees,Building,m2,4618.3901212401515
2025-10-22,Anchorage,Railway,m2,2061.150439968856
2025-08-18,Removing trees,Building,m2,45.02539722580856
2025-01-28,Ballast,Railway,m3,710.9058835846699
2025-02-12,Cement making,Building,m3,4268.795091346943
2025-06-09,Anchorage,Railway,m2,1810.110864392454
2025-01-21,Cement making,Building,m3,3636.9996285576904
2025-12-22,Terrain leveling,Building,m3,2009.1356414412137
2025-01-15,Ballast,Railway,m3,3181.9334303806677
2025-12-02,Cement making,Building,m3,2620.07303666736
2025-06-23,Subbase application,Road,m2,2494.0257868465155
2025-08-31,Foundation pouring,Building,m3,2508.003974929963
2025-06-29,Anchorage,Railway,m2,1034.4594314185251
2025-04-21,Walling,Building,m2,2022.7630266479473
2025-09-01,Removing trees,Building,m2,2908.830526894673
2025-06-09,Anchorage,Railway,m2,2554.160917035886
2025-02-04,Rolling/Tractor,Road,m2,883.9418883609845
2025-06-21,Cement making,Building,m3,196.45598313508927
2025-09-07,Removing trees,Building,m2,1524.0360580467254
2025-11-20,Subbase application,Road,m2,1449.949783637633
2025-05-08,Foundation pouring,Building,m3,3517.265069693697
2025-10-11,Foundation pouring,Building,m3,3502.6969354512867
2025-11-27,Subbase application,Road,m2,2121.4449285901032
2025-03-13,Ballast,Railway,m3,3479.1340232340417
2025-07-31,Coat preparation,Road,L,4790.50035177301
2025-02-17,Iron mining,Railway,m3,842.4870871559958
2025-04-27,Laying steel rail,Railway,m,1356.6994099362673
2025-10-25,Ballast,Railway,m3,543.5178047638889
2025-06-11,Anchorage,Railway,m2,2092.909682528357
2025-07-29,Cement making,Building,m3,3340.8181298278896
2025-11-24,Ballast,Railway,m3,814.6509307132633
2025-06-11,Rolling/Tractor,Road,m2,3220.6110703586664
2025-10-19,Removing trees,Building,m2,3201.5290240490704
2025-08-09,Removing trees,Building,m2,2931.909933392119
2025-02-12,Removing trees,Building,m2,2316.4394320325637
2025-12-22,Iron mining,Railway,m3,162.84136514188862
2025-12-21,Rolling/Tractor,Road,m2,4020.3194961592735
2025-11-30,Anchorage,Railway,m2,2824.737702622293
2025-03-12,Rolling/Tractor,Road,m2,1558.6966639131688
2025-02-21,Terrain leveling,Building,m3,3712.913777996799
2025-04-05,Terrain leveling,Building,m3,1019.1644736543981
2025-12-14,Laying steel rail,Railway,m,2579.4062653693372
2025-01-24,Walling,Building,m2,1908.450797613559
2025-08-09,Removing trees,Building,m2,2407.776396816304
2025-09-25,Pavement,Road,m2,4603.028354063306
2025-09-10,Pavement,Road,m2,2619.6605012373616
2025-06-13,Ballast,Railway,m3,514.2250461520059
2025-10-14,Terrain leveling,Building,m3,3685.2446627891013
2025-04-21,Ballast,Railway,m3,1150.3806868894994
2025-12-07,Subbase application,Road,m2,2445.29437196409
2025-08-14,Laying steel rail,Railway,m,2824.485273699015
2025-04-08,Removing trees,Building,m2,2592.6962525061263
2025-11-28,Ballast,Railway,m3,4062.5332781973093
2025-01-30,Coat preparation,Road,L,3590.4479760586364
2025-01-06,Coat preparation,Road,L,4129.007837348006
2025-05-11,Iron mining,Railway,m3,4626.342249036299
2025-09-21,Walling,Building,m2,2861.8196512335485
2025-07-29,Coat preparation,Road,L,2499.7607321631367
2025-10-18,Walling,Building,m2,2856.9013189021525
2025-09-28,Foundation pouring,Building,m3,3002.4382487914945
2025-01-16,Walling,Building,m2,4166.592974625074
2025-05-12,Laying steel rail,Railway,m,4964.072790637526
2025-02-06,Removing trees,Building,m2,76.9291381281223
2025-12-13,Subbase application,Road,m2,2678.397518672116
2025-06-19,Coat preparation,Road,L,4254.800611257428
2025-04-09,Terrain leveling,Building,m3,2570.8439786342324
2025-06-17,Pavement,Road,m2,2951.4477941942673
2025-05-30,Cement making,Building,m3,302.11913957386207
2025-10-15,Anchorage,Railway,m2,4905.439105425392
2025-12-21,Iron mining,Railway,m3,2781.687243716667
2025-08-14,Subbase application,Road,m2,1794.6849182386366
2025-12-27,Iron mining,Railway,m3,971.949035982681
2025-09-24,Rolling/Tractor,Road,m2,2278.475816656937
2025-01-28,Subbase application,Road,m2,2750.39011026042
2025-07-11,Foundation pouring,Building,m3,879.248157926254
2025-06-29,Subbase application,Road,m2,4237.539274182706
2025-07-20,Rolling/Tractor,Road,m2,2758.8691243204685
2025-01-08,Walling,Building,m2,2839.5207917789085
2025-12-21,Foundation pouring,Building,m3,2221.670021665668
2025-12-22,Subbase application,Road,m2,3163.4759147123827
2025-02-18,Laying steel rail,Railway,m,4949.102165205105
2025-01-13,Anchorage,Railway,m2,3982.198349451946
2025-12-14,Foundation pouring,Building,m3,4258.455856414168
2025-12-06,Terrain leveling,Building,m3,1512.8943935645457
2025-01-26,Pavement,Road,m2,3347.1889705497556
2025-09-07,Foundation pouring,Building,m3,3567.8270458226043
2025-04-15,Terrain leveling,Building,m3,3598.5187497259744
2025-03-05,Iron mining,Railway,m3,187.40677074129408
2025-08-23,Iron mining,Railway,m3,1693.3974169908988
2025-09-07,Iron mining,Railway,m3,2406.5743019614206
2025-09-04,Anchorage,Railway,m2,2906.047989237928
2025-10-03,Removing trees,Building,m2,4982.511875948124
2025-07-21,Removing trees,Building,m2,2508.97482821037
2025-06-02,Subbase application,Road,m2,547.0992935878783
2025-11-13,Anchorage,Railway,m2,1429.769761374845
2025-09-20,Cement making,Building,m3,3484.2651318257545
2025-07-19,Subbase application,Road,m2,3983.949674938094
2025-02-06,Ballast,Railway,m3,2285.5120129375096
2025-11-17,Foundation pouring,Building,m3,1750.2282213306075
2025-02-22,Laying steel rail,Railway,m,4543.3337009298975
2025-12-26,Pavement,Road,m2,1098.6224318536686
2025-09-30,Iron mining,Railway,m3,610.7731700501084
2025-12-25,Coat preparation,Road,L,1966.122621337296
2025-01-11,Subbase application,Road,m2,4216.667249665949
2025-08-15,Rolling/Tractor,Road,m2,4684.648398189694
2025-01-31,Walling,Building,m2,3582.720794631803
2025-04-10,Walling,Building,m2,1783.9053132022532
2025-08-25,Subbase application,Road,m2,2364.860670946599
2025-08-16,Terrain leveling,Building,m3,46.65234324819523
2025-01-31,Cement making,Building,m3,4733.633254978199
2025-02-14,Rolling/Tractor,Road,m2,3811.7562510216217
2025-06-22,Iron mining,Railway,m3,4234.894015137874
2025-03-21,Pavement,Road,m2,774.1066491800169
2025-05-31,Foundation pouring,Building,m3,1522.7187547702792
2025-04-08,Laying steel rail,Railway,m,2789.716937524081
2025-03-28,Removing trees,Building,m2,1343.280047320311
2025-11-02,Removing trees,Building,m2,3475.7410584559752
2025-11-27,Foundation pouring,Building,m3,155.14620643452216
2025-05-06,Foundation pouring,Building,m3,512.176054027953
2025-10-06,Foundation pouring,Building,m3,803.7540022877209
2025-01-14,Subbase application,Road,m2,365.04272922114336
2025-03-23,Terrain leveling,Building,m3,1703.2081931988662
2025-03-19,Anchorage,Railway,m2,2817.068692442777
2025-01-22,Terrain leveling,Building,m3,1916.4939338105407
2025-11-11,Coat preparation,Road,L,3915.4449917749644
2025-03-19,Iron mining,Railway,m3,3436.93508559862
2025-07-03,Rolling/Tractor,Road,m2,2228.0604554986385
2025-06-12,Ballast,Railway,m3,3352.456026417688
2025-09-20,Subbase application,Road,m2,1187.5895995742376
2025-12-02,Rolling/Tractor,Road,m2,584.9544605383767
2025-01-30,Rolling/Tractor,Road,m2,641.6548878597922
2025-03-07,Laying steel rail,Railway,m,3626.7669513271408
2025-01-25,Anchorage,Railway,m2,4908.5886485578485
2025-01-13,Removing trees,Building,m2,2403.6166249747744
2025-04-29,Laying steel rail,Railway,m,850.5746329514647
2025-06-07,Pavement,Road,m2,1759.2119298986602
2025-07-28,Coat preparation,Road,L,3954.501844707254
2025-03-28,Removing trees,Building,m2,2433.385793391205
2025-04-02,Walling,Building,m2,3687.932020873748
2025-09-07,Ballast,Railway,m3,4067.7122876250087
2025-09-30,Rolling/Tractor,Road,m2,2552.2816865270997
2025-07-01,Subbase application,Road,m2,1166.218740321664
2025-08-15,Anchorage,Railway,m2,4163.619532886423
2025-08-07,Subbase application,Road,m2,1932.2859321290998
2025-01-04,Ballast,Railway,m3,276.2282394334331
2025-04-21,Terrain leveling,Building,m3,36.13367092541397
2025-04-26,Laying steel rail,Railway,m,145.01147936793856
2025-10-24,Iron mining,Railway,m3,4102.335298933763
2025-09-19,Pavement,Road,m2,3766.538599035188
2025-09-20,Ballast,Railway,m3,3677.396871867444
2025-03-25,Cement making,Building,m3,908.4868192805678
2025-09-23,Iron mining,Railway,m3,699.2116670575149
2025-07-26,Rolling/Tractor,Road,m2,1043.8181492630565
2025-11-10,Pavement,Road,m2,2770.730052538595
2025-01-23,Iron mining,Railway,m3,256.44272521716806
2025-02-09,Removing trees,Building,m2,4488.852443491719
2025-01-15,Rolling/Tractor,Road,m2,333.46598066018583
2025-05-26,Walling,Building,m2,2517.669547139426
2025-05-07,Ballast,Railway,m3,4856.386320892659
2025-05-17,Cement making,Building,m3,3265.8933564465624
2025-08-15,Rolling/Tractor,Road,m2,2447.632396113185
2025-12-27,Removing trees,Building,m2,1846.684729464523
2025-12-19,Laying steel rail,Railway,m,3014.3531608197927
2025-09-15,Iron mining,Railway,m3,301.0053572367133
2025-09-20,Coat preparation,Road,L,3999.986973513412
2025-01-28,Terrain leveling,Building,m3,861.8894785446101
2025-06-05,Iron mining,Railway,m3,2244.3164372276083
2025-06-22,Cement making,Building,m3,2757.311683502612
2025-01-10,Rolling/Tractor,Road,m2,3049.8243972691484
2025-12-12,Subbase application,Road,m2,3796.156281551474
2025-12-28,Removing trees,Building,m2,738.4156696588701
2025-04-12,Laying steel rail,Railway,m,779.5878143702096
2025-04-18,Removing trees,Building,m2,4187.073330826101
2025-04-16,Laying steel rail,Railway,m,1825.17092330637
2025-10-03,Terrain leveling,Building,m3,3179.7453739340285
2025-09-26,Iron mining,Railway,m3,2601.552342417838
2025-05-27,Terrain leveling,Building,m3,1578.5642586521788
2025-01-09,Laying steel rail,Railway,m,4537.439909328113
2025-05-28,Rolling/Tractor,Road,m2,270.1108914150668
2025-03-20,Terrain leveling,Building,m3,3501.9054948059215
2025-06-24,Walling,Building,m2,1098.451380683384
2025-02-28,Rolling/Tractor,Road,m2,637.4915187916047
2025-05-23,Terrain leveling,Building,m3,3869.5716185752517
2025-02-25,Subbase application,Road,m2,3768.875779539012
2025-11-05,Ballast,Railway,m3,1361.969804894706
2025-07-01,Rolling/Tractor,Road,m2,2585.487532483878
2025-12-11,Removing trees,Building,m2,762.7539929894228
2025-01-22,Foundation pouring,Building,m3,3005.8855189084384
2025-06-11,Rolling/Tractor,Road,m2,3271.7527362544956
2025-02-01,Rolling/Tractor,Road,m2,1346.186601371721
2025-02-08,Foundation pouring,Building,m3,2778.834545032238
2025-02-16,Coat preparation,Road,L,127.54740556166544
2025-02-18,Pavement,Road,m2,3569.718009588676
2025-02-21,Foundation pouring,Building,m3,1233.6815994875349
2025-08-18,Laying steel rail,Railway,m,4297.754076292811
2025-05-01,Removing trees,Building,m2,255.55712439630952
2025-04-24,Laying steel rail,Railway,m,4865.076966710062
2025-08-16,Removing trees,Building,m2,995.5556002091947
2025-06-20,Walling,Building,m2,74.63986944136913
2025-02-12,Iron mining,Railway,m3,1428.146980728307
2025-10-16,Walling,Building,m2,2680.302261071619
2025-10-02,Walling,Building,m2,781.0791543107993
2025-11-22,Subbase application,Road,m2,1807.5754998724485
2025-03-19,Anchorage,Railway,m2,584.6191419634489
2025-12-14,Walling,Building,m2,4221.936069347009
2025-10-03,Subbase application,Road,m2,482.7993709298262
2025-04-17,Anchorage,Railway,m2,960.7736398932526
2025-10-02,Foundation pouring,Building,m3,4678.075446600985
2025-08-24,Ballast,Railway,m3,3841.905015561016
2025-10-04,Walling,Building,m2,3129.3459286000752
2025-12-14,Removing trees,Building,m2,3035.869739520048
2025-09-22,Anchorage,Railway,m2,4004.8159797694625
2025-03-23,Coat preparation,Road,L,1507.548441399688
2025-01-08,Walling,Building,m2,2539.5063096859994
2025-12-11,Cement making,Building,m3,4758.46929653102
2025-11-08,Laying steel rail,Railway,m,917.9780926513959
2025-08-11,Pavement,Road,m2,3044.8564511552236
2025-11-07,Anchorage,Railway,m2,2323.5998737367477
2025-07-25,Anchorage,Railway,m2,515.2457610803446
2025-05-27,Subbase application,Road,m2,3015.838406652104
2025-02-04,Cement making,Building,m3,4459.452676345495
2025-04-21,Rolling/Tractor,Road,m2,3537.9065968588106
2025-05-24,Ballast,Railway,m3,2838.79891382395
2025-10-03,Pavement,Road,m2,661.8039331136549
2025-11-21,Terrain leveling,Building,m3,2273.644762956656
2025-03-04,Coat preparation,Road,L,861.38125617295
2025-07-16,Terrain leveling,Building,m3,3793.149281491039
2025-07-22,Walling,Building,m2,4303.469465855043
2025-07-01,Cement making,Building,m3,2545.4077283435804
2025-04-05,Cement making,Building,m3,2071.1137147559693
2025-11-17,Anchorage,Railway,m2,4762.156775186476
2025-11-30,Rolling/Tractor,Road,m2,2512.21768639843
2025-11-24,Walling,Building,m2,3056.4492716290615
2025-07-08,Cement making,Building,m3,2843.969214770992
2025-09-26,Ballast,Railway,m3,1386.3174384096756
2025-08-31,Terrain leveling,Building,m3,1962.6940815512517
2025-09-22,Ballast,Railway,m3,1071.5507754433152
2025-08-08,Ballast,Railway,m3,3506.5709866785064
2025-08-29,Coat preparation,Road,L,3230.3036722565002
2025-09-21,Subbase application,Road,m2,713.0859088941971
2025-06-18,Coat preparation,Road,L,3080.163662025221
2025-08-05,Rolling/Tractor,Road,m2,1294.2638034314136
2025-05-11,Rolling/Tractor,Road,m2,4194.280324792672
2025-06-29,Laying steel rail,Railway,m,1132.4900449990566
2025-08-27,Foundation pouring,Building,m3,3033.778766407562
2025-10-13,Rolling/Tractor,Road,m2,961.9228405067504
2025-03-07,Laying steel rail,Railway,m,4706.441308348863
2025-11-28,Ballast,Railway,m3,3650.753340178177
2025-03-08,Coat preparation,Road,L,1788.879667380115
2025-04-20,Foundation pouring,Building,m3,3215.450623770137
2025-09-24,Cement making,Building,m3,352.3754244942978
2025-11-20,Subbase application,Road,m2,2179.020618991822
2025-04-08,Pavement,Road,m2,2755.3250190403223
2025-10-03,Iron mining,Railway,m3,4402.528655937308
2025-07-28,Foundation pouring,Building,m3,3808.7850866391886
2025-01-30,Subbase application,Road,m2,1565.8305271749816
2025-01-23,Anchorage,Railway,m2,2133.7981059239837
2025-07-02,Rolling/Tractor,Road,m2,2214.669269050955
2025-01-12,Iron mining,Railway,m3,2754.745622939837
2025-07-02,Removing trees,Building,m2,1813.9458141389498
2025-03-08,Foundation pouring,Building,m3,1603.497860692184
2025-11-25,Laying steel rail,Railway,m,809.8390847860181
2025-06-23,Rolling/Tractor,Road,m2,833.1044018236449
2025-02-26,Rolling/Tractor,Road,m2,2987.2100136313334
2025-08-27,Removing trees,Building,m2,1892.536952110957
2025-11-19,Anchorage,Railway,m2,4765.9016037996325
2025-06-25,Cement making,Building,m3,1727.7887288387967
2025-10-02,Removing trees,Building,m2,3784.5733579501066
2025-02-20,Laying steel rail,Railway,m,2328.550182888645
2025-04-16,Removing trees,Building,m2,4619.85259172992
2025-05-27,Anchorage,Railway,m2,3009.698231522066
2025-11-03,Coat preparation,Road,L,650.030262546823
2025-06-11,Iron mining,Railway,m3,4225.805621744766
2025-10-05,Removing trees,Building,m2,2436.3009140413524
2025-01-26,Ballast,Railway,m3,1584.5275046117613
2025-11-07,Terrain leveling,Building,m3,3022.5656279494424
2025-08-28,Walling,Building,m2,4817.650514286328
2025-10-15,Ballast,Railway,m3,3880.870652039978
2025-04-09,Pavement,Road,m2,1350.2765245274145
2025-05-25,Removing trees,Building,m2,3909.3059762864823
2025-03-07,Cement making,Building,m3,3389.413327804968
2025-12-10,Ballast,Railway,m3,3650.1794054510037
2025-10-19,Walling,Building,m2,1040.3687002902946
2025-09-10,Removing trees,Building,m2,3387.923383527155
2025-05-14,Ballast,Railway,m3,2306.9210193821737
2025-10-27,Pavement,Road,m2,3829.7728181975854
2025-10-15,Walling,Building,m2,1190.2146233754945
2025-03-26,Subbase application,Road,m2,910.9441682796581
2025-04-28,Ballast,Railway,m3,2769.5807980139066
2025-01-28,Iron mining,Railway,m3,4814.873333471596
2025-01-05,Terrain leveling,Building,m3,3720.7196787815565
2025-11-17,Coat preparation,Road,L,394.9627540197015
2025-08-31,Laying steel rail,Railway,m,3344.514778067086
2025-09-01,Foundation pouring,Building,m3,836.026180391779
2025-10-25,Walling,Building,m2,781.6496909688369
2025-03-16,Foundation pouring,Building,m3,31.863719708384863
2025-12-16,Rolling/Tractor,Road,m2,3659.5239932587947
2025-01-07,Removing trees,Building,m2,1882.7036524722203
2025-04-12,Ballast,Railway,m3,1240.9327291318723
2025-04-25,Iron mining,Railway,m3,1557.0076960834194
2025-09-25,Pavement,Road,m2,1047.6985357600622
2025-08-28,Removing trees,Building,m2,912.652779723066
2025-11-07,Rolling/Tractor,Road,m2,3542.8888001673895
2025-08-23,Walling,Building,m2,1350.9377378368358
2025-09-12,Ballast,Railway,m3,4445.278484609797
2025-03-12,Foundation pouring,Building,m3,4673.252920864083
2025-12-10,Coat preparation,Road,L,2589.0436067712476
2025-12-15,Pavement,Road,m2,3236.512477954796
2025-01-25,Removing trees,Building,m2,2446.910559752373
2025-09-03,Iron mining,Railway,m3,3243.369536363706
2025-04-27,Coat preparation,Road,L,819.5962777225113
2025-05-27,Terrain leveling,Building,m3,162.47790224827529
2025-06-13,Anchorage,Railway,m2,1118.7331653014094
2025-12-20,Pavement,Road,m2,2530.1744493479623
2025-04-22,Rolling/Tractor,Road,m2,4791.775179684035
2025-10-27,Laying steel rail,Railway,m,4137.336515420876
2025-01-08,Terrain leveling,Building,m3,1959.7626599713535
2025-10-10,Laying steel rail,Railway,m,425.1221280848816
2025-04-21,Coat preparation,Road,L,3263.22999871981
2025-06-30,Foundation pouring,Building,m3,793.9784392604488
2025-03-06,Coat preparation,Road,L,1285.8425142115354
2025-06-27,Iron mining,Railway,m3,1136.7547644877413
2025-12-07,Coat preparation,Road,L,1094.2729057522643
2025-03-28,Foundation pouring,Building,m3,1825.887718967853
2025-01-30,Terrain leveling,Building,m3,4287.955003964985
2025-11-18,Walling,Building,m2,3375.23039888573
2025-11-07,Ballast,Railway,m3,182.1943346660332
2025-03-07,Subbase application,Road,m2,239.83946957938485
2025-12-01,Subbase application,Road,m2,87.98590094106828
2025-07-07,Laying steel rail,Railway,m,1564.4473491872302
2025-10-07,Foundation pouring,Building,m3,4134.043579010372
2025-12-07,Cement making,Building,m3,4917.855522091358
2025-10-24,Cement making,Building,m3,3280.071033430398
2025-10-15,Iron mining,Railway,m3,102.36475873082462
2025-01-30,Foundation pouring,Building,m3,2471.1801591906997
2025-06-07,Anchorage,Railway,m2,2372.7879282560875
2025-09-22,Walling,Building,m2,2704.441621659339
2025-04-07,Removing trees,Building,m2,3878.5953422507564
2025-11-03,Iron mining,Railway,m3,2839.5626171946437
2025-08-08,Cement making,Building,m3,4817.249638477778
2025-09-20,Rolling/Tractor,Road,m2,4553.224651113252
2025-01-13,Removing trees,Building,m2,3790.571265889778
2025-08-03,Subbase application,Road,m2,974.1586831751198
2025-04-12,Ballast,Railway,m3,4744.715392224158
2025-04-18,Ballast,Railway,m3,4353.9468007743535
2025-03-23,Cement making,Building,m3,3875.564399607303
2025-11-13,Terrain leveling,Building,m3,3034.022185142869
2025-10-11,Terrain leveling,Building,m3,2144.4658297988194
2025-06-10,Laying steel rail,Railway,m,916.5236698927531
2025-04-17,Terrain leveling,Building,m3,1895.56496464427
2025-01-11,Ballast,Railway,m3,3386.4991134975485
2025-05-18,Cement making,Building,m3,1238.6505301950901
2025-06-03,Iron mining,Railway,m3,4963.309841764803
2025-05-30,Laying steel rail,Railway,m,2775.501499480612
2025-01-11,Foundation pouring,Building,m3,2974.6857617036326
2025-05-24,Walling,Building,m2,4240.0955886454285
2025-01-20,Subbase application,Road,m2,889.3232202483026
2025-05-27,Anchorage,Railway,m2,4202.510548213585
2025-10-10,Walling,Building,m2,4051.6789561167852
2025-10-20,Iron mining,Railway,m3,83.58577095959386
2025-08-22,Subbase application,Road,m2,1921.0446623347189
2025-08-29,Ballast,Railway,m3,944.9412293611625
2025-08-09,Coat preparation,Road,L,1308.3207369056133
2025-04-08,Foundation pouring,Building,m3,1381.1993419626444
2025-06-01,Coat preparation,Road,L,1857.2341882567089
2025-02-21,Laying steel rail,Railway,m,4044.5077962484784
2025-01-23,Foundation pouring,Building,m3,2258.054759761696
2025-12-24,Pavement,Road,m2,2993.8775067465317
2025-07-31,Cement making,Building,m3,583.9956696548331
2025-10-31,Removing trees,Building,m2,2973.476119373405
2025-06-17,Foundation pouring,Building,m3,1173.1752058398354
2025-05-03,Walling,Building,m2,596.7622774327668
2025-10-07,Rolling/Tractor,Road,m2,658.8566177727612
2025-05-15,Foundation pouring,Building,m3,3131.002086090271
2025-12-27,Ballast,Railway,m3,891.1632012831511
2025-02-27,Cement making,Building,m3,2444.9361866852432
2025-11-25,Iron mining,Railway,m3,3454.9231206334507
2025-01-12,Ballast,Railway,m3,2678.71088351353
2025-05-15,Ballast,Railway,m3,427.9700617175125
2025-06-25,Coat preparation,Road,L,2219.0503492587654
2025-01-16,Cement making,Building,m3,646.2078055549697
2025-03-08,Laying steel rail,Railway,m,1685.3372408804696
2025-05-14,Coat preparation,Road,L,3547.020346188752
2025-11-27,Anchorage,Railway,m2,346.92841099058126
2025-12-08,Removing trees,Building,m2,199.0152525305916
2025-03-19,Rolling/Tractor,Road,m2,2863.719480284032
2025-09-23,Rolling/Tractor,Road,m2,4238.372740820956
2025-03-19,Ballast,Railway,m3,557.5861990946512
2025-08-17,Laying steel rail,Railway,m,511.81260155057527
2025-02-28,Walling,Building,m2,1840.670827453298
2025-03-01,Walling,Building,m2,4461.888277611699
2025-07-22,Iron mining,Railway,m3,2628.206673111278
2025-04-28,Subbase application,Road,m2,1917.298505238837
2025-11-11,Removing trees,Building,m2,901.2231033139162
2025-03-25,Walling,Building,m2,2501.4237590630682
2025-07-15,Subbase application,Road,m2,1332.4637034147263
2025-07-16,Anchorage,Railway,m2,1425.4246372732587
2025-11-17,Ballast,Railway,m3,3493.4697258899773
2025-02-16,Iron mining,Railway,m3,1863.9777095451288
2025-06-26,Rolling/Tractor,Road,m2,490.18770562096023
2025-03-25,Rolling/Tractor,Road,m2,4344.912853843999
2025-07-08,Removing trees,Building,m2,2468.707529203061
2025-06-04,Subbase application,Road,m2,838.3832496896748
2025-10-21,Terrain leveling,Building,m3,4753.719281193618
2025-03-14,Anchorage,Railway,m2,273.3484159263361
2025-04-04,Iron mining,Railway,m3,3063.804854321347
2025-11-08,Ballast,Railway,m3,1602.5558148461632
2025-09-14,Coat preparation,Road,L,345.39705149630504
2025-01-26,Walling,Building,m2,892.2222689374315
2025-04-21,Terrain leveling,Building,m3,2008.7005781357032
2025-04-28,Walling,Building,m2,136.4663694131396
2025-06-03,Iron mining,Railway,m3,4383.479157476744
2025-04-16,Walling,Building,m2,3043.3297578590787
2025-05-22,Terrain leveling,Building,m3,1861.6643982266912
2025-04-04,Rolling/Tractor,Road,m2,4159.926803506834
2025-03-25,Terrain leveling,Building,m3,700.3983951229515
2025-09-16,Subbase application,Road,m2,2696.7275095576215
2025-11-15,Pavement,Road,m2,4738.425395039641
2025-06-09,Cement making,Building,m3,869.9367569153621
2025-07-17,Pavement,Road,m2,3167.601648035689
2025-06-11,Terrain leveling,Building,m3,3647.983752697984
2025-12-24,Terrain leveling,Building,m3,2008.5033474811642
2025-05-03,Terrain leveling,Building,m3,4401.755413018693
2025-01-15,Terrain leveling,Building,m3,495.3282176529966
2025-07-31,Removing trees,Building,m2,4103.75160150901
2025-05-16,Cement making,Building,m3,1283.0513126644937
2025-11-27,Anchorage,Railway,m2,4681.0271717789265
2025-05-06,Subbase application,Road,m2,4273.531909801693
2025-08-22,Subbase application,Road,m2,4729.7295371328755
2025-07-13,Cement making,Building,m3,4113.249249193228
2025-08-26,Subbase application,Road,m2,4671.201479627602
2025-09-23,Ballast,Railway,m3,4661.751517086969
2025-03-20,Walling,Building,m2,3243.865764729219
2025-03-15,Walling,Building,m2,2256.7585631491625
2025-08-21,Anchorage,Railway,m2,1951.154746898065
2025-05-19,Cement making,Building,m3,621.0900476639963
2025-08-22,Foundation pouring,Building,m3,3240.199745848055
2025-10-11,Anchorage,Railway,m2,2151.9813462851544
2025-11-26,Ballast,Railway,m3,3082.3333308668516
2025-02-14,Removing trees,Building,m2,3910.5603125441057
2025-02-15,Foundation pouring,Building,m3,3625.024838601036
2025-11-11,Subbase application,Road,m2,1365.8372210944303
2025-07-24,Ballast,Railway,m3,342.90098825658254
2025-01-26,Iron mining,Railway,m3,3242.909091003658
2025-10-23,Rolling/Tractor,Road,m2,4837.0940663371
2025-03-23,Coat preparation,Road,L,2250.503792168962
2025-06-27,Anchorage,Railway,m2,118.29126015603819
2025-05-26,Pavement,Road,m2,2011.631902439613
2025-01-26,Terrain leveling,Building,m3,3907.3808256970947
2025-02-20,Cement making,Building,m3,1858.038619114692
2025-06-18,Pavement,Road,m2,543.2243649063385
2025-06-16,Anchorage,Railway,m2,4861.243022744416
2025-02-21,Iron mining,Railway,m3,2391.4450803676496
2025-08-18,Rolling/Tractor,Road,m2,3319.029999712116
2025-12-29,Removing trees,Building,m2,2889.667221978995
2025-08-12,Iron mining,Railway,m3,76.96617459404919
2025-01-12,Terrain leveling,Building,m3,4278.743714612314
2025-03-25,Laying steel rail,Railway,m,2392.3981660215304
2025-01-05,Pavement,Road,m2,1688.3748407224668
2025-09-15,Walling,Building,m2,1317.8632741892877
2025-05-12,Terrain leveling,Building,m3,148.2658600876763
2025-10-25,Removing trees,Building,m2,3738.197883522813
2025-12-27,Terrain leveling,Building,m3,2658.5702575418045
2025-07-26,Removing trees,Building,m2,3609.0206143741493
2025-07-17,Walling,Building,m2,4098.657792590108
2025-10-24,Anchorage,Railway,m2,4653.746951796385
2025-11-15,Anchorage,Railway,m2,200.97815351603876
2025-12-16,Ballast,Railway,m3,4743.761968526423
2025-06-05,Coat preparation,Road,L,1333.5473897808824
2025-03-15,Anchorage,Railway,m2,4545.634059577549
2025-07-14,Cement making,Building,m3,2483.848073508016
2025-05-27,Removing trees,Building,m2,4325.961899108289
2025-03-02,Pavement,Road,m2,1729.0621243096837
2025-01-15,Foundation pouring,Building,m3,1286.133937978529
2025-02-15,Coat preparation,Road,L,2019.7606459435474
2025-07-20,Iron mining,Railway,m3,3605.3814066070704
2025-10-03,Subbase application,Road,m2,3250.5750204923934
2025-11-10,Removing trees,Building,m2,822.2867984736775
2025-04-08,Terrain leveling,Building,m3,3092.9308191921045
2025-06-22,Rolling/Tractor,Road,m2,25.552762128808748
2025-03-20,Coat preparation,Road,L,3719.505009415263
2025-11-17,Subbase application,Road,m2,3969.373472669516
2025-04-02,Ballast,Railway,m3,4452.38003235524
2025-09-24,Laying steel rail,Railway,m,1014.0882641437105
2025-01-18,Cement making,Building,m3,158.53199127948025
2025-02-09,Coat preparation,Road,L,4227.744715995502
2025-02-02,Cement making,Building,m3,1335.767820084443
2025-04-16,Rolling/Tractor,Road,m2,1999.393051937311
2025-02-06,Pavement,Road,m2,1764.8800148203702
2025-06-28,Ballast,Railway,m3,2712.94086010287
2025-07-16,Foundation pouring,Building,m3,131.83480591972386
2025-05-05,Terrain leveling,Building,m3,3935.6105410679866
2025-07-05,Pavement,Road,m2,476.3602301368752
2025-10-18,Anchorage,Railway,m2,883.7624501398006
2025-08-24,Terrain leveling,Building,m3,1826.3250639752537
2025-08-02,Subbase application,Road,m2,759.232738522565
2025-10-23,Coat preparation,Road,L,2103.652388539636
2025-05-12,Cement making,Building,m3,3691.4317298085552
2025-08-15,Ballast,Railway,m3,1806.9176329139698
2025-02-13,Foundation pouring,Building,m3,2186.1574085771235
2025-11-08,Subbase application,Road,m2,1104.8454625230204
2025-11-25,Ballast,Railway,m3,55.2090789435411
2025-04-10,Removing trees,Building,m2,3627.1128191933976
2025-11-05,Foundation pouring,Building,m3,2087.0776922251853
2025-06-24,Terrain leveling,Building,m3,3274.5453509793033
2025-06-23,Terrain leveling,Building,m3,4195.805513882338
2025-06-04,Terrain leveling,Building,m3,2947.1834641122764
2025-07-24,Rolling/Tractor,Road,m2,2351.9395103207353
2025-05-28,Terrain leveling,Building,m3,2909.8965052606936
2025-01-30,Coat preparation,Road,L,327.6610125474172
2025-01-09,Removing trees,Building,m2,82.21144199779762
2025-10-26,Foundation pouring,Building,m3,1670.8045343155115
2025-12-28,Subbase application,Road,m2,4399.654809668586
2025-10-16,Laying steel rail,Railway,m,4524.631273334037
2025-11-05,Walling,Building,m2,392.90080215427014
2025-07-24,Anchorage,Railway,m2,3018.8086339108936
2025-02-02,Cement making,Building,m3,2659.9869285783425
2025-03-20,Pavement,Road,m2,1230.8557471373156
2025-12-05,Foundation pouring,Building,m3,1154.2645663728297
2025-11-05,Removing trees,Building,m2,2837.005198414327
2025-02-13,Cement making,Building,m3,2411.960391488213
2025-09-05,Anchorage,Railway,m2,2889.55450564416
2025-11-27,Iron mining,Railway,m3,1530.4541353635925
2025-03-14,Ballast,Railway,m3,3948.73680515188
2025-04-19,Ballast,Railway,m3,2960.728628789443
2025-03-21,Terrain leveling,Building,m3,4507.226835839942
2025-09-24,Coat preparation,Road,L,3870.9082920590304
2025-01-28,Rolling/Tractor,Road,m2,3142.7790292918794
2025-08-11,Rolling/Tractor,Road,m2,2895.202940253151
2025-03-09,Coat preparation,Road,L,659.2047763777514
2025-03-01,Removing trees,Building,m2,4723.6667592083
2025-06-03,Terrain leveling,Building,m3,3089.851076216368
2025-10-08,Laying steel rail,Railway,m,2979.544563053638
2025-07-22,Rolling/Tractor,Road,m2,474.7373210314715
2025-07-27,Anchorage,Railway,m2,2736.105452311745
2025-10-25,Anchorage,Railway,m2,1838.1913817941982
2025-04-09,Laying steel rail,Railway,m,454.0958149122931
2025-04-02,Rolling/Tractor,Road,m2,1515.7604600520635
2025-08-21,Anchorage,Railway,m2,2981.5137467610775
2025-07-06,Foundation pouring,Building,m3,1556.745438521866
